"REF_DATE","GEO","DGUID","Labour force characteristics","Gender","Age group","Statistics","Data type","UOM","UOM_ID","SCALAR_FACTOR","SCALAR_ID","VECTOR","COORDINATE","VALUE","STATUS","SYMBOL","TERMINATED","DECIMALS"
"1980-01","Canada","2021A000011124","Population","Total - Gender","15 years and over","Estimate","Seasonally adjusted","Persons in thousands","428","thousands","3","v2062809","1.1.1.1.1.1","18317.9","","","","1"
"1980-02","Canada","2021A000011124","Population","Total - Gender","15 years and over","Estimate","Seasonally adjusted","Persons in thousands","428","thousands","3","v2062809","1.1.1.1.1.1","18346.4","","","","1"
"1980-03","Canada","2021A000011124","Population","Total - Gender","15 years and over","Estimate","Seasonally adjusted","Persons in thousands","428","thousands","3","v2062809","1.1.1.1.1.1","18373.9","","","","1"
"1980-04","Canada","2021A000011124","Population","Total - Gender","15 years and over","Estimate","Seasonally adjusted","Persons in thousands","428","thousands","3","v2062809","1.1.1.1.1.1","18407.7","","","","1"
"1980-05","Canada","2021A000011124","Population","Total - Gender","15 years and over","Estimate","Seasonally adjusted","Persons in thousands","428","thousands","3","v2062809","1.1.1.1.1.1","18437.0","","","","1"
"1980-06","Canada","2021A000011124","Population","Total - Gender","15 years and over","Estimate","Seasonally adjusted","Persons in thousands","428","thousands","3","v2062809","1.1.1.1.1.1","18474.1","","","","1"
"1980-07","Canada","2021A000011124","Population","Total - Gender","15 years and over","Estimate","Seasonally adjusted","Persons in thousands","428","thousands","3","v2062809","1.1.1.1.1.1","18501.1","","","","1"
"1980-08","Canada","2021A000011124","Population","Total - Gender","15 years and over","Estimate","Seasonally adjusted","Persons in thousands","428","thousands","3","v2062809","1.1.1.1.1.1","18529.0","","","","1"
"1980-09","Canada","2021A000011124","Population","Total - Gender","15 years and over","Estimate","Seasonally adjusted","Persons in thousands","428","thousands","3","v2062809","1.1.1.1.1.1","18564.0","","","","1"
"1980-10","Canada","2021A000011124","Population","Total - Gender","15 years and over","Estimate","Seasonally adjusted","Persons in thousands","428","thousands","3","v2062809","1.1.1.1.1.1","18591.5","","","","1"
"1980-11","Canada","2021A000011124","Population","Total - Gender","15 years and over","Estimate","Seasonally adjusted","Persons in thousands","428","thousands","3","v2062809","1.1.1.1.1.1","18617.4","","","","1"
"1980-12","Canada","2021A000011124","Population","Total - Gender","15 years and over","Estimate","Seasonally adjusted","Persons in thousands","428","thousands","3","v2062809","1.1.1.1.1.1","18642.6","","","","1"
"1981-01","Canada","2021A000011124","Population","Total - Gender","15 years and over","Estimate","Seasonally adjusted","Persons in thousands","428","thousands","3","v2062809","1.1.1.1.1.1","18671.8","","","","1"
"1981-02","Canada","2021A000011124","Population","Total - Gender","15 years and over","Estimate","Seasonally adjusted","Persons in thousands","428","thousands","3","v2062809","1.1.1.1.1.1","18700.6","","","","1"
"1981-03","Canada","2021A000011124","Population","Total - Gender","15 years and over","Estimate","Seasonally adjusted","Persons in thousands","428","thousands","3","v2062809","1.1.1.1.1.1","18725.0","","","","1"
"1981-04","Canada","2021A000011124","Population","Total - Gender","15 years and over","Estimate","Seasonally adjusted","Persons in thousands","428","thousands","3","v2062809","1.1.1.1.1.1","18749.9","","","","1"
"1981-05","Canada","2021A000011124","Population","Total - Gender","15 years and over","Estimate","Seasonally adjusted","Persons in thousands","428","thousands","3","v2062809","1.1.1.1.1.1","18775.2","","","","1"
"1981-06","Canada","2021A000011124","Population","Total - Gender","15 years and over","Estimate","Seasonally adjusted","Persons in thousands","428","thousands","3","v2062809","1.1.1.1.1.1","18806.1","","","","1"
"1981-07","Canada","2021A000011124","Population","Total - Gender","15 years and over","Estimate","Seasonally adjusted","Persons in thousands","428","thousands","3","v2062809","1.1.1.1.1.1","18829.0","","","","1"
"1981-08","Canada","2021A000011124","Population","Total - Gender","15 years and over","Estimate","Seasonally adjusted","Persons in thousands","428","thousands","3","v2062809","1.1.1.1.1.1","18852.5","","","","1"
"1981-09","Canada","2021A000011124","Population","Total - Gender","15 years and over","Estimate","Seasonally adjusted","Persons in thousands","428","thousands","3","v2062809","1.1.1.1.1.1","18880.8","","","","1"
"1981-10","Canada","2021A000011124","Population","Total - Gender","15 years and over","Estimate","Seasonally adjusted","Persons in thousands","428","thousands","3","v2062809","1.1.1.1.1.1","18904.4","","","","1"
"1981-11","Canada","2021A000011124","Population","Total - Gender","15 years and over","Estimate","Seasonally adjusted","Persons in thousands","428","thousands","3","v2062809","1.1.1.1.1.1","18927.1","","","","1"
"1981-12","Canada","2021A000011124","Population","Total - Gender","15 years and over","Estimate","Seasonally adjusted","Persons in thousands","428","thousands","3","v2062809","1.1.1.1.1.1","18949.7","","","","1"
"1982-01","Canada","2021A000011124","Population","Total - Gender","15 years and over","Estimate","Seasonally adjusted","Persons in thousands","428","thousands","3","v2062809","1.1.1.1.1.1","18976.3","","","","1"
"1982-02","Canada","2021A000011124","Population","Total - Gender","15 years and over","Estimate","Seasonally adjusted","Persons in thousands","428","thousands","3","v2062809","1.1.1.1.1.1","19001.7","","","","1"
"1982-03","Canada","2021A000011124","Population","Total - Gender","15 years and over","Estimate","Seasonally adjusted","Persons in thousands","428","thousands","3","v2062809","1.1.1.1.1.1","19023.7","","","","1"
"1982-04","Canada","2021A000011124","Population","Total - Gender","15 years and over","Estimate","Seasonally adjusted","Persons in thousands","428","thousands","3","v2062809","1.1.1.1.1.1","19045.6","","","","1"
"1982-05","Canada","2021A000011124","Population","Total - Gender","15 years and over","Estimate","Seasonally adjusted","Persons in thousands","428","thousands","3","v2062809","1.1.1.1.1.1","19068.3","","","","1"
"1982-06","Canada","2021A000011124","Population","Total - Gender","15 years and over","Estimate","Seasonally adjusted","Persons in thousands","428","thousands","3","v2062809","1.1.1.1.1.1","19096.2","","","","1"
"1982-07","Canada","2021A000011124","Population","Total - Gender","15 years and over","Estimate","Seasonally adjusted","Persons in thousands","428","thousands","3","v2062809","1.1.1.1.1.1","19115.7","","","","1"
"1982-08","Canada","2021A000011124","Population","Total - Gender","15 years and over","Estimate","Seasonally adjusted","Persons in thousands","428","thousands","3","v2062809","1.1.1.1.1.1","19142.0","","","","1"
"1982-09","Canada","2021A000011124","Population","Total - Gender","15 years and over","Estimate","Seasonally adjusted","Persons in thousands","428","thousands","3","v2062809","1.1.1.1.1.1","19162.5","","","","1"
"1982-10","Canada","2021A000011124","Population","Total - Gender","15 years and over","Estimate","Seasonally adjusted","Persons in thousands","428","thousands","3","v2062809","1.1.1.1.1.1","19183.2","","","","1"
"1982-11","Canada","2021A000011124","Population","Total - Gender","15 years and over","Estimate","Seasonally adjusted","Persons in thousands","428","thousands","3","v2062809","1.1.1.1.1.1","19203.3","","","","1"
"1982-12","Canada","2021A000011124","Population","Total - Gender","15 years and over","Estimate","Seasonally adjusted","Persons in thousands","428","thousands","3","v2062809","1.1.1.1.1.1","19222.6","","","","1"
"1983-01","Canada","2021A000011124","Population","Total - Gender","15 years and over","Estimate","Seasonally adjusted","Persons in thousands","428","thousands","3","v2062809","1.1.1.1.1.1","19244.2","","","","1"
"1983-02","Canada","2021A000011124","Population","Total - Gender","15 years and over","Estimate","Seasonally adjusted","Persons in thousands","428","thousands","3","v2062809","1.1.1.1.1.1","19266.5","","","","1"
"1983-03","Canada","2021A000011124","Population","Total - Gender","15 years and over","Estimate","Seasonally adjusted","Persons in thousands","428","thousands","3","v2062809","1.1.1.1.1.1","19285.1","","","","1"
"1983-04","Canada","2021A000011124","Population","Total - Gender","15 years and over","Estimate","Seasonally adjusted","Persons in thousands","428","thousands","3","v2062809","1.1.1.1.1.1","19304.2","","","","1"
"1983-05","Canada","2021A000011124","Population","Total - Gender","15 years and over","Estimate","Seasonally adjusted","Persons in thousands","428","thousands","3","v2062809","1.1.1.1.1.1","19328.1","","","","1"
"1983-06","Canada","2021A000011124","Population","Total - Gender","15 years and over","Estimate","Seasonally adjusted","Persons in thousands","428","thousands","3","v2062809","1.1.1.1.1.1","19346.5","","","","1"
"1983-07","Canada","2021A000011124","Population","Total - Gender","15 years and over","Estimate","Seasonally adjusted","Persons in thousands","428","thousands","3","v2062809","1.1.1.1.1.1","19363.3","","","","1"
"1983-08","Canada","2021A000011124","Population","Total - Gender","15 years and over","Estimate","Seasonally adjusted","Persons in thousands","428","thousands","3","v2062809","1.1.1.1.1.1","19386.4","","","","1"
"1983-09","Canada","2021A000011124","Population","Total - Gender","15 years and over","Estimate","Seasonally adjusted","Persons in thousands","428","thousands","3","v2062809","1.1.1.1.1.1","19405.3","","","","1"
"1983-10","Canada","2021A000011124","Population","Total - Gender","15 years and over","Estimate","Seasonally adjusted","Persons in thousands","428","thousands","3","v2062809","1.1.1.1.1.1","19424.2","","","","1"
"1983-11","Canada","2021A000011124","Population","Total - Gender","15 years and over","Estimate","Seasonally adjusted","Persons in thousands","428","thousands","3","v2062809","1.1.1.1.1.1","19443.7","","","","1"
"1983-12","Canada","2021A000011124","Population","Total - Gender","15 years and over","Estimate","Seasonally adjusted","Persons in thousands","428","thousands","3","v2062809","1.1.1.1.1.1","19462.2","","","","1"
"1984-01","Canada","2021A000011124","Population","Total - Gender","15 years and over","Estimate","Seasonally adjusted","Persons in thousands","428","thousands","3","v2062809","1.1.1.1.1.1","19483.7","","","","1"
"1984-02","Canada","2021A000011124","Population","Total - Gender","15 years and over","Estimate","Seasonally adjusted","Persons in thousands","428","thousands","3","v2062809","1.1.1.1.1.1","19506.2","","","","1"
"1984-03","Canada","2021A000011124","Population","Total - Gender","15 years and over","Estimate","Seasonally adjusted","Persons in thousands","428","thousands","3","v2062809","1.1.1.1.1.1","19524.2","","","","1"
"1984-04","Canada","2021A000011124","Population","Total - Gender","15 years and over","Estimate","Seasonally adjusted","Persons in thousands","428","thousands","3","v2062809","1.1.1.1.1.1","19546.8","","","","1"
"1984-05","Canada","2021A000011124","Population","Total - Gender","15 years and over","Estimate","Seasonally adjusted","Persons in thousands","428","thousands","3","v2062809","1.1.1.1.1.1","19566.7","","","","1"
"1984-06","Canada","2021A000011124","Population","Total - Gender","15 years and over","Estimate","Seasonally adjusted","Persons in thousands","428","thousands","3","v2062809","1.1.1.1.1.1","19586.5","","","","1"
"1984-07","Canada","2021A000011124","Population","Total - Gender","15 years and over","Estimate","Seasonally adjusted","Persons in thousands","428","thousands","3","v2062809","1.1.1.1.1.1","19609.7","","","","1"
"1984-08","Canada","2021A000011124","Population","Total - Gender","15 years and over","Estimate","Seasonally adjusted","Persons in thousands","428","thousands","3","v2062809","1.1.1.1.1.1","19628.8","","","","1"
"1984-09","Canada","2021A000011124","Population","Total - Gender","15 years and over","Estimate","Seasonally adjusted","Persons in thousands","428","thousands","3","v2062809","1.1.1.1.1.1","19648.2","","","","1"
"1984-10","Canada","2021A000011124","Population","Total - Gender","15 years and over","Estimate","Seasonally adjusted","Persons in thousands","428","thousands","3","v2062809","1.1.1.1.1.1","19672.4","","","","1"
"1984-11","Canada","2021A000011124","Population","Total - Gender","15 years and over","Estimate","Seasonally adjusted","Persons in thousands","428","thousands","3","v2062809","1.1.1.1.1.1","19691.5","","","","1"
"1984-12","Canada","2021A000011124","Population","Total - Gender","15 years and over","Estimate","Seasonally adjusted","Persons in thousands","428","thousands","3","v2062809","1.1.1.1.1.1","19709.6","","","","1"
"1985-01","Canada","2021A000011124","Population","Total - Gender","15 years and over","Estimate","Seasonally adjusted","Persons in thousands","428","thousands","3","v2062809","1.1.1.1.1.1","19730.9","","","","1"
"1985-02","Canada","2021A000011124","Population","Total - Gender","15 years and over","Estimate","Seasonally adjusted","Persons in thousands","428","thousands","3","v2062809","1.1.1.1.1.1","19748.6","","","","1"
"1985-03","Canada","2021A000011124","Population","Total - Gender","15 years and over","Estimate","Seasonally adjusted","Persons in thousands","428","thousands","3","v2062809","1.1.1.1.1.1","19766.5","","","","1"
"1985-04","Canada","2021A000011124","Population","Total - Gender","15 years and over","Estimate","Seasonally adjusted","Persons in thousands","428","thousands","3","v2062809","1.1.1.1.1.1","19789.4","","","","1"
"1985-05","Canada","2021A000011124","Population","Total - Gender","15 years and over","Estimate","Seasonally adjusted","Persons in thousands","428","thousands","3","v2062809","1.1.1.1.1.1","19809.0","","","","1"
"1985-06","Canada","2021A000011124","Population","Total - Gender","15 years and over","Estimate","Seasonally adjusted","Persons in thousands","428","thousands","3","v2062809","1.1.1.1.1.1","19828.7","","","","1"
"1985-07","Canada","2021A000011124","Population","Total - Gender","15 years and over","Estimate","Seasonally adjusted","Persons in thousands","428","thousands","3","v2062809","1.1.1.1.1.1","19852.4","","","","1"
"1985-08","Canada","2021A000011124","Population","Total - Gender","15 years and over","Estimate","Seasonally adjusted","Persons in thousands","428","thousands","3","v2062809","1.1.1.1.1.1","19872.8","","","","1"
"1985-09","Canada","2021A000011124","Population","Total - Gender","15 years and over","Estimate","Seasonally adjusted","Persons in thousands","428","thousands","3","v2062809","1.1.1.1.1.1","19898.7","","","","1"
"1985-10","Canada","2021A000011124","Population","Total - Gender","15 years and over","Estimate","Seasonally adjusted","Persons in thousands","428","thousands","3","v2062809","1.1.1.1.1.1","19919.1","","","","1"
"1985-11","Canada","2021A000011124","Population","Total - Gender","15 years and over","Estimate","Seasonally adjusted","Persons in thousands","428","thousands","3","v2062809","1.1.1.1.1.1","19939.6","","","","1"
"1985-12","Canada","2021A000011124","Population","Total - Gender","15 years and over","Estimate","Seasonally adjusted","Persons in thousands","428","thousands","3","v2062809","1.1.1.1.1.1","19958.2","","","","1"
"1986-01","Canada","2021A000011124","Population","Total - Gender","15 years and over","Estimate","Seasonally adjusted","Persons in thousands","428","thousands","3","v2062809","1.1.1.1.1.1","19981.2","","","","1"
"1986-02","Canada","2021A000011124","Population","Total - Gender","15 years and over","Estimate","Seasonally adjusted","Persons in thousands","428","thousands","3","v2062809","1.1.1.1.1.1","19999.0","","","","1"
"1986-03","Canada","2021A000011124","Population","Total - Gender","15 years and over","Estimate","Seasonally adjusted","Persons in thousands","428","thousands","3","v2062809","1.1.1.1.1.1","20017.2","","","","1"
"1986-04","Canada","2021A000011124","Population","Total - Gender","15 years and over","Estimate","Seasonally adjusted","Persons in thousands","428","thousands","3","v2062809","1.1.1.1.1.1","20041.3","","","","1"
"1986-05","Canada","2021A000011124","Population","Total - Gender","15 years and over","Estimate","Seasonally adjusted","Persons in thousands","428","thousands","3","v2062809","1.1.1.1.1.1","20062.1","","","","1"
"1986-06","Canada","2021A000011124","Population","Total - Gender","15 years and over","Estimate","Seasonally adjusted","Persons in thousands","428","thousands","3","v2062809","1.1.1.1.1.1","20087.6","","","","1"
"1986-07","Canada","2021A000011124","Population","Total - Gender","15 years and over","Estimate","Seasonally adjusted","Persons in thousands","428","thousands","3","v2062809","1.1.1.1.1.1","20105.9","","","","1"
"1986-08","Canada","2021A000011124","Population","Total - Gender","15 years and over","Estimate","Seasonally adjusted","Persons in thousands","428","thousands","3","v2062809","1.1.1.1.1.1","20124.5","","","","1"
"1986-09","Canada","2021A000011124","Population","Total - Gender","15 years and over","Estimate","Seasonally adjusted","Persons in thousands","428","thousands","3","v2062809","1.1.1.1.1.1","20147.1","","","","1"
"1986-10","Canada","2021A000011124","Population","Total - Gender","15 years and over","Estimate","Seasonally adjusted","Persons in thousands","428","thousands","3","v2062809","1.1.1.1.1.1","20165.8","","","","1"
"1986-11","Canada","2021A000011124","Population","Total - Gender","15 years and over","Estimate","Seasonally adjusted","Persons in thousands","428","thousands","3","v2062809","1.1.1.1.1.1","20183.9","","","","1"
"1986-12","Canada","2021A000011124","Population","Total - Gender","15 years and over","Estimate","Seasonally adjusted","Persons in thousands","428","thousands","3","v2062809","1.1.1.1.1.1","20202.6","","","","1"
"1987-01","Canada","2021A000011124","Population","Total - Gender","15 years and over","Estimate","Seasonally adjusted","Persons in thousands","428","thousands","3","v2062809","1.1.1.1.1.1","20225.3","","","","1"
"1987-02","Canada","2021A000011124","Population","Total - Gender","15 years and over","Estimate","Seasonally adjusted","Persons in thousands","428","thousands","3","v2062809","1.1.1.1.1.1","20248.6","","","","1"
"1987-03","Canada","2021A000011124","Population","Total - Gender","15 years and over","Estimate","Seasonally adjusted","Persons in thousands","428","thousands","3","v2062809","1.1.1.1.1.1","20268.9","","","","1"
"1987-04","Canada","2021A000011124","Population","Total - Gender","15 years and over","Estimate","Seasonally adjusted","Persons in thousands","428","thousands","3","v2062809","1.1.1.1.1.1","20289.9","","","","1"
"1987-05","Canada","2021A000011124","Population","Total - Gender","15 years and over","Estimate","Seasonally adjusted","Persons in thousands","428","thousands","3","v2062809","1.1.1.1.1.1","20311.5","","","","1"
"1987-06","Canada","2021A000011124","Population","Total - Gender","15 years and over","Estimate","Seasonally adjusted","Persons in thousands","428","thousands","3","v2062809","1.1.1.1.1.1","20339.2","","","","1"
"1987-07","Canada","2021A000011124","Population","Total - Gender","15 years and over","Estimate","Seasonally adjusted","Persons in thousands","428","thousands","3","v2062809","1.1.1.1.1.1","20360.6","","","","1"
"1987-08","Canada","2021A000011124","Population","Total - Gender","15 years and over","Estimate","Seasonally adjusted","Persons in thousands","428","thousands","3","v2062809","1.1.1.1.1.1","20381.6","","","","1"
"1987-09","Canada","2021A000011124","Population","Total - Gender","15 years and over","Estimate","Seasonally adjusted","Persons in thousands","428","thousands","3","v2062809","1.1.1.1.1.1","20408.3","","","","1"
"1987-10","Canada","2021A000011124","Population","Total - Gender","15 years and over","Estimate","Seasonally adjusted","Persons in thousands","428","thousands","3","v2062809","1.1.1.1.1.1","20428.5","","","","1"
"1987-11","Canada","2021A000011124","Population","Total - Gender","15 years and over","Estimate","Seasonally adjusted","Persons in thousands","428","thousands","3","v2062809","1.1.1.1.1.1","20448.3","","","","1"
"1987-12","Canada","2021A000011124","Population","Total - Gender","15 years and over","Estimate","Seasonally adjusted","Persons in thousands","428","thousands","3","v2062809","1.1.1.1.1.1","20467.1","","","","1"
"1988-01","Canada","2021A000011124","Population","Total - Gender","15 years and over","Estimate","Seasonally adjusted","Persons in thousands","428","thousands","3","v2062809","1.1.1.1.1.1","20489.4","","","","1"
"1988-02","Canada","2021A000011124","Population","Total - Gender","15 years and over","Estimate","Seasonally adjusted","Persons in thousands","428","thousands","3","v2062809","1.1.1.1.1.1","20510.8","","","","1"
"1988-03","Canada","2021A000011124","Population","Total - Gender","15 years and over","Estimate","Seasonally adjusted","Persons in thousands","428","thousands","3","v2062809","1.1.1.1.1.1","20530.0","","","","1"
"1988-04","Canada","2021A000011124","Population","Total - Gender","15 years and over","Estimate","Seasonally adjusted","Persons in thousands","428","thousands","3","v2062809","1.1.1.1.1.1","20550.6","","","","1"
"1988-05","Canada","2021A000011124","Population","Total - Gender","15 years and over","Estimate","Seasonally adjusted","Persons in thousands","428","thousands","3","v2062809","1.1.1.1.1.1","20577.9","","","","1"
"1988-06","Canada","2021A000011124","Population","Total - Gender","15 years and over","Estimate","Seasonally adjusted","Persons in thousands","428","thousands","3","v2062809","1.1.1.1.1.1","20600.0","","","","1"
"1988-07","Canada","2021A000011124","Population","Total - Gender","15 years and over","Estimate","Seasonally adjusted","Persons in thousands","428","thousands","3","v2062809","1.1.1.1.1.1","20622.0","","","","1"
"1988-08","Canada","2021A000011124","Population","Total - Gender","15 years and over","Estimate","Seasonally adjusted","Persons in thousands","428","thousands","3","v2062809","1.1.1.1.1.1","20650.4","","","","1"
"1988-09","Canada","2021A000011124","Population","Total - Gender","15 years and over","Estimate","Seasonally adjusted","Persons in thousands","428","thousands","3","v2062809","1.1.1.1.1.1","20672.5","","","","1"
"1988-10","Canada","2021A000011124","Population","Total - Gender","15 years and over","Estimate","Seasonally adjusted","Persons in thousands","428","thousands","3","v2062809","1.1.1.1.1.1","20693.6","","","","1"
"1988-11","Canada","2021A000011124","Population","Total - Gender","15 years and over","Estimate","Seasonally adjusted","Persons in thousands","428","thousands","3","v2062809","1.1.1.1.1.1","20714.3","","","","1"
"1988-12","Canada","2021A000011124","Population","Total - Gender","15 years and over","Estimate","Seasonally adjusted","Persons in thousands","428","thousands","3","v2062809","1.1.1.1.1.1","20734.5","","","","1"
"1989-01","Canada","2021A000011124","Population","Total - Gender","15 years and over","Estimate","Seasonally adjusted","Persons in thousands","428","thousands","3","v2062809","1.1.1.1.1.1","20763.1","","","","1"
"1989-02","Canada","2021A000011124","Population","Total - Gender","15 years and over","Estimate","Seasonally adjusted","Persons in thousands","428","thousands","3","v2062809","1.1.1.1.1.1","20783.3","","","","1"
"1989-03","Canada","2021A000011124","Population","Total - Gender","15 years and over","Estimate","Seasonally adjusted","Persons in thousands","428","thousands","3","v2062809","1.1.1.1.1.1","20805.4","","","","1"
"1989-04","Canada","2021A000011124","Population","Total - Gender","15 years and over","Estimate","Seasonally adjusted","Persons in thousands","428","thousands","3","v2062809","1.1.1.1.1.1","20828.2","","","","1"
"1989-05","Canada","2021A000011124","Population","Total - Gender","15 years and over","Estimate","Seasonally adjusted","Persons in thousands","428","thousands","3","v2062809","1.1.1.1.1.1","20858.6","","","","1"
"1989-06","Canada","2021A000011124","Population","Total - Gender","15 years and over","Estimate","Seasonally adjusted","Persons in thousands","428","thousands","3","v2062809","1.1.1.1.1.1","20883.0","","","","1"
"1989-07","Canada","2021A000011124","Population","Total - Gender","15 years and over","Estimate","Seasonally adjusted","Persons in thousands","428","thousands","3","v2062809","1.1.1.1.1.1","20907.8","","","","1"
"1989-08","Canada","2021A000011124","Population","Total - Gender","15 years and over","Estimate","Seasonally adjusted","Persons in thousands","428","thousands","3","v2062809","1.1.1.1.1.1","20938.9","","","","1"
"1989-09","Canada","2021A000011124","Population","Total - Gender","15 years and over","Estimate","Seasonally adjusted","Persons in thousands","428","thousands","3","v2062809","1.1.1.1.1.1","20963.6","","","","1"
"1989-10","Canada","2021A000011124","Population","Total - Gender","15 years and over","Estimate","Seasonally adjusted","Persons in thousands","428","thousands","3","v2062809","1.1.1.1.1.1","20993.6","","","","1"
"1989-11","Canada","2021A000011124","Population","Total - Gender","15 years and over","Estimate","Seasonally adjusted","Persons in thousands","428","thousands","3","v2062809","1.1.1.1.1.1","21017.0","","","","1"
"1989-12","Canada","2021A000011124","Population","Total - Gender","15 years and over","Estimate","Seasonally adjusted","Persons in thousands","428","thousands","3","v2062809","1.1.1.1.1.1","21039.1","","","","1"
"1990-01","Canada","2021A000011124","Population","Total - Gender","15 years and over","Estimate","Seasonally adjusted","Persons in thousands","428","thousands","3","v2062809","1.1.1.1.1.1","21064.5","","","","1"
"1990-02","Canada","2021A000011124","Population","Total - Gender","15 years and over","Estimate","Seasonally adjusted","Persons in thousands","428","thousands","3","v2062809","1.1.1.1.1.1","21085.8","","","","1"
"1990-03","Canada","2021A000011124","Population","Total - Gender","15 years and over","Estimate","Seasonally adjusted","Persons in thousands","428","thousands","3","v2062809","1.1.1.1.1.1","21109.5","","","","1"
"1990-04","Canada","2021A000011124","Population","Total - Gender","15 years and over","Estimate","Seasonally adjusted","Persons in thousands","428","thousands","3","v2062809","1.1.1.1.1.1","21142.7","","","","1"
"1990-05","Canada","2021A000011124","Population","Total - Gender","15 years and over","Estimate","Seasonally adjusted","Persons in thousands","428","thousands","3","v2062809","1.1.1.1.1.1","21170.0","","","","1"
"1990-06","Canada","2021A000011124","Population","Total - Gender","15 years and over","Estimate","Seasonally adjusted","Persons in thousands","428","thousands","3","v2062809","1.1.1.1.1.1","21197.5","","","","1"
"1990-07","Canada","2021A000011124","Population","Total - Gender","15 years and over","Estimate","Seasonally adjusted","Persons in thousands","428","thousands","3","v2062809","1.1.1.1.1.1","21233.1","","","","1"
"1990-08","Canada","2021A000011124","Population","Total - Gender","15 years and over","Estimate","Seasonally adjusted","Persons in thousands","428","thousands","3","v2062809","1.1.1.1.1.1","21261.0","","","","1"
"1990-09","Canada","2021A000011124","Population","Total - Gender","15 years and over","Estimate","Seasonally adjusted","Persons in thousands","428","thousands","3","v2062809","1.1.1.1.1.1","21286.8","","","","1"
"1990-10","Canada","2021A000011124","Population","Total - Gender","15 years and over","Estimate","Seasonally adjusted","Persons in thousands","428","thousands","3","v2062809","1.1.1.1.1.1","21317.2","","","","1"
"1990-11","Canada","2021A000011124","Population","Total - Gender","15 years and over","Estimate","Seasonally adjusted","Persons in thousands","428","thousands","3","v2062809","1.1.1.1.1.1","21342.5","","","","1"
"1990-12","Canada","2021A000011124","Population","Total - Gender","15 years and over","Estimate","Seasonally adjusted","Persons in thousands","428","thousands","3","v2062809","1.1.1.1.1.1","21366.2","","","","1"
"1991-01","Canada","2021A000011124","Population","Total - Gender","15 years and over","Estimate","Seasonally adjusted","Persons in thousands","428","thousands","3","v2062809","1.1.1.1.1.1","21394.7","","","","1"
"1991-02","Canada","2021A000011124","Population","Total - Gender","15 years and over","Estimate","Seasonally adjusted","Persons in thousands","428","thousands","3","v2062809","1.1.1.1.1.1","21418.6","","","","1"
"1991-03","Canada","2021A000011124","Population","Total - Gender","15 years and over","Estimate","Seasonally adjusted","Persons in thousands","428","thousands","3","v2062809","1.1.1.1.1.1","21443.8","","","","1"
"1991-04","Canada","2021A000011124","Population","Total - Gender","15 years and over","Estimate","Seasonally adjusted","Persons in thousands","428","thousands","3","v2062809","1.1.1.1.1.1","21475.8","","","","1"
"1991-05","Canada","2021A000011124","Population","Total - Gender","15 years and over","Estimate","Seasonally adjusted","Persons in thousands","428","thousands","3","v2062809","1.1.1.1.1.1","21502.0","","","","1"
"1991-06","Canada","2021A000011124","Population","Total - Gender","15 years and over","Estimate","Seasonally adjusted","Persons in thousands","428","thousands","3","v2062809","1.1.1.1.1.1","21528.2","","","","1"
"1991-07","Canada","2021A000011124","Population","Total - Gender","15 years and over","Estimate","Seasonally adjusted","Persons in thousands","428","thousands","3","v2062809","1.1.1.1.1.1","21553.8","","","","1"
"1991-08","Canada","2021A000011124","Population","Total - Gender","15 years and over","Estimate","Seasonally adjusted","Persons in thousands","428","thousands","3","v2062809","1.1.1.1.1.1","21571.3","","","","1"
"1991-09","Canada","2021A000011124","Population","Total - Gender","15 years and over","Estimate","Seasonally adjusted","Persons in thousands","428","thousands","3","v2062809","1.1.1.1.1.1","21595.6","","","","1"
"1991-10","Canada","2021A000011124","Population","Total - Gender","15 years and over","Estimate","Seasonally adjusted","Persons in thousands","428","thousands","3","v2062809","1.1.1.1.1.1","21614.4","","","","1"
"1991-11","Canada","2021A000011124","Population","Total - Gender","15 years and over","Estimate","Seasonally adjusted","Persons in thousands","428","thousands","3","v2062809","1.1.1.1.1.1","21638.0","","","","1"
"1991-12","Canada","2021A000011124","Population","Total - Gender","15 years and over","Estimate","Seasonally adjusted","Persons in thousands","428","thousands","3","v2062809","1.1.1.1.1.1","21663.5","","","","1"
"1992-01","Canada","2021A000011124","Population","Total - Gender","15 years and over","Estimate","Seasonally adjusted","Persons in thousands","428","thousands","3","v2062809","1.1.1.1.1.1","21689.1","","","","1"
"1992-02","Canada","2021A000011124","Population","Total - Gender","15 years and over","Estimate","Seasonally adjusted","Persons in thousands","428","thousands","3","v2062809","1.1.1.1.1.1","21706.9","","","","1"
"1992-03","Canada","2021A000011124","Population","Total - Gender","15 years and over","Estimate","Seasonally adjusted","Persons in thousands","428","thousands","3","v2062809","1.1.1.1.1.1","21735.9","","","","1"
"1992-04","Canada","2021A000011124","Population","Total - Gender","15 years and over","Estimate","Seasonally adjusted","Persons in thousands","428","thousands","3","v2062809","1.1.1.1.1.1","21759.0","","","","1"
"1992-05","Canada","2021A000011124","Population","Total - Gender","15 years and over","Estimate","Seasonally adjusted","Persons in thousands","428","thousands","3","v2062809","1.1.1.1.1.1","21782.8","","","","1"
"1992-06","Canada","2021A000011124","Population","Total - Gender","15 years and over","Estimate","Seasonally adjusted","Persons in thousands","428","thousands","3","v2062809","1.1.1.1.1.1","21811.7","","","","1"
"1992-07","Canada","2021A000011124","Population","Total - Gender","15 years and over","Estimate","Seasonally adjusted","Persons in thousands","428","thousands","3","v2062809","1.1.1.1.1.1","21835.0","","","","1"
"1992-08","Canada","2021A000011124","Population","Total - Gender","15 years and over","Estimate","Seasonally adjusted","Persons in thousands","428","thousands","3","v2062809","1.1.1.1.1.1","21857.6","","","","1"
"1992-09","Canada","2021A000011124","Population","Total - Gender","15 years and over","Estimate","Seasonally adjusted","Persons in thousands","428","thousands","3","v2062809","1.1.1.1.1.1","21885.1","","","","1"
"1992-10","Canada","2021A000011124","Population","Total - Gender","15 years and over","Estimate","Seasonally adjusted","Persons in thousands","428","thousands","3","v2062809","1.1.1.1.1.1","21906.4","","","","1"
"1992-11","Canada","2021A000011124","Population","Total - Gender","15 years and over","Estimate","Seasonally adjusted","Persons in thousands","428","thousands","3","v2062809","1.1.1.1.1.1","21926.2","","","","1"
"1992-12","Canada","2021A000011124","Population","Total - Gender","15 years and over","Estimate","Seasonally adjusted","Persons in thousands","428","thousands","3","v2062809","1.1.1.1.1.1","21946.2","","","","1"
"1993-01","Canada","2021A000011124","Population","Total - Gender","15 years and over","Estimate","Seasonally adjusted","Persons in thousands","428","thousands","3","v2062809","1.1.1.1.1.1","21969.3","","","","1"
"1993-02","Canada","2021A000011124","Population","Total - Gender","15 years and over","Estimate","Seasonally adjusted","Persons in thousands","428","thousands","3","v2062809","1.1.1.1.1.1","21991.1","","","","1"
"1993-03","Canada","2021A000011124","Population","Total - Gender","15 years and over","Estimate","Seasonally adjusted","Persons in thousands","428","thousands","3","v2062809","1.1.1.1.1.1","22012.4","","","","1"
"1993-04","Canada","2021A000011124","Population","Total - Gender","15 years and over","Estimate","Seasonally adjusted","Persons in thousands","428","thousands","3","v2062809","1.1.1.1.1.1","22032.8","","","","1"
"1993-05","Canada","2021A000011124","Population","Total - Gender","15 years and over","Estimate","Seasonally adjusted","Persons in thousands","428","thousands","3","v2062809","1.1.1.1.1.1","22053.5","","","","1"
"1993-06","Canada","2021A000011124","Population","Total - Gender","15 years and over","Estimate","Seasonally adjusted","Persons in thousands","428","thousands","3","v2062809","1.1.1.1.1.1","22082.6","","","","1"
"1993-07","Canada","2021A000011124","Population","Total - Gender","15 years and over","Estimate","Seasonally adjusted","Persons in thousands","428","thousands","3","v2062809","1.1.1.1.1.1","22104.9","","","","1"
"1993-08","Canada","2021A000011124","Population","Total - Gender","15 years and over","Estimate","Seasonally adjusted","Persons in thousands","428","thousands","3","v2062809","1.1.1.1.1.1","22132.2","","","","1"
"1993-09","Canada","2021A000011124","Population","Total - Gender","15 years and over","Estimate","Seasonally adjusted","Persons in thousands","428","thousands","3","v2062809","1.1.1.1.1.1","22154.2","","","","1"
"1993-10","Canada","2021A000011124","Population","Total - Gender","15 years and over","Estimate","Seasonally adjusted","Persons in thousands","428","thousands","3","v2062809","1.1.1.1.1.1","22174.9","","","","1"
"1993-11","Canada","2021A000011124","Population","Total - Gender","15 years and over","Estimate","Seasonally adjusted","Persons in thousands","428","thousands","3","v2062809","1.1.1.1.1.1","22193.6","","","","1"
"1993-12","Canada","2021A000011124","Population","Total - Gender","15 years and over","Estimate","Seasonally adjusted","Persons in thousands","428","thousands","3","v2062809","1.1.1.1.1.1","22212.9","","","","1"
"1994-01","Canada","2021A000011124","Population","Total - Gender","15 years and over","Estimate","Seasonally adjusted","Persons in thousands","428","thousands","3","v2062809","1.1.1.1.1.1","22233.7","","","","1"
"1994-02","Canada","2021A000011124","Population","Total - Gender","15 years and over","Estimate","Seasonally adjusted","Persons in thousands","428","thousands","3","v2062809","1.1.1.1.1.1","22256.4","","","","1"
"1994-03","Canada","2021A000011124","Population","Total - Gender","15 years and over","Estimate","Seasonally adjusted","Persons in thousands","428","thousands","3","v2062809","1.1.1.1.1.1","22279.1","","","","1"
"1994-04","Canada","2021A000011124","Population","Total - Gender","15 years and over","Estimate","Seasonally adjusted","Persons in thousands","428","thousands","3","v2062809","1.1.1.1.1.1","22302.6","","","","1"
"1994-05","Canada","2021A000011124","Population","Total - Gender","15 years and over","Estimate","Seasonally adjusted","Persons in thousands","428","thousands","3","v2062809","1.1.1.1.1.1","22332.6","","","","1"
"1994-06","Canada","2021A000011124","Population","Total - Gender","15 years and over","Estimate","Seasonally adjusted","Persons in thousands","428","thousands","3","v2062809","1.1.1.1.1.1","22356.2","","","","1"
"1994-07","Canada","2021A000011124","Population","Total - Gender","15 years and over","Estimate","Seasonally adjusted","Persons in thousands","428","thousands","3","v2062809","1.1.1.1.1.1","22380.7","","","","1"
"1994-08","Canada","2021A000011124","Population","Total - Gender","15 years and over","Estimate","Seasonally adjusted","Persons in thousands","428","thousands","3","v2062809","1.1.1.1.1.1","22411.1","","","","1"
"1994-09","Canada","2021A000011124","Population","Total - Gender","15 years and over","Estimate","Seasonally adjusted","Persons in thousands","428","thousands","3","v2062809","1.1.1.1.1.1","22433.5","","","","1"
"1994-10","Canada","2021A000011124","Population","Total - Gender","15 years and over","Estimate","Seasonally adjusted","Persons in thousands","428","thousands","3","v2062809","1.1.1.1.1.1","22455.2","","","","1"
"1994-11","Canada","2021A000011124","Population","Total - Gender","15 years and over","Estimate","Seasonally adjusted","Persons in thousands","428","thousands","3","v2062809","1.1.1.1.1.1","22476.2","","","","1"
"1994-12","Canada","2021A000011124","Population","Total - Gender","15 years and over","Estimate","Seasonally adjusted","Persons in thousands","428","thousands","3","v2062809","1.1.1.1.1.1","22495.7","","","","1"
"1995-01","Canada","2021A000011124","Population","Total - Gender","15 years and over","Estimate","Seasonally adjusted","Persons in thousands","428","thousands","3","v2062809","1.1.1.1.1.1","22524.7","","","","1"
"1995-02","Canada","2021A000011124","Population","Total - Gender","15 years and over","Estimate","Seasonally adjusted","Persons in thousands","428","thousands","3","v2062809","1.1.1.1.1.1","22545.8","","","","1"
"1995-03","Canada","2021A000011124","Population","Total - Gender","15 years and over","Estimate","Seasonally adjusted","Persons in thousands","428","thousands","3","v2062809","1.1.1.1.1.1","22568.6","","","","1"
"1995-04","Canada","2021A000011124","Population","Total - Gender","15 years and over","Estimate","Seasonally adjusted","Persons in thousands","428","thousands","3","v2062809","1.1.1.1.1.1","22592.9","","","","1"
"1995-05","Canada","2021A000011124","Population","Total - Gender","15 years and over","Estimate","Seasonally adjusted","Persons in thousands","428","thousands","3","v2062809","1.1.1.1.1.1","22623.5","","","","1"
"1995-06","Canada","2021A000011124","Population","Total - Gender","15 years and over","Estimate","Seasonally adjusted","Persons in thousands","428","thousands","3","v2062809","1.1.1.1.1.1","22647.9","","","","1"
"1995-07","Canada","2021A000011124","Population","Total - Gender","15 years and over","Estimate","Seasonally adjusted","Persons in thousands","428","thousands","3","v2062809","1.1.1.1.1.1","22672.6","","","","1"
"1995-08","Canada","2021A000011124","Population","Total - Gender","15 years and over","Estimate","Seasonally adjusted","Persons in thousands","428","thousands","3","v2062809","1.1.1.1.1.1","22702.9","","","","1"
"1995-09","Canada","2021A000011124","Population","Total - Gender","15 years and over","Estimate","Seasonally adjusted","Persons in thousands","428","thousands","3","v2062809","1.1.1.1.1.1","22725.8","","","","1"
"1995-10","Canada","2021A000011124","Population","Total - Gender","15 years and over","Estimate","Seasonally adjusted","Persons in thousands","428","thousands","3","v2062809","1.1.1.1.1.1","22749.7","","","","1"
"1995-11","Canada","2021A000011124","Population","Total - Gender","15 years and over","Estimate","Seasonally adjusted","Persons in thousands","428","thousands","3","v2062809","1.1.1.1.1.1","22772.3","","","","1"
"1995-12","Canada","2021A000011124","Population","Total - Gender","15 years and over","Estimate","Seasonally adjusted","Persons in thousands","428","thousands","3","v2062809","1.1.1.1.1.1","22793.6","","","","1"
"1996-01","Canada","2021A000011124","Population","Total - Gender","15 years and over","Estimate","Seasonally adjusted","Persons in thousands","428","thousands","3","v2062809","1.1.1.1.1.1","22821.0","","","","1"
"1996-02","Canada","2021A000011124","Population","Total - Gender","15 years and over","Estimate","Seasonally adjusted","Persons in thousands","428","thousands","3","v2062809","1.1.1.1.1.1","22844.7","","","","1"
"1996-03","Canada","2021A000011124","Population","Total - Gender","15 years and over","Estimate","Seasonally adjusted","Persons in thousands","428","thousands","3","v2062809","1.1.1.1.1.1","22868.7","","","","1"
"1996-04","Canada","2021A000011124","Population","Total - Gender","15 years and over","Estimate","Seasonally adjusted","Persons in thousands","428","thousands","3","v2062809","1.1.1.1.1.1","22892.2","","","","1"
"1996-05","Canada","2021A000011124","Population","Total - Gender","15 years and over","Estimate","Seasonally adjusted","Persons in thousands","428","thousands","3","v2062809","1.1.1.1.1.1","22922.4","","","","1"
"1996-06","Canada","2021A000011124","Population","Total - Gender","15 years and over","Estimate","Seasonally adjusted","Persons in thousands","428","thousands","3","v2062809","1.1.1.1.1.1","22945.9","","","","1"
"1996-07","Canada","2021A000011124","Population","Total - Gender","15 years and over","Estimate","Seasonally adjusted","Persons in thousands","428","thousands","3","v2062809","1.1.1.1.1.1","22976.2","","","","1"
"1996-08","Canada","2021A000011124","Population","Total - Gender","15 years and over","Estimate","Seasonally adjusted","Persons in thousands","428","thousands","3","v2062809","1.1.1.1.1.1","23000.0","","","","1"
"1996-09","Canada","2021A000011124","Population","Total - Gender","15 years and over","Estimate","Seasonally adjusted","Persons in thousands","428","thousands","3","v2062809","1.1.1.1.1.1","23028.4","","","","1"
"1996-10","Canada","2021A000011124","Population","Total - Gender","15 years and over","Estimate","Seasonally adjusted","Persons in thousands","428","thousands","3","v2062809","1.1.1.1.1.1","23050.4","","","","1"
"1996-11","Canada","2021A000011124","Population","Total - Gender","15 years and over","Estimate","Seasonally adjusted","Persons in thousands","428","thousands","3","v2062809","1.1.1.1.1.1","23071.9","","","","1"
"1996-12","Canada","2021A000011124","Population","Total - Gender","15 years and over","Estimate","Seasonally adjusted","Persons in thousands","428","thousands","3","v2062809","1.1.1.1.1.1","23092.0","","","","1"
"1997-01","Canada","2021A000011124","Population","Total - Gender","15 years and over","Estimate","Seasonally adjusted","Persons in thousands","428","thousands","3","v2062809","1.1.1.1.1.1","23114.7","","","","1"
"1997-02","Canada","2021A000011124","Population","Total - Gender","15 years and over","Estimate","Seasonally adjusted","Persons in thousands","428","thousands","3","v2062809","1.1.1.1.1.1","23134.5","","","","1"
"1997-03","Canada","2021A000011124","Population","Total - Gender","15 years and over","Estimate","Seasonally adjusted","Persons in thousands","428","thousands","3","v2062809","1.1.1.1.1.1","23156.3","","","","1"
"1997-04","Canada","2021A000011124","Population","Total - Gender","15 years and over","Estimate","Seasonally adjusted","Persons in thousands","428","thousands","3","v2062809","1.1.1.1.1.1","23185.1","","","","1"
"1997-05","Canada","2021A000011124","Population","Total - Gender","15 years and over","Estimate","Seasonally adjusted","Persons in thousands","428","thousands","3","v2062809","1.1.1.1.1.1","23208.6","","","","1"
"1997-06","Canada","2021A000011124","Population","Total - Gender","15 years and over","Estimate","Seasonally adjusted","Persons in thousands","428","thousands","3","v2062809","1.1.1.1.1.1","23237.4","","","","1"
"1997-07","Canada","2021A000011124","Population","Total - Gender","15 years and over","Estimate","Seasonally adjusted","Persons in thousands","428","thousands","3","v2062809","1.1.1.1.1.1","23260.1","","","","1"
"1997-08","Canada","2021A000011124","Population","Total - Gender","15 years and over","Estimate","Seasonally adjusted","Persons in thousands","428","thousands","3","v2062809","1.1.1.1.1.1","23283.5","","","","1"
"1997-09","Canada","2021A000011124","Population","Total - Gender","15 years and over","Estimate","Seasonally adjusted","Persons in thousands","428","thousands","3","v2062809","1.1.1.1.1.1","23312.7","","","","1"
"1997-10","Canada","2021A000011124","Population","Total - Gender","15 years and over","Estimate","Seasonally adjusted","Persons in thousands","428","thousands","3","v2062809","1.1.1.1.1.1","23335.3","","","","1"
"1997-11","Canada","2021A000011124","Population","Total - Gender","15 years and over","Estimate","Seasonally adjusted","Persons in thousands","428","thousands","3","v2062809","1.1.1.1.1.1","23356.4","","","","1"
"1997-12","Canada","2021A000011124","Population","Total - Gender","15 years and over","Estimate","Seasonally adjusted","Persons in thousands","428","thousands","3","v2062809","1.1.1.1.1.1","23375.4","","","","1"
"1998-01","Canada","2021A000011124","Population","Total - Gender","15 years and over","Estimate","Seasonally adjusted","Persons in thousands","428","thousands","3","v2062809","1.1.1.1.1.1","23397.5","","","","1"
"1998-02","Canada","2021A000011124","Population","Total - Gender","15 years and over","Estimate","Seasonally adjusted","Persons in thousands","428","thousands","3","v2062809","1.1.1.1.1.1","23419.2","","","","1"
"1998-03","Canada","2021A000011124","Population","Total - Gender","15 years and over","Estimate","Seasonally adjusted","Persons in thousands","428","thousands","3","v2062809","1.1.1.1.1.1","23438.6","","","","1"
"1998-04","Canada","2021A000011124","Population","Total - Gender","15 years and over","Estimate","Seasonally adjusted","Persons in thousands","428","thousands","3","v2062809","1.1.1.1.1.1","23459.9","","","","1"
"1998-05","Canada","2021A000011124","Population","Total - Gender","15 years and over","Estimate","Seasonally adjusted","Persons in thousands","428","thousands","3","v2062809","1.1.1.1.1.1","23482.1","","","","1"
"1998-06","Canada","2021A000011124","Population","Total - Gender","15 years and over","Estimate","Seasonally adjusted","Persons in thousands","428","thousands","3","v2062809","1.1.1.1.1.1","23509.5","","","","1"
"1998-07","Canada","2021A000011124","Population","Total - Gender","15 years and over","Estimate","Seasonally adjusted","Persons in thousands","428","thousands","3","v2062809","1.1.1.1.1.1","23528.9","","","","1"
"1998-08","Canada","2021A000011124","Population","Total - Gender","15 years and over","Estimate","Seasonally adjusted","Persons in thousands","428","thousands","3","v2062809","1.1.1.1.1.1","23547.6","","","","1"
"1998-09","Canada","2021A000011124","Population","Total - Gender","15 years and over","Estimate","Seasonally adjusted","Persons in thousands","428","thousands","3","v2062809","1.1.1.1.1.1","23572.2","","","","1"
"1998-10","Canada","2021A000011124","Population","Total - Gender","15 years and over","Estimate","Seasonally adjusted","Persons in thousands","428","thousands","3","v2062809","1.1.1.1.1.1","23592.3","","","","1"
"1998-11","Canada","2021A000011124","Population","Total - Gender","15 years and over","Estimate","Seasonally adjusted","Persons in thousands","428","thousands","3","v2062809","1.1.1.1.1.1","23611.5","","","","1"
"1998-12","Canada","2021A000011124","Population","Total - Gender","15 years and over","Estimate","Seasonally adjusted","Persons in thousands","428","thousands","3","v2062809","1.1.1.1.1.1","23629.5","","","","1"
"1999-01","Canada","2021A000011124","Population","Total - Gender","15 years and over","Estimate","Seasonally adjusted","Persons in thousands","428","thousands","3","v2062809","1.1.1.1.1.1","23650.9","","","","1"
"1999-02","Canada","2021A000011124","Population","Total - Gender","15 years and over","Estimate","Seasonally adjusted","Persons in thousands","428","thousands","3","v2062809","1.1.1.1.1.1","23672.2","","","","1"
"1999-03","Canada","2021A000011124","Population","Total - Gender","15 years and over","Estimate","Seasonally adjusted","Persons in thousands","428","thousands","3","v2062809","1.1.1.1.1.1","23693.5","","","","1"
"1999-04","Canada","2021A000011124","Population","Total - Gender","15 years and over","Estimate","Seasonally adjusted","Persons in thousands","428","thousands","3","v2062809","1.1.1.1.1.1","23716.0","","","","1"
"1999-05","Canada","2021A000011124","Population","Total - Gender","15 years and over","Estimate","Seasonally adjusted","Persons in thousands","428","thousands","3","v2062809","1.1.1.1.1.1","23739.9","","","","1"
"1999-06","Canada","2021A000011124","Population","Total - Gender","15 years and over","Estimate","Seasonally adjusted","Persons in thousands","428","thousands","3","v2062809","1.1.1.1.1.1","23769.7","","","","1"
"1999-07","Canada","2021A000011124","Population","Total - Gender","15 years and over","Estimate","Seasonally adjusted","Persons in thousands","428","thousands","3","v2062809","1.1.1.1.1.1","23792.9","","","","1"
"1999-08","Canada","2021A000011124","Population","Total - Gender","15 years and over","Estimate","Seasonally adjusted","Persons in thousands","428","thousands","3","v2062809","1.1.1.1.1.1","23820.6","","","","1"
"1999-09","Canada","2021A000011124","Population","Total - Gender","15 years and over","Estimate","Seasonally adjusted","Persons in thousands","428","thousands","3","v2062809","1.1.1.1.1.1","23844.8","","","","1"
"1999-10","Canada","2021A000011124","Population","Total - Gender","15 years and over","Estimate","Seasonally adjusted","Persons in thousands","428","thousands","3","v2062809","1.1.1.1.1.1","23869.2","","","","1"
"1999-11","Canada","2021A000011124","Population","Total - Gender","15 years and over","Estimate","Seasonally adjusted","Persons in thousands","428","thousands","3","v2062809","1.1.1.1.1.1","23892.8","","","","1"
"1999-12","Canada","2021A000011124","Population","Total - Gender","15 years and over","Estimate","Seasonally adjusted","Persons in thousands","428","thousands","3","v2062809","1.1.1.1.1.1","23915.0","","","","1"
"2000-01","Canada","2021A000011124","Population","Total - Gender","15 years and over","Estimate","Seasonally adjusted","Persons in thousands","428","thousands","3","v2062809","1.1.1.1.1.1","23937.8","","","","1"
"2000-02","Canada","2021A000011124","Population","Total - Gender","15 years and over","Estimate","Seasonally adjusted","Persons in thousands","428","thousands","3","v2062809","1.1.1.1.1.1","23963.5","","","","1"
"2000-03","Canada","2021A000011124","Population","Total - Gender","15 years and over","Estimate","Seasonally adjusted","Persons in thousands","428","thousands","3","v2062809","1.1.1.1.1.1","23988.6","","","","1"
"2000-04","Canada","2021A000011124","Population","Total - Gender","15 years and over","Estimate","Seasonally adjusted","Persons in thousands","428","thousands","3","v2062809","1.1.1.1.1.1","24014.6","","","","1"
"2000-05","Canada","2021A000011124","Population","Total - Gender","15 years and over","Estimate","Seasonally adjusted","Persons in thousands","428","thousands","3","v2062809","1.1.1.1.1.1","24048.5","","","","1"
"2000-06","Canada","2021A000011124","Population","Total - Gender","15 years and over","Estimate","Seasonally adjusted","Persons in thousands","428","thousands","3","v2062809","1.1.1.1.1.1","24076.3","","","","1"
"2000-07","Canada","2021A000011124","Population","Total - Gender","15 years and over","Estimate","Seasonally adjusted","Persons in thousands","428","thousands","3","v2062809","1.1.1.1.1.1","24102.5","","","","1"
"2000-08","Canada","2021A000011124","Population","Total - Gender","15 years and over","Estimate","Seasonally adjusted","Persons in thousands","428","thousands","3","v2062809","1.1.1.1.1.1","24134.6","","","","1"
"2000-09","Canada","2021A000011124","Population","Total - Gender","15 years and over","Estimate","Seasonally adjusted","Persons in thousands","428","thousands","3","v2062809","1.1.1.1.1.1","24162.1","","","","1"
"2000-10","Canada","2021A000011124","Population","Total - Gender","15 years and over","Estimate","Seasonally adjusted","Persons in thousands","428","thousands","3","v2062809","1.1.1.1.1.1","24189.6","","","","1"
"2000-11","Canada","2021A000011124","Population","Total - Gender","15 years and over","Estimate","Seasonally adjusted","Persons in thousands","428","thousands","3","v2062809","1.1.1.1.1.1","24216.4","","","","1"
"2000-12","Canada","2021A000011124","Population","Total - Gender","15 years and over","Estimate","Seasonally adjusted","Persons in thousands","428","thousands","3","v2062809","1.1.1.1.1.1","24241.9","","","","1"
"2001-01","Canada","2021A000011124","Population","Total - Gender","15 years and over","Estimate","Seasonally adjusted","Persons in thousands","428","thousands","3","v2062809","1.1.1.1.1.1","24255.3","","","","1"
"2001-02","Canada","2021A000011124","Population","Total - Gender","15 years and over","Estimate","Seasonally adjusted","Persons in thousands","428","thousands","3","v2062809","1.1.1.1.1.1","24280.4","","","","1"
"2001-03","Canada","2021A000011124","Population","Total - Gender","15 years and over","Estimate","Seasonally adjusted","Persons in thousands","428","thousands","3","v2062809","1.1.1.1.1.1","24308.1","","","","1"
"2001-04","Canada","2021A000011124","Population","Total - Gender","15 years and over","Estimate","Seasonally adjusted","Persons in thousands","428","thousands","3","v2062809","1.1.1.1.1.1","24344.9","","","","1"
"2001-05","Canada","2021A000011124","Population","Total - Gender","15 years and over","Estimate","Seasonally adjusted","Persons in thousands","428","thousands","3","v2062809","1.1.1.1.1.1","24375.1","","","","1"
"2001-06","Canada","2021A000011124","Population","Total - Gender","15 years and over","Estimate","Seasonally adjusted","Persons in thousands","428","thousands","3","v2062809","1.1.1.1.1.1","24406.3","","","","1"
"2001-07","Canada","2021A000011124","Population","Total - Gender","15 years and over","Estimate","Seasonally adjusted","Persons in thousands","428","thousands","3","v2062809","1.1.1.1.1.1","24442.1","","","","1"
"2001-08","Canada","2021A000011124","Population","Total - Gender","15 years and over","Estimate","Seasonally adjusted","Persons in thousands","428","thousands","3","v2062809","1.1.1.1.1.1","24470.7","","","","1"
"2001-09","Canada","2021A000011124","Population","Total - Gender","15 years and over","Estimate","Seasonally adjusted","Persons in thousands","428","thousands","3","v2062809","1.1.1.1.1.1","24498.4","","","","1"
"2001-10","Canada","2021A000011124","Population","Total - Gender","15 years and over","Estimate","Seasonally adjusted","Persons in thousands","428","thousands","3","v2062809","1.1.1.1.1.1","24525.1","","","","1"
"2001-11","Canada","2021A000011124","Population","Total - Gender","15 years and over","Estimate","Seasonally adjusted","Persons in thousands","428","thousands","3","v2062809","1.1.1.1.1.1","24550.9","","","","1"
"2001-12","Canada","2021A000011124","Population","Total - Gender","15 years and over","Estimate","Seasonally adjusted","Persons in thousands","428","thousands","3","v2062809","1.1.1.1.1.1","24575.0","","","","1"
"2002-01","Canada","2021A000011124","Population","Total - Gender","15 years and over","Estimate","Seasonally adjusted","Persons in thousands","428","thousands","3","v2062809","1.1.1.1.1.1","24608.4","","","","1"
"2002-02","Canada","2021A000011124","Population","Total - Gender","15 years and over","Estimate","Seasonally adjusted","Persons in thousands","428","thousands","3","v2062809","1.1.1.1.1.1","24634.0","","","","1"
"2002-03","Canada","2021A000011124","Population","Total - Gender","15 years and over","Estimate","Seasonally adjusted","Persons in thousands","428","thousands","3","v2062809","1.1.1.1.1.1","24662.4","","","","1"
"2002-04","Canada","2021A000011124","Population","Total - Gender","15 years and over","Estimate","Seasonally adjusted","Persons in thousands","428","thousands","3","v2062809","1.1.1.1.1.1","24699.4","","","","1"
"2002-05","Canada","2021A000011124","Population","Total - Gender","15 years and over","Estimate","Seasonally adjusted","Persons in thousands","428","thousands","3","v2062809","1.1.1.1.1.1","24729.8","","","","1"
"2002-06","Canada","2021A000011124","Population","Total - Gender","15 years and over","Estimate","Seasonally adjusted","Persons in thousands","428","thousands","3","v2062809","1.1.1.1.1.1","24761.0","","","","1"
"2002-07","Canada","2021A000011124","Population","Total - Gender","15 years and over","Estimate","Seasonally adjusted","Persons in thousands","428","thousands","3","v2062809","1.1.1.1.1.1","24795.8","","","","1"
"2002-08","Canada","2021A000011124","Population","Total - Gender","15 years and over","Estimate","Seasonally adjusted","Persons in thousands","428","thousands","3","v2062809","1.1.1.1.1.1","24818.6","","","","1"
"2002-09","Canada","2021A000011124","Population","Total - Gender","15 years and over","Estimate","Seasonally adjusted","Persons in thousands","428","thousands","3","v2062809","1.1.1.1.1.1","24845.8","","","","1"
"2002-10","Canada","2021A000011124","Population","Total - Gender","15 years and over","Estimate","Seasonally adjusted","Persons in thousands","428","thousands","3","v2062809","1.1.1.1.1.1","24868.1","","","","1"
"2002-11","Canada","2021A000011124","Population","Total - Gender","15 years and over","Estimate","Seasonally adjusted","Persons in thousands","428","thousands","3","v2062809","1.1.1.1.1.1","24889.7","","","","1"
"2002-12","Canada","2021A000011124","Population","Total - Gender","15 years and over","Estimate","Seasonally adjusted","Persons in thousands","428","thousands","3","v2062809","1.1.1.1.1.1","24909.8","","","","1"
"2003-01","Canada","2021A000011124","Population","Total - Gender","15 years and over","Estimate","Seasonally adjusted","Persons in thousands","428","thousands","3","v2062809","1.1.1.1.1.1","24932.7","","","","1"
"2003-02","Canada","2021A000011124","Population","Total - Gender","15 years and over","Estimate","Seasonally adjusted","Persons in thousands","428","thousands","3","v2062809","1.1.1.1.1.1","24953.8","","","","1"
"2003-03","Canada","2021A000011124","Population","Total - Gender","15 years and over","Estimate","Seasonally adjusted","Persons in thousands","428","thousands","3","v2062809","1.1.1.1.1.1","24978.6","","","","1"
"2003-04","Canada","2021A000011124","Population","Total - Gender","15 years and over","Estimate","Seasonally adjusted","Persons in thousands","428","thousands","3","v2062809","1.1.1.1.1.1","25009.7","","","","1"
"2003-05","Canada","2021A000011124","Population","Total - Gender","15 years and over","Estimate","Seasonally adjusted","Persons in thousands","428","thousands","3","v2062809","1.1.1.1.1.1","25035.1","","","","1"
"2003-06","Canada","2021A000011124","Population","Total - Gender","15 years and over","Estimate","Seasonally adjusted","Persons in thousands","428","thousands","3","v2062809","1.1.1.1.1.1","25068.7","","","","1"
"2003-07","Canada","2021A000011124","Population","Total - Gender","15 years and over","Estimate","Seasonally adjusted","Persons in thousands","428","thousands","3","v2062809","1.1.1.1.1.1","25095.9","","","","1"
"2003-08","Canada","2021A000011124","Population","Total - Gender","15 years and over","Estimate","Seasonally adjusted","Persons in thousands","428","thousands","3","v2062809","1.1.1.1.1.1","25121.7","","","","1"
"2003-09","Canada","2021A000011124","Population","Total - Gender","15 years and over","Estimate","Seasonally adjusted","Persons in thousands","428","thousands","3","v2062809","1.1.1.1.1.1","25154.0","","","","1"
"2003-10","Canada","2021A000011124","Population","Total - Gender","15 years and over","Estimate","Seasonally adjusted","Persons in thousands","428","thousands","3","v2062809","1.1.1.1.1.1","25179.6","","","","1"
"2003-11","Canada","2021A000011124","Population","Total - Gender","15 years and over","Estimate","Seasonally adjusted","Persons in thousands","428","thousands","3","v2062809","1.1.1.1.1.1","25203.7","","","","1"
"2003-12","Canada","2021A000011124","Population","Total - Gender","15 years and over","Estimate","Seasonally adjusted","Persons in thousands","428","thousands","3","v2062809","1.1.1.1.1.1","25225.6","","","","1"
"2004-01","Canada","2021A000011124","Population","Total - Gender","15 years and over","Estimate","Seasonally adjusted","Persons in thousands","428","thousands","3","v2062809","1.1.1.1.1.1","25250.0","","","","1"
"2004-02","Canada","2021A000011124","Population","Total - Gender","15 years and over","Estimate","Seasonally adjusted","Persons in thousands","428","thousands","3","v2062809","1.1.1.1.1.1","25276.5","","","","1"
"2004-03","Canada","2021A000011124","Population","Total - Gender","15 years and over","Estimate","Seasonally adjusted","Persons in thousands","428","thousands","3","v2062809","1.1.1.1.1.1","25302.8","","","","1"
"2004-04","Canada","2021A000011124","Population","Total - Gender","15 years and over","Estimate","Seasonally adjusted","Persons in thousands","428","thousands","3","v2062809","1.1.1.1.1.1","25330.1","","","","1"
"2004-05","Canada","2021A000011124","Population","Total - Gender","15 years and over","Estimate","Seasonally adjusted","Persons in thousands","428","thousands","3","v2062809","1.1.1.1.1.1","25358.7","","","","1"
"2004-06","Canada","2021A000011124","Population","Total - Gender","15 years and over","Estimate","Seasonally adjusted","Persons in thousands","428","thousands","3","v2062809","1.1.1.1.1.1","25395.6","","","","1"
"2004-07","Canada","2021A000011124","Population","Total - Gender","15 years and over","Estimate","Seasonally adjusted","Persons in thousands","428","thousands","3","v2062809","1.1.1.1.1.1","25425.1","","","","1"
"2004-08","Canada","2021A000011124","Population","Total - Gender","15 years and over","Estimate","Seasonally adjusted","Persons in thousands","428","thousands","3","v2062809","1.1.1.1.1.1","25459.9","","","","1"
"2004-09","Canada","2021A000011124","Population","Total - Gender","15 years and over","Estimate","Seasonally adjusted","Persons in thousands","428","thousands","3","v2062809","1.1.1.1.1.1","25487.3","","","","1"
"2004-10","Canada","2021A000011124","Population","Total - Gender","15 years and over","Estimate","Seasonally adjusted","Persons in thousands","428","thousands","3","v2062809","1.1.1.1.1.1","25513.4","","","","1"
"2004-11","Canada","2021A000011124","Population","Total - Gender","15 years and over","Estimate","Seasonally adjusted","Persons in thousands","428","thousands","3","v2062809","1.1.1.1.1.1","25537.2","","","","1"
"2004-12","Canada","2021A000011124","Population","Total - Gender","15 years and over","Estimate","Seasonally adjusted","Persons in thousands","428","thousands","3","v2062809","1.1.1.1.1.1","25560.2","","","","1"
"2005-01","Canada","2021A000011124","Population","Total - Gender","15 years and over","Estimate","Seasonally adjusted","Persons in thousands","428","thousands","3","v2062809","1.1.1.1.1.1","25585.5","","","","1"
"2005-02","Canada","2021A000011124","Population","Total - Gender","15 years and over","Estimate","Seasonally adjusted","Persons in thousands","428","thousands","3","v2062809","1.1.1.1.1.1","25613.5","","","","1"
"2005-03","Canada","2021A000011124","Population","Total - Gender","15 years and over","Estimate","Seasonally adjusted","Persons in thousands","428","thousands","3","v2062809","1.1.1.1.1.1","25640.9","","","","1"
"2005-04","Canada","2021A000011124","Population","Total - Gender","15 years and over","Estimate","Seasonally adjusted","Persons in thousands","428","thousands","3","v2062809","1.1.1.1.1.1","25668.9","","","","1"
"2005-05","Canada","2021A000011124","Population","Total - Gender","15 years and over","Estimate","Seasonally adjusted","Persons in thousands","428","thousands","3","v2062809","1.1.1.1.1.1","25706.5","","","","1"
"2005-06","Canada","2021A000011124","Population","Total - Gender","15 years and over","Estimate","Seasonally adjusted","Persons in thousands","428","thousands","3","v2062809","1.1.1.1.1.1","25738.6","","","","1"
"2005-07","Canada","2021A000011124","Population","Total - Gender","15 years and over","Estimate","Seasonally adjusted","Persons in thousands","428","thousands","3","v2062809","1.1.1.1.1.1","25771.7","","","","1"
"2005-08","Canada","2021A000011124","Population","Total - Gender","15 years and over","Estimate","Seasonally adjusted","Persons in thousands","428","thousands","3","v2062809","1.1.1.1.1.1","25810.4","","","","1"
"2005-09","Canada","2021A000011124","Population","Total - Gender","15 years and over","Estimate","Seasonally adjusted","Persons in thousands","428","thousands","3","v2062809","1.1.1.1.1.1","25839.5","","","","1"
"2005-10","Canada","2021A000011124","Population","Total - Gender","15 years and over","Estimate","Seasonally adjusted","Persons in thousands","428","thousands","3","v2062809","1.1.1.1.1.1","25867.3","","","","1"
"2005-11","Canada","2021A000011124","Population","Total - Gender","15 years and over","Estimate","Seasonally adjusted","Persons in thousands","428","thousands","3","v2062809","1.1.1.1.1.1","25894.4","","","","1"
"2005-12","Canada","2021A000011124","Population","Total - Gender","15 years and over","Estimate","Seasonally adjusted","Persons in thousands","428","thousands","3","v2062809","1.1.1.1.1.1","25918.9","","","","1"
"2006-01","Canada","2021A000011124","Population","Total - Gender","15 years and over","Estimate","Seasonally adjusted","Persons in thousands","428","thousands","3","v2062809","1.1.1.1.1.1","25953.3","","","","1"
"2006-02","Canada","2021A000011124","Population","Total - Gender","15 years and over","Estimate","Seasonally adjusted","Persons in thousands","428","thousands","3","v2062809","1.1.1.1.1.1","25978.8","","","","1"
"2006-03","Canada","2021A000011124","Population","Total - Gender","15 years and over","Estimate","Seasonally adjusted","Persons in thousands","428","thousands","3","v2062809","1.1.1.1.1.1","26007.0","","","","1"
"2006-04","Canada","2021A000011124","Population","Total - Gender","15 years and over","Estimate","Seasonally adjusted","Persons in thousands","428","thousands","3","v2062809","1.1.1.1.1.1","26036.5","","","","1"
"2006-05","Canada","2021A000011124","Population","Total - Gender","15 years and over","Estimate","Seasonally adjusted","Persons in thousands","428","thousands","3","v2062809","1.1.1.1.1.1","26074.9","","","","1"
"2006-06","Canada","2021A000011124","Population","Total - Gender","15 years and over","Estimate","Seasonally adjusted","Persons in thousands","428","thousands","3","v2062809","1.1.1.1.1.1","26106.8","","","","1"
"2006-07","Canada","2021A000011124","Population","Total - Gender","15 years and over","Estimate","Seasonally adjusted","Persons in thousands","428","thousands","3","v2062809","1.1.1.1.1.1","26139.1","","","","1"
"2006-08","Canada","2021A000011124","Population","Total - Gender","15 years and over","Estimate","Seasonally adjusted","Persons in thousands","428","thousands","3","v2062809","1.1.1.1.1.1","26177.3","","","","1"
"2006-09","Canada","2021A000011124","Population","Total - Gender","15 years and over","Estimate","Seasonally adjusted","Persons in thousands","428","thousands","3","v2062809","1.1.1.1.1.1","26206.5","","","","1"
"2006-10","Canada","2021A000011124","Population","Total - Gender","15 years and over","Estimate","Seasonally adjusted","Persons in thousands","428","thousands","3","v2062809","1.1.1.1.1.1","26234.1","","","","1"
"2006-11","Canada","2021A000011124","Population","Total - Gender","15 years and over","Estimate","Seasonally adjusted","Persons in thousands","428","thousands","3","v2062809","1.1.1.1.1.1","26260.8","","","","1"
"2006-12","Canada","2021A000011124","Population","Total - Gender","15 years and over","Estimate","Seasonally adjusted","Persons in thousands","428","thousands","3","v2062809","1.1.1.1.1.1","26285.9","","","","1"
"2007-01","Canada","2021A000011124","Population","Total - Gender","15 years and over","Estimate","Seasonally adjusted","Persons in thousands","428","thousands","3","v2062809","1.1.1.1.1.1","26314.7","","","","1"
"2007-02","Canada","2021A000011124","Population","Total - Gender","15 years and over","Estimate","Seasonally adjusted","Persons in thousands","428","thousands","3","v2062809","1.1.1.1.1.1","26335.5","","","","1"
"2007-03","Canada","2021A000011124","Population","Total - Gender","15 years and over","Estimate","Seasonally adjusted","Persons in thousands","428","thousands","3","v2062809","1.1.1.1.1.1","26359.9","","","","1"
"2007-04","Canada","2021A000011124","Population","Total - Gender","15 years and over","Estimate","Seasonally adjusted","Persons in thousands","428","thousands","3","v2062809","1.1.1.1.1.1","26391.4","","","","1"
"2007-05","Canada","2021A000011124","Population","Total - Gender","15 years and over","Estimate","Seasonally adjusted","Persons in thousands","428","thousands","3","v2062809","1.1.1.1.1.1","26419.3","","","","1"
"2007-06","Canada","2021A000011124","Population","Total - Gender","15 years and over","Estimate","Seasonally adjusted","Persons in thousands","428","thousands","3","v2062809","1.1.1.1.1.1","26449.3","","","","1"
"2007-07","Canada","2021A000011124","Population","Total - Gender","15 years and over","Estimate","Seasonally adjusted","Persons in thousands","428","thousands","3","v2062809","1.1.1.1.1.1","26486.5","","","","1"
"2007-08","Canada","2021A000011124","Population","Total - Gender","15 years and over","Estimate","Seasonally adjusted","Persons in thousands","428","thousands","3","v2062809","1.1.1.1.1.1","26517.5","","","","1"
"2007-09","Canada","2021A000011124","Population","Total - Gender","15 years and over","Estimate","Seasonally adjusted","Persons in thousands","428","thousands","3","v2062809","1.1.1.1.1.1","26547.0","","","","1"
"2007-10","Canada","2021A000011124","Population","Total - Gender","15 years and over","Estimate","Seasonally adjusted","Persons in thousands","428","thousands","3","v2062809","1.1.1.1.1.1","26576.0","","","","1"
"2007-11","Canada","2021A000011124","Population","Total - Gender","15 years and over","Estimate","Seasonally adjusted","Persons in thousands","428","thousands","3","v2062809","1.1.1.1.1.1","26603.7","","","","1"
"2007-12","Canada","2021A000011124","Population","Total - Gender","15 years and over","Estimate","Seasonally adjusted","Persons in thousands","428","thousands","3","v2062809","1.1.1.1.1.1","26629.2","","","","1"
"2008-01","Canada","2021A000011124","Population","Total - Gender","15 years and over","Estimate","Seasonally adjusted","Persons in thousands","428","thousands","3","v2062809","1.1.1.1.1.1","26659.0","","","","1"
"2008-02","Canada","2021A000011124","Population","Total - Gender","15 years and over","Estimate","Seasonally adjusted","Persons in thousands","428","thousands","3","v2062809","1.1.1.1.1.1","26683.2","","","","1"
"2008-03","Canada","2021A000011124","Population","Total - Gender","15 years and over","Estimate","Seasonally adjusted","Persons in thousands","428","thousands","3","v2062809","1.1.1.1.1.1","26710.7","","","","1"
"2008-04","Canada","2021A000011124","Population","Total - Gender","15 years and over","Estimate","Seasonally adjusted","Persons in thousands","428","thousands","3","v2062809","1.1.1.1.1.1","26744.9","","","","1"
"2008-05","Canada","2021A000011124","Population","Total - Gender","15 years and over","Estimate","Seasonally adjusted","Persons in thousands","428","thousands","3","v2062809","1.1.1.1.1.1","26775.5","","","","1"
"2008-06","Canada","2021A000011124","Population","Total - Gender","15 years and over","Estimate","Seasonally adjusted","Persons in thousands","428","thousands","3","v2062809","1.1.1.1.1.1","26816.1","","","","1"
"2008-07","Canada","2021A000011124","Population","Total - Gender","15 years and over","Estimate","Seasonally adjusted","Persons in thousands","428","thousands","3","v2062809","1.1.1.1.1.1","26849.8","","","","1"
"2008-08","Canada","2021A000011124","Population","Total - Gender","15 years and over","Estimate","Seasonally adjusted","Persons in thousands","428","thousands","3","v2062809","1.1.1.1.1.1","26881.7","","","","1"
"2008-09","Canada","2021A000011124","Population","Total - Gender","15 years and over","Estimate","Seasonally adjusted","Persons in thousands","428","thousands","3","v2062809","1.1.1.1.1.1","26918.4","","","","1"
"2008-10","Canada","2021A000011124","Population","Total - Gender","15 years and over","Estimate","Seasonally adjusted","Persons in thousands","428","thousands","3","v2062809","1.1.1.1.1.1","26948.5","","","","1"
"2008-11","Canada","2021A000011124","Population","Total - Gender","15 years and over","Estimate","Seasonally adjusted","Persons in thousands","428","thousands","3","v2062809","1.1.1.1.1.1","26976.8","","","","1"
"2008-12","Canada","2021A000011124","Population","Total - Gender","15 years and over","Estimate","Seasonally adjusted","Persons in thousands","428","thousands","3","v2062809","1.1.1.1.1.1","27003.2","","","","1"
"2009-01","Canada","2021A000011124","Population","Total - Gender","15 years and over","Estimate","Seasonally adjusted","Persons in thousands","428","thousands","3","v2062809","1.1.1.1.1.1","27030.7","","","","1"
"2009-02","Canada","2021A000011124","Population","Total - Gender","15 years and over","Estimate","Seasonally adjusted","Persons in thousands","428","thousands","3","v2062809","1.1.1.1.1.1","27061.0","","","","1"
"2009-03","Canada","2021A000011124","Population","Total - Gender","15 years and over","Estimate","Seasonally adjusted","Persons in thousands","428","thousands","3","v2062809","1.1.1.1.1.1","27090.1","","","","1"
"2009-04","Canada","2021A000011124","Population","Total - Gender","15 years and over","Estimate","Seasonally adjusted","Persons in thousands","428","thousands","3","v2062809","1.1.1.1.1.1","27120.6","","","","1"
"2009-05","Canada","2021A000011124","Population","Total - Gender","15 years and over","Estimate","Seasonally adjusted","Persons in thousands","428","thousands","3","v2062809","1.1.1.1.1.1","27152.3","","","","1"
"2009-06","Canada","2021A000011124","Population","Total - Gender","15 years and over","Estimate","Seasonally adjusted","Persons in thousands","428","thousands","3","v2062809","1.1.1.1.1.1","27193.6","","","","1"
"2009-07","Canada","2021A000011124","Population","Total - Gender","15 years and over","Estimate","Seasonally adjusted","Persons in thousands","428","thousands","3","v2062809","1.1.1.1.1.1","27226.9","","","","1"
"2009-08","Canada","2021A000011124","Population","Total - Gender","15 years and over","Estimate","Seasonally adjusted","Persons in thousands","428","thousands","3","v2062809","1.1.1.1.1.1","27259.5","","","","1"
"2009-09","Canada","2021A000011124","Population","Total - Gender","15 years and over","Estimate","Seasonally adjusted","Persons in thousands","428","thousands","3","v2062809","1.1.1.1.1.1","27297.2","","","","1"
"2009-10","Canada","2021A000011124","Population","Total - Gender","15 years and over","Estimate","Seasonally adjusted","Persons in thousands","428","thousands","3","v2062809","1.1.1.1.1.1","27326.6","","","","1"
"2009-11","Canada","2021A000011124","Population","Total - Gender","15 years and over","Estimate","Seasonally adjusted","Persons in thousands","428","thousands","3","v2062809","1.1.1.1.1.1","27353.1","","","","1"
"2009-12","Canada","2021A000011124","Population","Total - Gender","15 years and over","Estimate","Seasonally adjusted","Persons in thousands","428","thousands","3","v2062809","1.1.1.1.1.1","27377.1","","","","1"
"2010-01","Canada","2021A000011124","Population","Total - Gender","15 years and over","Estimate","Seasonally adjusted","Persons in thousands","428","thousands","3","v2062809","1.1.1.1.1.1","27403.5","","","","1"
"2010-02","Canada","2021A000011124","Population","Total - Gender","15 years and over","Estimate","Seasonally adjusted","Persons in thousands","428","thousands","3","v2062809","1.1.1.1.1.1","27432.0","","","","1"
"2010-03","Canada","2021A000011124","Population","Total - Gender","15 years and over","Estimate","Seasonally adjusted","Persons in thousands","428","thousands","3","v2062809","1.1.1.1.1.1","27460.8","","","","1"
"2010-04","Canada","2021A000011124","Population","Total - Gender","15 years and over","Estimate","Seasonally adjusted","Persons in thousands","428","thousands","3","v2062809","1.1.1.1.1.1","27491.0","","","","1"
"2010-05","Canada","2021A000011124","Population","Total - Gender","15 years and over","Estimate","Seasonally adjusted","Persons in thousands","428","thousands","3","v2062809","1.1.1.1.1.1","27522.5","","","","1"
"2010-06","Canada","2021A000011124","Population","Total - Gender","15 years and over","Estimate","Seasonally adjusted","Persons in thousands","428","thousands","3","v2062809","1.1.1.1.1.1","27563.6","","","","1"
"2010-07","Canada","2021A000011124","Population","Total - Gender","15 years and over","Estimate","Seasonally adjusted","Persons in thousands","428","thousands","3","v2062809","1.1.1.1.1.1","27597.8","","","","1"
"2010-08","Canada","2021A000011124","Population","Total - Gender","15 years and over","Estimate","Seasonally adjusted","Persons in thousands","428","thousands","3","v2062809","1.1.1.1.1.1","27635.9","","","","1"
"2010-09","Canada","2021A000011124","Population","Total - Gender","15 years and over","Estimate","Seasonally adjusted","Persons in thousands","428","thousands","3","v2062809","1.1.1.1.1.1","27664.2","","","","1"
"2010-10","Canada","2021A000011124","Population","Total - Gender","15 years and over","Estimate","Seasonally adjusted","Persons in thousands","428","thousands","3","v2062809","1.1.1.1.1.1","27690.7","","","","1"
"2010-11","Canada","2021A000011124","Population","Total - Gender","15 years and over","Estimate","Seasonally adjusted","Persons in thousands","428","thousands","3","v2062809","1.1.1.1.1.1","27714.9","","","","1"
"2010-12","Canada","2021A000011124","Population","Total - Gender","15 years and over","Estimate","Seasonally adjusted","Persons in thousands","428","thousands","3","v2062809","1.1.1.1.1.1","27737.1","","","","1"
"2011-01","Canada","2021A000011124","Population","Total - Gender","15 years and over","Estimate","Seasonally adjusted","Persons in thousands","428","thousands","3","v2062809","1.1.1.1.1.1","27758.7","","","","1"
"2011-02","Canada","2021A000011124","Population","Total - Gender","15 years and over","Estimate","Seasonally adjusted","Persons in thousands","428","thousands","3","v2062809","1.1.1.1.1.1","27781.2","","","","1"
"2011-03","Canada","2021A000011124","Population","Total - Gender","15 years and over","Estimate","Seasonally adjusted","Persons in thousands","428","thousands","3","v2062809","1.1.1.1.1.1","27804.5","","","","1"
"2011-04","Canada","2021A000011124","Population","Total - Gender","15 years and over","Estimate","Seasonally adjusted","Persons in thousands","428","thousands","3","v2062809","1.1.1.1.1.1","27829.6","","","","1"
"2011-05","Canada","2021A000011124","Population","Total - Gender","15 years and over","Estimate","Seasonally adjusted","Persons in thousands","428","thousands","3","v2062809","1.1.1.1.1.1","27861.0","","","","1"
"2011-06","Canada","2021A000011124","Population","Total - Gender","15 years and over","Estimate","Seasonally adjusted","Persons in thousands","428","thousands","3","v2062809","1.1.1.1.1.1","27885.9","","","","1"
"2011-07","Canada","2021A000011124","Population","Total - Gender","15 years and over","Estimate","Seasonally adjusted","Persons in thousands","428","thousands","3","v2062809","1.1.1.1.1.1","27913.7","","","","1"
"2011-08","Canada","2021A000011124","Population","Total - Gender","15 years and over","Estimate","Seasonally adjusted","Persons in thousands","428","thousands","3","v2062809","1.1.1.1.1.1","27948.7","","","","1"
"2011-09","Canada","2021A000011124","Population","Total - Gender","15 years and over","Estimate","Seasonally adjusted","Persons in thousands","428","thousands","3","v2062809","1.1.1.1.1.1","27975.4","","","","1"
"2011-10","Canada","2021A000011124","Population","Total - Gender","15 years and over","Estimate","Seasonally adjusted","Persons in thousands","428","thousands","3","v2062809","1.1.1.1.1.1","28000.7","","","","1"
"2011-11","Canada","2021A000011124","Population","Total - Gender","15 years and over","Estimate","Seasonally adjusted","Persons in thousands","428","thousands","3","v2062809","1.1.1.1.1.1","28025.4","","","","1"
"2011-12","Canada","2021A000011124","Population","Total - Gender","15 years and over","Estimate","Seasonally adjusted","Persons in thousands","428","thousands","3","v2062809","1.1.1.1.1.1","28049.2","","","","1"
"2012-01","Canada","2021A000011124","Population","Total - Gender","15 years and over","Estimate","Seasonally adjusted","Persons in thousands","428","thousands","3","v2062809","1.1.1.1.1.1","28074.2","","","","1"
"2012-02","Canada","2021A000011124","Population","Total - Gender","15 years and over","Estimate","Seasonally adjusted","Persons in thousands","428","thousands","3","v2062809","1.1.1.1.1.1","28098.9","","","","1"
"2012-03","Canada","2021A000011124","Population","Total - Gender","15 years and over","Estimate","Seasonally adjusted","Persons in thousands","428","thousands","3","v2062809","1.1.1.1.1.1","28124.0","","","","1"
"2012-04","Canada","2021A000011124","Population","Total - Gender","15 years and over","Estimate","Seasonally adjusted","Persons in thousands","428","thousands","3","v2062809","1.1.1.1.1.1","28157.4","","","","1"
"2012-05","Canada","2021A000011124","Population","Total - Gender","15 years and over","Estimate","Seasonally adjusted","Persons in thousands","428","thousands","3","v2062809","1.1.1.1.1.1","28185.1","","","","1"
"2012-06","Canada","2021A000011124","Population","Total - Gender","15 years and over","Estimate","Seasonally adjusted","Persons in thousands","428","thousands","3","v2062809","1.1.1.1.1.1","28215.5","","","","1"
"2012-07","Canada","2021A000011124","Population","Total - Gender","15 years and over","Estimate","Seasonally adjusted","Persons in thousands","428","thousands","3","v2062809","1.1.1.1.1.1","28252.5","","","","1"
"2012-08","Canada","2021A000011124","Population","Total - Gender","15 years and over","Estimate","Seasonally adjusted","Persons in thousands","428","thousands","3","v2062809","1.1.1.1.1.1","28277.5","","","","1"
"2012-09","Canada","2021A000011124","Population","Total - Gender","15 years and over","Estimate","Seasonally adjusted","Persons in thousands","428","thousands","3","v2062809","1.1.1.1.1.1","28301.6","","","","1"
"2012-10","Canada","2021A000011124","Population","Total - Gender","15 years and over","Estimate","Seasonally adjusted","Persons in thousands","428","thousands","3","v2062809","1.1.1.1.1.1","28327.0","","","","1"
"2012-11","Canada","2021A000011124","Population","Total - Gender","15 years and over","Estimate","Seasonally adjusted","Persons in thousands","428","thousands","3","v2062809","1.1.1.1.1.1","28351.5","","","","1"
"2012-12","Canada","2021A000011124","Population","Total - Gender","15 years and over","Estimate","Seasonally adjusted","Persons in thousands","428","thousands","3","v2062809","1.1.1.1.1.1","28373.9","","","","1"
"2013-01","Canada","2021A000011124","Population","Total - Gender","15 years and over","Estimate","Seasonally adjusted","Persons in thousands","428","thousands","3","v2062809","1.1.1.1.1.1","28398.7","","","","1"
"2013-02","Canada","2021A000011124","Population","Total - Gender","15 years and over","Estimate","Seasonally adjusted","Persons in thousands","428","thousands","3","v2062809","1.1.1.1.1.1","28415.9","","","","1"
"2013-03","Canada","2021A000011124","Population","Total - Gender","15 years and over","Estimate","Seasonally adjusted","Persons in thousands","428","thousands","3","v2062809","1.1.1.1.1.1","28440.3","","","","1"
"2013-04","Canada","2021A000011124","Population","Total - Gender","15 years and over","Estimate","Seasonally adjusted","Persons in thousands","428","thousands","3","v2062809","1.1.1.1.1.1","28473.4","","","","1"
"2013-05","Canada","2021A000011124","Population","Total - Gender","15 years and over","Estimate","Seasonally adjusted","Persons in thousands","428","thousands","3","v2062809","1.1.1.1.1.1","28501.2","","","","1"
"2013-06","Canada","2021A000011124","Population","Total - Gender","15 years and over","Estimate","Seasonally adjusted","Persons in thousands","428","thousands","3","v2062809","1.1.1.1.1.1","28530.4","","","","1"
"2013-07","Canada","2021A000011124","Population","Total - Gender","15 years and over","Estimate","Seasonally adjusted","Persons in thousands","428","thousands","3","v2062809","1.1.1.1.1.1","28564.6","","","","1"
"2013-08","Canada","2021A000011124","Population","Total - Gender","15 years and over","Estimate","Seasonally adjusted","Persons in thousands","428","thousands","3","v2062809","1.1.1.1.1.1","28588.4","","","","1"
"2013-09","Canada","2021A000011124","Population","Total - Gender","15 years and over","Estimate","Seasonally adjusted","Persons in thousands","428","thousands","3","v2062809","1.1.1.1.1.1","28617.0","","","","1"
"2013-10","Canada","2021A000011124","Population","Total - Gender","15 years and over","Estimate","Seasonally adjusted","Persons in thousands","428","thousands","3","v2062809","1.1.1.1.1.1","28639.6","","","","1"
"2013-11","Canada","2021A000011124","Population","Total - Gender","15 years and over","Estimate","Seasonally adjusted","Persons in thousands","428","thousands","3","v2062809","1.1.1.1.1.1","28660.5","","","","1"
"2013-12","Canada","2021A000011124","Population","Total - Gender","15 years and over","Estimate","Seasonally adjusted","Persons in thousands","428","thousands","3","v2062809","1.1.1.1.1.1","28679.9","","","","1"
"2014-01","Canada","2021A000011124","Population","Total - Gender","15 years and over","Estimate","Seasonally adjusted","Persons in thousands","428","thousands","3","v2062809","1.1.1.1.1.1","28699.1","","","","1"
"2014-02","Canada","2021A000011124","Population","Total - Gender","15 years and over","Estimate","Seasonally adjusted","Persons in thousands","428","thousands","3","v2062809","1.1.1.1.1.1","28716.5","","","","1"
"2014-03","Canada","2021A000011124","Population","Total - Gender","15 years and over","Estimate","Seasonally adjusted","Persons in thousands","428","thousands","3","v2062809","1.1.1.1.1.1","28740.8","","","","1"
"2014-04","Canada","2021A000011124","Population","Total - Gender","15 years and over","Estimate","Seasonally adjusted","Persons in thousands","428","thousands","3","v2062809","1.1.1.1.1.1","28771.7","","","","1"
"2014-05","Canada","2021A000011124","Population","Total - Gender","15 years and over","Estimate","Seasonally adjusted","Persons in thousands","428","thousands","3","v2062809","1.1.1.1.1.1","28798.2","","","","1"
"2014-06","Canada","2021A000011124","Population","Total - Gender","15 years and over","Estimate","Seasonally adjusted","Persons in thousands","428","thousands","3","v2062809","1.1.1.1.1.1","28832.0","","","","1"
"2014-07","Canada","2021A000011124","Population","Total - Gender","15 years and over","Estimate","Seasonally adjusted","Persons in thousands","428","thousands","3","v2062809","1.1.1.1.1.1","28857.3","","","","1"
"2014-08","Canada","2021A000011124","Population","Total - Gender","15 years and over","Estimate","Seasonally adjusted","Persons in thousands","428","thousands","3","v2062809","1.1.1.1.1.1","28877.3","","","","1"
"2014-09","Canada","2021A000011124","Population","Total - Gender","15 years and over","Estimate","Seasonally adjusted","Persons in thousands","428","thousands","3","v2062809","1.1.1.1.1.1","28898.8","","","","1"
"2014-10","Canada","2021A000011124","Population","Total - Gender","15 years and over","Estimate","Seasonally adjusted","Persons in thousands","428","thousands","3","v2062809","1.1.1.1.1.1","28913.9","","","","1"
"2014-11","Canada","2021A000011124","Population","Total - Gender","15 years and over","Estimate","Seasonally adjusted","Persons in thousands","428","thousands","3","v2062809","1.1.1.1.1.1","28929.6","","","","1"
"2014-12","Canada","2021A000011124","Population","Total - Gender","15 years and over","Estimate","Seasonally adjusted","Persons in thousands","428","thousands","3","v2062809","1.1.1.1.1.1","28944.1","","","","1"
"2015-01","Canada","2021A000011124","Population","Total - Gender","15 years and over","Estimate","Seasonally adjusted","Persons in thousands","428","thousands","3","v2062809","1.1.1.1.1.1","28954.2","","","","1"
"2015-02","Canada","2021A000011124","Population","Total - Gender","15 years and over","Estimate","Seasonally adjusted","Persons in thousands","428","thousands","3","v2062809","1.1.1.1.1.1","28965.9","","","","1"
"2015-03","Canada","2021A000011124","Population","Total - Gender","15 years and over","Estimate","Seasonally adjusted","Persons in thousands","428","thousands","3","v2062809","1.1.1.1.1.1","28981.9","","","","1"
"2015-04","Canada","2021A000011124","Population","Total - Gender","15 years and over","Estimate","Seasonally adjusted","Persons in thousands","428","thousands","3","v2062809","1.1.1.1.1.1","29000.4","","","","1"
"2015-05","Canada","2021A000011124","Population","Total - Gender","15 years and over","Estimate","Seasonally adjusted","Persons in thousands","428","thousands","3","v2062809","1.1.1.1.1.1","29020.2","","","","1"
"2015-06","Canada","2021A000011124","Population","Total - Gender","15 years and over","Estimate","Seasonally adjusted","Persons in thousands","428","thousands","3","v2062809","1.1.1.1.1.1","29048.8","","","","1"
"2015-07","Canada","2021A000011124","Population","Total - Gender","15 years and over","Estimate","Seasonally adjusted","Persons in thousands","428","thousands","3","v2062809","1.1.1.1.1.1","29074.3","","","","1"
"2015-08","Canada","2021A000011124","Population","Total - Gender","15 years and over","Estimate","Seasonally adjusted","Persons in thousands","428","thousands","3","v2062809","1.1.1.1.1.1","29099.5","","","","1"
"2015-09","Canada","2021A000011124","Population","Total - Gender","15 years and over","Estimate","Seasonally adjusted","Persons in thousands","428","thousands","3","v2062809","1.1.1.1.1.1","29129.5","","","","1"
"2015-10","Canada","2021A000011124","Population","Total - Gender","15 years and over","Estimate","Seasonally adjusted","Persons in thousands","428","thousands","3","v2062809","1.1.1.1.1.1","29152.4","","","","1"
"2015-11","Canada","2021A000011124","Population","Total - Gender","15 years and over","Estimate","Seasonally adjusted","Persons in thousands","428","thousands","3","v2062809","1.1.1.1.1.1","29173.1","","","","1"
"2015-12","Canada","2021A000011124","Population","Total - Gender","15 years and over","Estimate","Seasonally adjusted","Persons in thousands","428","thousands","3","v2062809","1.1.1.1.1.1","29193.6","","","","1"
"2016-01","Canada","2021A000011124","Population","Total - Gender","15 years and over","Estimate","Seasonally adjusted","Persons in thousands","428","thousands","3","v2062809","1.1.1.1.1.1","29218.7","","","","1"
"2016-02","Canada","2021A000011124","Population","Total - Gender","15 years and over","Estimate","Seasonally adjusted","Persons in thousands","428","thousands","3","v2062809","1.1.1.1.1.1","29249.3","","","","1"
"2016-03","Canada","2021A000011124","Population","Total - Gender","15 years and over","Estimate","Seasonally adjusted","Persons in thousands","428","thousands","3","v2062809","1.1.1.1.1.1","29274.3","","","","1"
"2016-04","Canada","2021A000011124","Population","Total - Gender","15 years and over","Estimate","Seasonally adjusted","Persons in thousands","428","thousands","3","v2062809","1.1.1.1.1.1","29298.9","","","","1"
"2016-05","Canada","2021A000011124","Population","Total - Gender","15 years and over","Estimate","Seasonally adjusted","Persons in thousands","428","thousands","3","v2062809","1.1.1.1.1.1","29333.5","","","","1"
"2016-06","Canada","2021A000011124","Population","Total - Gender","15 years and over","Estimate","Seasonally adjusted","Persons in thousands","428","thousands","3","v2062809","1.1.1.1.1.1","29366.1","","","","1"
"2016-07","Canada","2021A000011124","Population","Total - Gender","15 years and over","Estimate","Seasonally adjusted","Persons in thousands","428","thousands","3","v2062809","1.1.1.1.1.1","29400.7","","","","1"
"2016-08","Canada","2021A000011124","Population","Total - Gender","15 years and over","Estimate","Seasonally adjusted","Persons in thousands","428","thousands","3","v2062809","1.1.1.1.1.1","29436.7","","","","1"
"2016-09","Canada","2021A000011124","Population","Total - Gender","15 years and over","Estimate","Seasonally adjusted","Persons in thousands","428","thousands","3","v2062809","1.1.1.1.1.1","29465.7","","","","1"
"2016-10","Canada","2021A000011124","Population","Total - Gender","15 years and over","Estimate","Seasonally adjusted","Persons in thousands","428","thousands","3","v2062809","1.1.1.1.1.1","29492.9","","","","1"
"2016-11","Canada","2021A000011124","Population","Total - Gender","15 years and over","Estimate","Seasonally adjusted","Persons in thousands","428","thousands","3","v2062809","1.1.1.1.1.1","29518.3","","","","1"
"2016-12","Canada","2021A000011124","Population","Total - Gender","15 years and over","Estimate","Seasonally adjusted","Persons in thousands","428","thousands","3","v2062809","1.1.1.1.1.1","29542.6","","","","1"
"2017-01","Canada","2021A000011124","Population","Total - Gender","15 years and over","Estimate","Seasonally adjusted","Persons in thousands","428","thousands","3","v2062809","1.1.1.1.1.1","29575.4","","","","1"
"2017-02","Canada","2021A000011124","Population","Total - Gender","15 years and over","Estimate","Seasonally adjusted","Persons in thousands","428","thousands","3","v2062809","1.1.1.1.1.1","29601.2","","","","1"
"2017-03","Canada","2021A000011124","Population","Total - Gender","15 years and over","Estimate","Seasonally adjusted","Persons in thousands","428","thousands","3","v2062809","1.1.1.1.1.1","29632.8","","","","1"
"2017-04","Canada","2021A000011124","Population","Total - Gender","15 years and over","Estimate","Seasonally adjusted","Persons in thousands","428","thousands","3","v2062809","1.1.1.1.1.1","29664.6","","","","1"
"2017-05","Canada","2021A000011124","Population","Total - Gender","15 years and over","Estimate","Seasonally adjusted","Persons in thousands","428","thousands","3","v2062809","1.1.1.1.1.1","29705.0","","","","1"
"2017-06","Canada","2021A000011124","Population","Total - Gender","15 years and over","Estimate","Seasonally adjusted","Persons in thousands","428","thousands","3","v2062809","1.1.1.1.1.1","29739.5","","","","1"
"2017-07","Canada","2021A000011124","Population","Total - Gender","15 years and over","Estimate","Seasonally adjusted","Persons in thousands","428","thousands","3","v2062809","1.1.1.1.1.1","29776.2","","","","1"
"2017-08","Canada","2021A000011124","Population","Total - Gender","15 years and over","Estimate","Seasonally adjusted","Persons in thousands","428","thousands","3","v2062809","1.1.1.1.1.1","29821.4","","","","1"
"2017-09","Canada","2021A000011124","Population","Total - Gender","15 years and over","Estimate","Seasonally adjusted","Persons in thousands","428","thousands","3","v2062809","1.1.1.1.1.1","29855.7","","","","1"
"2017-10","Canada","2021A000011124","Population","Total - Gender","15 years and over","Estimate","Seasonally adjusted","Persons in thousands","428","thousands","3","v2062809","1.1.1.1.1.1","29889.3","","","","1"
"2017-11","Canada","2021A000011124","Population","Total - Gender","15 years and over","Estimate","Seasonally adjusted","Persons in thousands","428","thousands","3","v2062809","1.1.1.1.1.1","29921.7","","","","1"
"2017-12","Canada","2021A000011124","Population","Total - Gender","15 years and over","Estimate","Seasonally adjusted","Persons in thousands","428","thousands","3","v2062809","1.1.1.1.1.1","29953.3","","","","1"
"2018-01","Canada","2021A000011124","Population","Total - Gender","15 years and over","Estimate","Seasonally adjusted","Persons in thousands","428","thousands","3","v2062809","1.1.1.1.1.1","29996.8","","","","1"
"2018-02","Canada","2021A000011124","Population","Total - Gender","15 years and over","Estimate","Seasonally adjusted","Persons in thousands","428","thousands","3","v2062809","1.1.1.1.1.1","30027.7","","","","1"
"2018-03","Canada","2021A000011124","Population","Total - Gender","15 years and over","Estimate","Seasonally adjusted","Persons in thousands","428","thousands","3","v2062809","1.1.1.1.1.1","30065.1","","","","1"
"2018-04","Canada","2021A000011124","Population","Total - Gender","15 years and over","Estimate","Seasonally adjusted","Persons in thousands","428","thousands","3","v2062809","1.1.1.1.1.1","30112.8","","","","1"
"2018-05","Canada","2021A000011124","Population","Total - Gender","15 years and over","Estimate","Seasonally adjusted","Persons in thousands","428","thousands","3","v2062809","1.1.1.1.1.1","30152.1","","","","1"
"2018-06","Canada","2021A000011124","Population","Total - Gender","15 years and over","Estimate","Seasonally adjusted","Persons in thousands","428","thousands","3","v2062809","1.1.1.1.1.1","30193.1","","","","1"
"2018-07","Canada","2021A000011124","Population","Total - Gender","15 years and over","Estimate","Seasonally adjusted","Persons in thousands","428","thousands","3","v2062809","1.1.1.1.1.1","30241.0","","","","1"
"2018-08","Canada","2021A000011124","Population","Total - Gender","15 years and over","Estimate","Seasonally adjusted","Persons in thousands","428","thousands","3","v2062809","1.1.1.1.1.1","30273.2","","","","1"
"2018-09","Canada","2021A000011124","Population","Total - Gender","15 years and over","Estimate","Seasonally adjusted","Persons in thousands","428","thousands","3","v2062809","1.1.1.1.1.1","30305.2","","","","1"
"2018-10","Canada","2021A000011124","Population","Total - Gender","15 years and over","Estimate","Seasonally adjusted","Persons in thousands","428","thousands","3","v2062809","1.1.1.1.1.1","30337.3","","","","1"
"2018-11","Canada","2021A000011124","Population","Total - Gender","15 years and over","Estimate","Seasonally adjusted","Persons in thousands","428","thousands","3","v2062809","1.1.1.1.1.1","30366.4","","","","1"
"2018-12","Canada","2021A000011124","Population","Total - Gender","15 years and over","Estimate","Seasonally adjusted","Persons in thousands","428","thousands","3","v2062809","1.1.1.1.1.1","30393.7","","","","1"
"2019-01","Canada","2021A000011124","Population","Total - Gender","15 years and over","Estimate","Seasonally adjusted","Persons in thousands","428","thousands","3","v2062809","1.1.1.1.1.1","30427.8","","","","1"
"2019-02","Canada","2021A000011124","Population","Total - Gender","15 years and over","Estimate","Seasonally adjusted","Persons in thousands","428","thousands","3","v2062809","1.1.1.1.1.1","30450.9","","","","1"
"2019-03","Canada","2021A000011124","Population","Total - Gender","15 years and over","Estimate","Seasonally adjusted","Persons in thousands","428","thousands","3","v2062809","1.1.1.1.1.1","30479.8","","","","1"
"2019-04","Canada","2021A000011124","Population","Total - Gender","15 years and over","Estimate","Seasonally adjusted","Persons in thousands","428","thousands","3","v2062809","1.1.1.1.1.1","30519.6","","","","1"
"2019-05","Canada","2021A000011124","Population","Total - Gender","15 years and over","Estimate","Seasonally adjusted","Persons in thousands","428","thousands","3","v2062809","1.1.1.1.1.1","30554.4","","","","1"
"2019-06","Canada","2021A000011124","Population","Total - Gender","15 years and over","Estimate","Seasonally adjusted","Persons in thousands","428","thousands","3","v2062809","1.1.1.1.1.1","30593.1","","","","1"
"2019-07","Canada","2021A000011124","Population","Total - Gender","15 years and over","Estimate","Seasonally adjusted","Persons in thousands","428","thousands","3","v2062809","1.1.1.1.1.1","30649.4","","","","1"
"2019-08","Canada","2021A000011124","Population","Total - Gender","15 years and over","Estimate","Seasonally adjusted","Persons in thousands","428","thousands","3","v2062809","1.1.1.1.1.1","30694.3","","","","1"
"2019-09","Canada","2021A000011124","Population","Total - Gender","15 years and over","Estimate","Seasonally adjusted","Persons in thousands","428","thousands","3","v2062809","1.1.1.1.1.1","30747.6","","","","1"
"2019-10","Canada","2021A000011124","Population","Total - Gender","15 years and over","Estimate","Seasonally adjusted","Persons in thousands","428","thousands","3","v2062809","1.1.1.1.1.1","30791.8","","","","1"
"2019-11","Canada","2021A000011124","Population","Total - Gender","15 years and over","Estimate","Seasonally adjusted","Persons in thousands","428","thousands","3","v2062809","1.1.1.1.1.1","30832.4","","","","1"
"2019-12","Canada","2021A000011124","Population","Total - Gender","15 years and over","Estimate","Seasonally adjusted","Persons in thousands","428","thousands","3","v2062809","1.1.1.1.1.1","30868.9","","","","1"
"2020-01","Canada","2021A000011124","Population","Total - Gender","15 years and over","Estimate","Seasonally adjusted","Persons in thousands","428","thousands","3","v2062809","1.1.1.1.1.1","30907.3","","","","1"
"2020-02","Canada","2021A000011124","Population","Total - Gender","15 years and over","Estimate","Seasonally adjusted","Persons in thousands","428","thousands","3","v2062809","1.1.1.1.1.1","30945.1","","","","1"
"2020-03","Canada","2021A000011124","Population","Total - Gender","15 years and over","Estimate","Seasonally adjusted","Persons in thousands","428","thousands","3","v2062809","1.1.1.1.1.1","30988.3","","","","1"
"2020-04","Canada","2021A000011124","Population","Total - Gender","15 years and over","Estimate","Seasonally adjusted","Persons in thousands","428","thousands","3","v2062809","1.1.1.1.1.1","31014.2","","","","1"
"2020-05","Canada","2021A000011124","Population","Total - Gender","15 years and over","Estimate","Seasonally adjusted","Persons in thousands","428","thousands","3","v2062809","1.1.1.1.1.1","31037.6","","","","1"
"2020-06","Canada","2021A000011124","Population","Total - Gender","15 years and over","Estimate","Seasonally adjusted","Persons in thousands","428","thousands","3","v2062809","1.1.1.1.1.1","31070.8","","","","1"
"2020-07","Canada","2021A000011124","Population","Total - Gender","15 years and over","Estimate","Seasonally adjusted","Persons in thousands","428","thousands","3","v2062809","1.1.1.1.1.1","31100.2","","","","1"
"2020-08","Canada","2021A000011124","Population","Total - Gender","15 years and over","Estimate","Seasonally adjusted","Persons in thousands","428","thousands","3","v2062809","1.1.1.1.1.1","31126.0","","","","1"
"2020-09","Canada","2021A000011124","Population","Total - Gender","15 years and over","Estimate","Seasonally adjusted","Persons in thousands","428","thousands","3","v2062809","1.1.1.1.1.1","31154.4","","","","1"
"2020-10","Canada","2021A000011124","Population","Total - Gender","15 years and over","Estimate","Seasonally adjusted","Persons in thousands","428","thousands","3","v2062809","1.1.1.1.1.1","31172.3","","","","1"
"2020-11","Canada","2021A000011124","Population","Total - Gender","15 years and over","Estimate","Seasonally adjusted","Persons in thousands","428","thousands","3","v2062809","1.1.1.1.1.1","31185.8","","","","1"
"2020-12","Canada","2021A000011124","Population","Total - Gender","15 years and over","Estimate","Seasonally adjusted","Persons in thousands","428","thousands","3","v2062809","1.1.1.1.1.1","31193.7","","","","1"
"2021-01","Canada","2021A000011124","Population","Total - Gender","15 years and over","Estimate","Seasonally adjusted","Persons in thousands","428","thousands","3","v2062809","1.1.1.1.1.1","31203.9","","","","1"
"2021-02","Canada","2021A000011124","Population","Total - Gender","15 years and over","Estimate","Seasonally adjusted","Persons in thousands","428","thousands","3","v2062809","1.1.1.1.1.1","31221.9","","","","1"
"2021-03","Canada","2021A000011124","Population","Total - Gender","15 years and over","Estimate","Seasonally adjusted","Persons in thousands","428","thousands","3","v2062809","1.1.1.1.1.1","31235.6","","","","1"
"2021-04","Canada","2021A000011124","Population","Total - Gender","15 years and over","Estimate","Seasonally adjusted","Persons in thousands","428","thousands","3","v2062809","1.1.1.1.1.1","31248.1","","","","1"
"2021-05","Canada","2021A000011124","Population","Total - Gender","15 years and over","Estimate","Seasonally adjusted","Persons in thousands","428","thousands","3","v2062809","1.1.1.1.1.1","31260.4","","","","1"
"2021-06","Canada","2021A000011124","Population","Total - Gender","15 years and over","Estimate","Seasonally adjusted","Persons in thousands","428","thousands","3","v2062809","1.1.1.1.1.1","31287.5","","","","1"
"2021-07","Canada","2021A000011124","Population","Total - Gender","15 years and over","Estimate","Seasonally adjusted","Persons in thousands","428","thousands","3","v2062809","1.1.1.1.1.1","31318.8","","","","1"
"2021-08","Canada","2021A000011124","Population","Total - Gender","15 years and over","Estimate","Seasonally adjusted","Persons in thousands","428","thousands","3","v2062809","1.1.1.1.1.1","31359.5","","","","1"
"2021-09","Canada","2021A000011124","Population","Total - Gender","15 years and over","Estimate","Seasonally adjusted","Persons in thousands","428","thousands","3","v2062809","1.1.1.1.1.1","31393.0","","","","1"
"2021-10","Canada","2021A000011124","Population","Total - Gender","15 years and over","Estimate","Seasonally adjusted","Persons in thousands","428","thousands","3","v2062809","1.1.1.1.1.1","31432.6","","","","1"
"2021-11","Canada","2021A000011124","Population","Total - Gender","15 years and over","Estimate","Seasonally adjusted","Persons in thousands","428","thousands","3","v2062809","1.1.1.1.1.1","31475.9","","","","1"
"2021-12","Canada","2021A000011124","Population","Total - Gender","15 years and over","Estimate","Seasonally adjusted","Persons in thousands","428","thousands","3","v2062809","1.1.1.1.1.1","31518.9","","","","1"
"2022-01","Canada","2021A000011124","Population","Total - Gender","15 years and over","Estimate","Seasonally adjusted","Persons in thousands","428","thousands","3","v2062809","1.1.1.1.1.1","31559.4","","","","1"
"2022-02","Canada","2021A000011124","Population","Total - Gender","15 years and over","Estimate","Seasonally adjusted","Persons in thousands","428","thousands","3","v2062809","1.1.1.1.1.1","31600.5","","","","1"
"2022-03","Canada","2021A000011124","Population","Total - Gender","15 years and over","Estimate","Seasonally adjusted","Persons in thousands","428","thousands","3","v2062809","1.1.1.1.1.1","31642.1","","","","1"
"2022-04","Canada","2021A000011124","Population","Total - Gender","15 years and over","Estimate","Seasonally adjusted","Persons in thousands","428","thousands","3","v2062809","1.1.1.1.1.1","31683.5","","","","1"
"2022-05","Canada","2021A000011124","Population","Total - Gender","15 years and over","Estimate","Seasonally adjusted","Persons in thousands","428","thousands","3","v2062809","1.1.1.1.1.1","31733.2","","","","1"
"2022-06","Canada","2021A000011124","Population","Total - Gender","15 years and over","Estimate","Seasonally adjusted","Persons in thousands","428","thousands","3","v2062809","1.1.1.1.1.1","31781.7","","","","1"
"2022-07","Canada","2021A000011124","Population","Total - Gender","15 years and over","Estimate","Seasonally adjusted","Persons in thousands","428","thousands","3","v2062809","1.1.1.1.1.1","31834.3","","","","1"
"2022-08","Canada","2021A000011124","Population","Total - Gender","15 years and over","Estimate","Seasonally adjusted","Persons in thousands","428","thousands","3","v2062809","1.1.1.1.1.1","31894.0","","","","1"
"2022-09","Canada","2021A000011124","Population","Total - Gender","15 years and over","Estimate","Seasonally adjusted","Persons in thousands","428","thousands","3","v2062809","1.1.1.1.1.1","31948.3","","","","1"
"2022-10","Canada","2021A000011124","Population","Total - Gender","15 years and over","Estimate","Seasonally adjusted","Persons in thousands","428","thousands","3","v2062809","1.1.1.1.1.1","32005.2","","","","1"
"2022-11","Canada","2021A000011124","Population","Total - Gender","15 years and over","Estimate","Seasonally adjusted","Persons in thousands","428","thousands","3","v2062809","1.1.1.1.1.1","32058.7","","","","1"
"2022-12","Canada","2021A000011124","Population","Total - Gender","15 years and over","Estimate","Seasonally adjusted","Persons in thousands","428","thousands","3","v2062809","1.1.1.1.1.1","32111.8","","","","1"
"2023-01","Canada","2021A000011124","Population","Total - Gender","15 years and over","Estimate","Seasonally adjusted","Persons in thousands","428","thousands","3","v2062809","1.1.1.1.1.1","32187.9","","","","1"
"2023-02","Canada","2021A000011124","Population","Total - Gender","15 years and over","Estimate","Seasonally adjusted","Persons in thousands","428","thousands","3","v2062809","1.1.1.1.1.1","32270.6","","","","1"
"2023-03","Canada","2021A000011124","Population","Total - Gender","15 years and over","Estimate","Seasonally adjusted","Persons in thousands","428","thousands","3","v2062809","1.1.1.1.1.1","32355.3","","","","1"
"2023-04","Canada","2021A000011124","Population","Total - Gender","15 years and over","Estimate","Seasonally adjusted","Persons in thousands","428","thousands","3","v2062809","1.1.1.1.1.1","32432.5","","","","1"
"2023-05","Canada","2021A000011124","Population","Total - Gender","15 years and over","Estimate","Seasonally adjusted","Persons in thousands","428","thousands","3","v2062809","1.1.1.1.1.1","32524.6","","","","1"
"2023-06","Canada","2021A000011124","Population","Total - Gender","15 years and over","Estimate","Seasonally adjusted","Persons in thousands","428","thousands","3","v2062809","1.1.1.1.1.1","32617.0","","","","1"
"2023-07","Canada","2021A000011124","Population","Total - Gender","15 years and over","Estimate","Seasonally adjusted","Persons in thousands","428","thousands","3","v2062809","1.1.1.1.1.1","32710.3","","","","1"
"2023-08","Canada","2021A000011124","Population","Total - Gender","15 years and over","Estimate","Seasonally adjusted","Persons in thousands","428","thousands","3","v2062809","1.1.1.1.1.1","32808.3","","","","1"
"2023-09","Canada","2021A000011124","Population","Total - Gender","15 years and over","Estimate","Seasonally adjusted","Persons in thousands","428","thousands","3","v2062809","1.1.1.1.1.1","32896.0","","","","1"
"2023-10","Canada","2021A000011124","Population","Total - Gender","15 years and over","Estimate","Seasonally adjusted","Persons in thousands","428","thousands","3","v2062809","1.1.1.1.1.1","32987.7","","","","1"
"2023-11","Canada","2021A000011124","Population","Total - Gender","15 years and over","Estimate","Seasonally adjusted","Persons in thousands","428","thousands","3","v2062809","1.1.1.1.1.1","33077.9","","","","1"
"2023-12","Canada","2021A000011124","Population","Total - Gender","15 years and over","Estimate","Seasonally adjusted","Persons in thousands","428","thousands","3","v2062809","1.1.1.1.1.1","33168.3","","","","1"
"2024-01","Canada","2021A000011124","Population","Total - Gender","15 years and over","Estimate","Seasonally adjusted","Persons in thousands","428","thousands","3","v2062809","1.1.1.1.1.1","33276.5","","","","1"
"2024-02","Canada","2021A000011124","Population","Total - Gender","15 years and over","Estimate","Seasonally adjusted","Persons in thousands","428","thousands","3","v2062809","1.1.1.1.1.1","33373.5","","","","1"
"2024-03","Canada","2021A000011124","Population","Total - Gender","15 years and over","Estimate","Seasonally adjusted","Persons in thousands","428","thousands","3","v2062809","1.1.1.1.1.1","33469.5","","","","1"
"2024-04","Canada","2021A000011124","Population","Total - Gender","15 years and over","Estimate","Seasonally adjusted","Persons in thousands","428","thousands","3","v2062809","1.1.1.1.1.1","33578.9","","","","1"
"2024-05","Canada","2021A000011124","Population","Total - Gender","15 years and over","Estimate","Seasonally adjusted","Persons in thousands","428","thousands","3","v2062809","1.1.1.1.1.1","33685.5","","","","1"
"2024-06","Canada","2021A000011124","Population","Total - Gender","15 years and over","Estimate","Seasonally adjusted","Persons in thousands","428","thousands","3","v2062809","1.1.1.1.1.1","33788.3","","","","1"
"2024-07","Canada","2021A000011124","Population","Total - Gender","15 years and over","Estimate","Seasonally adjusted","Persons in thousands","428","thousands","3","v2062809","1.1.1.1.1.1","33899.8","","","","1"
"2024-08","Canada","2021A000011124","Population","Total - Gender","15 years and over","Estimate","Seasonally adjusted","Persons in thousands","428","thousands","3","v2062809","1.1.1.1.1.1","33995.1","","","","1"
"2024-09","Canada","2021A000011124","Population","Total - Gender","15 years and over","Estimate","Seasonally adjusted","Persons in thousands","428","thousands","3","v2062809","1.1.1.1.1.1","34089.8","","","","1"
"2024-10","Canada","2021A000011124","Population","Total - Gender","15 years and over","Estimate","Seasonally adjusted","Persons in thousands","428","thousands","3","v2062809","1.1.1.1.1.1","34163.7","","","","1"
"2024-11","Canada","2021A000011124","Population","Total - Gender","15 years and over","Estimate","Seasonally adjusted","Persons in thousands","428","thousands","3","v2062809","1.1.1.1.1.1","34225.2","","","","1"
"2024-12","Canada","2021A000011124","Population","Total - Gender","15 years and over","Estimate","Seasonally adjusted","Persons in thousands","428","thousands","3","v2062809","1.1.1.1.1.1","34285.1","","","","1"
"2025-01","Canada","2021A000011124","Population","Total - Gender","15 years and over","Estimate","Seasonally adjusted","Persons in thousands","428","thousands","3","v2062809","1.1.1.1.1.1","34340.8","","","","1"
"2025-02","Canada","2021A000011124","Population","Total - Gender","15 years and over","Estimate","Seasonally adjusted","Persons in thousands","428","thousands","3","v2062809","1.1.1.1.1.1","34388.2","","","","1"
"2025-03","Canada","2021A000011124","Population","Total - Gender","15 years and over","Estimate","Seasonally adjusted","Persons in thousands","428","thousands","3","v2062809","1.1.1.1.1.1","34440.0","","","","1"
"2025-04","Canada","2021A000011124","Population","Total - Gender","15 years and over","Estimate","Seasonally adjusted","Persons in thousands","428","thousands","3","v2062809","1.1.1.1.1.1","34493.6","","","","1"
"2025-05","Canada","2021A000011124","Population","Total - Gender","15 years and over","Estimate","Seasonally adjusted","Persons in thousands","428","thousands","3","v2062809","1.1.1.1.1.1","34530.6","","","","1"
"2025-06","Canada","2021A000011124","Population","Total - Gender","15 years and over","Estimate","Seasonally adjusted","Persons in thousands","428","thousands","3","v2062809","1.1.1.1.1.1","34577.2","","","","1"
"2025-07","Canada","2021A000011124","Population","Total - Gender","15 years and over","Estimate","Seasonally adjusted","Persons in thousands","428","thousands","3","v2062809","1.1.1.1.1.1","34614.8","","","","1"
"2025-08","Canada","2021A000011124","Population","Total - Gender","15 years and over","Estimate","Seasonally adjusted","Persons in thousands","428","thousands","3","v2062809","1.1.1.1.1.1","34644.2","","","","1"
"2025-09","Canada","2021A000011124","Population","Total - Gender","15 years and over","Estimate","Seasonally adjusted","Persons in thousands","428","thousands","3","v2062809","1.1.1.1.1.1","34671.9","","","","1"
"2025-10","Canada","2021A000011124","Population","Total - Gender","15 years and over","Estimate","Seasonally adjusted","Persons in thousands","428","thousands","3","v2062809","1.1.1.1.1.1","34695.4","","","","1"
"2025-11","Canada","2021A000011124","Population","Total - Gender","15 years and over","Estimate","Seasonally adjusted","Persons in thousands","428","thousands","3","v2062809","1.1.1.1.1.1","34713.1","","","","1"
"2025-12","Canada","2021A000011124","Population","Total - Gender","15 years and over","Estimate","Seasonally adjusted","Persons in thousands","428","thousands","3","v2062809","1.1.1.1.1.1","34723.0","","","","1"
"1980-01","Canada","2021A000011124","Labour force","Total - Gender","15 years and over","Estimate","Seasonally adjusted","Persons in thousands","428","thousands","3","v2062810","1.2.1.1.1.1","11760.1","","","","1"
"1980-02","Canada","2021A000011124","Labour force","Total - Gender","15 years and over","Estimate","Seasonally adjusted","Persons in thousands","428","thousands","3","v2062810","1.2.1.1.1.1","11796.9","","","","1"
"1980-03","Canada","2021A000011124","Labour force","Total - Gender","15 years and over","Estimate","Seasonally adjusted","Persons in thousands","428","thousands","3","v2062810","1.2.1.1.1.1","11798.9","","","","1"
"1980-04","Canada","2021A000011124","Labour force","Total - Gender","15 years and over","Estimate","Seasonally adjusted","Persons in thousands","428","thousands","3","v2062810","1.2.1.1.1.1","11846.7","","","","1"
"1980-05","Canada","2021A000011124","Labour force","Total - Gender","15 years and over","Estimate","Seasonally adjusted","Persons in thousands","428","thousands","3","v2062810","1.2.1.1.1.1","11815.5","","","","1"
"1980-06","Canada","2021A000011124","Labour force","Total - Gender","15 years and over","Estimate","Seasonally adjusted","Persons in thousands","428","thousands","3","v2062810","1.2.1.1.1.1","11855.1","","","","1"
"1980-07","Canada","2021A000011124","Labour force","Total - Gender","15 years and over","Estimate","Seasonally adjusted","Persons in thousands","428","thousands","3","v2062810","1.2.1.1.1.1","11840.6","","","","1"
"1980-08","Canada","2021A000011124","Labour force","Total - Gender","15 years and over","Estimate","Seasonally adjusted","Persons in thousands","428","thousands","3","v2062810","1.2.1.1.1.1","11878.1","","","","1"
"1980-09","Canada","2021A000011124","Labour force","Total - Gender","15 years and over","Estimate","Seasonally adjusted","Persons in thousands","428","thousands","3","v2062810","1.2.1.1.1.1","11928.1","","","","1"
"1980-10","Canada","2021A000011124","Labour force","Total - Gender","15 years and over","Estimate","Seasonally adjusted","Persons in thousands","428","thousands","3","v2062810","1.2.1.1.1.1","11956.2","","","","1"
"1980-11","Canada","2021A000011124","Labour force","Total - Gender","15 years and over","Estimate","Seasonally adjusted","Persons in thousands","428","thousands","3","v2062810","1.2.1.1.1.1","11984.7","","","","1"
"1980-12","Canada","2021A000011124","Labour force","Total - Gender","15 years and over","Estimate","Seasonally adjusted","Persons in thousands","428","thousands","3","v2062810","1.2.1.1.1.1","12014.1","","","","1"
"1981-01","Canada","2021A000011124","Labour force","Total - Gender","15 years and over","Estimate","Seasonally adjusted","Persons in thousands","428","thousands","3","v2062810","1.2.1.1.1.1","12098.8","","","","1"
"1981-02","Canada","2021A000011124","Labour force","Total - Gender","15 years and over","Estimate","Seasonally adjusted","Persons in thousands","428","thousands","3","v2062810","1.2.1.1.1.1","12183.1","","","","1"
"1981-03","Canada","2021A000011124","Labour force","Total - Gender","15 years and over","Estimate","Seasonally adjusted","Persons in thousands","428","thousands","3","v2062810","1.2.1.1.1.1","12181.2","","","","1"
"1981-04","Canada","2021A000011124","Labour force","Total - Gender","15 years and over","Estimate","Seasonally adjusted","Persons in thousands","428","thousands","3","v2062810","1.2.1.1.1.1","12184.1","","","","1"
"1981-05","Canada","2021A000011124","Labour force","Total - Gender","15 years and over","Estimate","Seasonally adjusted","Persons in thousands","428","thousands","3","v2062810","1.2.1.1.1.1","12223.0","","","","1"
"1981-06","Canada","2021A000011124","Labour force","Total - Gender","15 years and over","Estimate","Seasonally adjusted","Persons in thousands","428","thousands","3","v2062810","1.2.1.1.1.1","12263.6","","","","1"
"1981-07","Canada","2021A000011124","Labour force","Total - Gender","15 years and over","Estimate","Seasonally adjusted","Persons in thousands","428","thousands","3","v2062810","1.2.1.1.1.1","12215.8","","","","1"
"1981-08","Canada","2021A000011124","Labour force","Total - Gender","15 years and over","Estimate","Seasonally adjusted","Persons in thousands","428","thousands","3","v2062810","1.2.1.1.1.1","12215.0","","","","1"
"1981-09","Canada","2021A000011124","Labour force","Total - Gender","15 years and over","Estimate","Seasonally adjusted","Persons in thousands","428","thousands","3","v2062810","1.2.1.1.1.1","12332.6","","","","1"
"1981-10","Canada","2021A000011124","Labour force","Total - Gender","15 years and over","Estimate","Seasonally adjusted","Persons in thousands","428","thousands","3","v2062810","1.2.1.1.1.1","12320.5","","","","1"
"1981-11","Canada","2021A000011124","Labour force","Total - Gender","15 years and over","Estimate","Seasonally adjusted","Persons in thousands","428","thousands","3","v2062810","1.2.1.1.1.1","12311.0","","","","1"
"1981-12","Canada","2021A000011124","Labour force","Total - Gender","15 years and over","Estimate","Seasonally adjusted","Persons in thousands","428","thousands","3","v2062810","1.2.1.1.1.1","12307.7","","","","1"
"1982-01","Canada","2021A000011124","Labour force","Total - Gender","15 years and over","Estimate","Seasonally adjusted","Persons in thousands","428","thousands","3","v2062810","1.2.1.1.1.1","12265.3","","","","1"
"1982-02","Canada","2021A000011124","Labour force","Total - Gender","15 years and over","Estimate","Seasonally adjusted","Persons in thousands","428","thousands","3","v2062810","1.2.1.1.1.1","12259.7","","","","1"
"1982-03","Canada","2021A000011124","Labour force","Total - Gender","15 years and over","Estimate","Seasonally adjusted","Persons in thousands","428","thousands","3","v2062810","1.2.1.1.1.1","12280.2","","","","1"
"1982-04","Canada","2021A000011124","Labour force","Total - Gender","15 years and over","Estimate","Seasonally adjusted","Persons in thousands","428","thousands","3","v2062810","1.2.1.1.1.1","12281.1","","","","1"
"1982-05","Canada","2021A000011124","Labour force","Total - Gender","15 years and over","Estimate","Seasonally adjusted","Persons in thousands","428","thousands","3","v2062810","1.2.1.1.1.1","12293.3","","","","1"
"1982-06","Canada","2021A000011124","Labour force","Total - Gender","15 years and over","Estimate","Seasonally adjusted","Persons in thousands","428","thousands","3","v2062810","1.2.1.1.1.1","12304.8","","","","1"
"1982-07","Canada","2021A000011124","Labour force","Total - Gender","15 years and over","Estimate","Seasonally adjusted","Persons in thousands","428","thousands","3","v2062810","1.2.1.1.1.1","12358.8","","","","1"
"1982-08","Canada","2021A000011124","Labour force","Total - Gender","15 years and over","Estimate","Seasonally adjusted","Persons in thousands","428","thousands","3","v2062810","1.2.1.1.1.1","12314.3","","","","1"
"1982-09","Canada","2021A000011124","Labour force","Total - Gender","15 years and over","Estimate","Seasonally adjusted","Persons in thousands","428","thousands","3","v2062810","1.2.1.1.1.1","12333.7","","","","1"
"1982-10","Canada","2021A000011124","Labour force","Total - Gender","15 years and over","Estimate","Seasonally adjusted","Persons in thousands","428","thousands","3","v2062810","1.2.1.1.1.1","12389.3","","","","1"
"1982-11","Canada","2021A000011124","Labour force","Total - Gender","15 years and over","Estimate","Seasonally adjusted","Persons in thousands","428","thousands","3","v2062810","1.2.1.1.1.1","12364.6","","","","1"
"1982-12","Canada","2021A000011124","Labour force","Total - Gender","15 years and over","Estimate","Seasonally adjusted","Persons in thousands","428","thousands","3","v2062810","1.2.1.1.1.1","12398.5","","","","1"
"1983-01","Canada","2021A000011124","Labour force","Total - Gender","15 years and over","Estimate","Seasonally adjusted","Persons in thousands","428","thousands","3","v2062810","1.2.1.1.1.1","12374.0","","","","1"
"1983-02","Canada","2021A000011124","Labour force","Total - Gender","15 years and over","Estimate","Seasonally adjusted","Persons in thousands","428","thousands","3","v2062810","1.2.1.1.1.1","12391.8","","","","1"
"1983-03","Canada","2021A000011124","Labour force","Total - Gender","15 years and over","Estimate","Seasonally adjusted","Persons in thousands","428","thousands","3","v2062810","1.2.1.1.1.1","12429.6","","","","1"
"1983-04","Canada","2021A000011124","Labour force","Total - Gender","15 years and over","Estimate","Seasonally adjusted","Persons in thousands","428","thousands","3","v2062810","1.2.1.1.1.1","12486.3","","","","1"
"1983-05","Canada","2021A000011124","Labour force","Total - Gender","15 years and over","Estimate","Seasonally adjusted","Persons in thousands","428","thousands","3","v2062810","1.2.1.1.1.1","12509.0","","","","1"
"1983-06","Canada","2021A000011124","Labour force","Total - Gender","15 years and over","Estimate","Seasonally adjusted","Persons in thousands","428","thousands","3","v2062810","1.2.1.1.1.1","12578.7","","","","1"
"1983-07","Canada","2021A000011124","Labour force","Total - Gender","15 years and over","Estimate","Seasonally adjusted","Persons in thousands","428","thousands","3","v2062810","1.2.1.1.1.1","12566.2","","","","1"
"1983-08","Canada","2021A000011124","Labour force","Total - Gender","15 years and over","Estimate","Seasonally adjusted","Persons in thousands","428","thousands","3","v2062810","1.2.1.1.1.1","12599.5","","","","1"
"1983-09","Canada","2021A000011124","Labour force","Total - Gender","15 years and over","Estimate","Seasonally adjusted","Persons in thousands","428","thousands","3","v2062810","1.2.1.1.1.1","12606.3","","","","1"
"1983-10","Canada","2021A000011124","Labour force","Total - Gender","15 years and over","Estimate","Seasonally adjusted","Persons in thousands","428","thousands","3","v2062810","1.2.1.1.1.1","12582.5","","","","1"
"1983-11","Canada","2021A000011124","Labour force","Total - Gender","15 years and over","Estimate","Seasonally adjusted","Persons in thousands","428","thousands","3","v2062810","1.2.1.1.1.1","12577.9","","","","1"
"1983-12","Canada","2021A000011124","Labour force","Total - Gender","15 years and over","Estimate","Seasonally adjusted","Persons in thousands","428","thousands","3","v2062810","1.2.1.1.1.1","12616.5","","","","1"
"1984-01","Canada","2021A000011124","Labour force","Total - Gender","15 years and over","Estimate","Seasonally adjusted","Persons in thousands","428","thousands","3","v2062810","1.2.1.1.1.1","12591.9","","","","1"
"1984-02","Canada","2021A000011124","Labour force","Total - Gender","15 years and over","Estimate","Seasonally adjusted","Persons in thousands","428","thousands","3","v2062810","1.2.1.1.1.1","12629.3","","","","1"
"1984-03","Canada","2021A000011124","Labour force","Total - Gender","15 years and over","Estimate","Seasonally adjusted","Persons in thousands","428","thousands","3","v2062810","1.2.1.1.1.1","12630.6","","","","1"
"1984-04","Canada","2021A000011124","Labour force","Total - Gender","15 years and over","Estimate","Seasonally adjusted","Persons in thousands","428","thousands","3","v2062810","1.2.1.1.1.1","12654.5","","","","1"
"1984-05","Canada","2021A000011124","Labour force","Total - Gender","15 years and over","Estimate","Seasonally adjusted","Persons in thousands","428","thousands","3","v2062810","1.2.1.1.1.1","12739.5","","","","1"
"1984-06","Canada","2021A000011124","Labour force","Total - Gender","15 years and over","Estimate","Seasonally adjusted","Persons in thousands","428","thousands","3","v2062810","1.2.1.1.1.1","12757.4","","","","1"
"1984-07","Canada","2021A000011124","Labour force","Total - Gender","15 years and over","Estimate","Seasonally adjusted","Persons in thousands","428","thousands","3","v2062810","1.2.1.1.1.1","12783.7","","","","1"
"1984-08","Canada","2021A000011124","Labour force","Total - Gender","15 years and over","Estimate","Seasonally adjusted","Persons in thousands","428","thousands","3","v2062810","1.2.1.1.1.1","12790.4","","","","1"
"1984-09","Canada","2021A000011124","Labour force","Total - Gender","15 years and over","Estimate","Seasonally adjusted","Persons in thousands","428","thousands","3","v2062810","1.2.1.1.1.1","12901.7","","","","1"
"1984-10","Canada","2021A000011124","Labour force","Total - Gender","15 years and over","Estimate","Seasonally adjusted","Persons in thousands","428","thousands","3","v2062810","1.2.1.1.1.1","12843.3","","","","1"
"1984-11","Canada","2021A000011124","Labour force","Total - Gender","15 years and over","Estimate","Seasonally adjusted","Persons in thousands","428","thousands","3","v2062810","1.2.1.1.1.1","12853.4","","","","1"
"1984-12","Canada","2021A000011124","Labour force","Total - Gender","15 years and over","Estimate","Seasonally adjusted","Persons in thousands","428","thousands","3","v2062810","1.2.1.1.1.1","12856.2","","","","1"
"1985-01","Canada","2021A000011124","Labour force","Total - Gender","15 years and over","Estimate","Seasonally adjusted","Persons in thousands","428","thousands","3","v2062810","1.2.1.1.1.1","12846.4","","","","1"
"1985-02","Canada","2021A000011124","Labour force","Total - Gender","15 years and over","Estimate","Seasonally adjusted","Persons in thousands","428","thousands","3","v2062810","1.2.1.1.1.1","12892.3","","","","1"
"1985-03","Canada","2021A000011124","Labour force","Total - Gender","15 years and over","Estimate","Seasonally adjusted","Persons in thousands","428","thousands","3","v2062810","1.2.1.1.1.1","12952.9","","","","1"
"1985-04","Canada","2021A000011124","Labour force","Total - Gender","15 years and over","Estimate","Seasonally adjusted","Persons in thousands","428","thousands","3","v2062810","1.2.1.1.1.1","12975.9","","","","1"
"1985-05","Canada","2021A000011124","Labour force","Total - Gender","15 years and over","Estimate","Seasonally adjusted","Persons in thousands","428","thousands","3","v2062810","1.2.1.1.1.1","12985.5","","","","1"
"1985-06","Canada","2021A000011124","Labour force","Total - Gender","15 years and over","Estimate","Seasonally adjusted","Persons in thousands","428","thousands","3","v2062810","1.2.1.1.1.1","13018.3","","","","1"
"1985-07","Canada","2021A000011124","Labour force","Total - Gender","15 years and over","Estimate","Seasonally adjusted","Persons in thousands","428","thousands","3","v2062810","1.2.1.1.1.1","13039.5","","","","1"
"1985-08","Canada","2021A000011124","Labour force","Total - Gender","15 years and over","Estimate","Seasonally adjusted","Persons in thousands","428","thousands","3","v2062810","1.2.1.1.1.1","13060.2","","","","1"
"1985-09","Canada","2021A000011124","Labour force","Total - Gender","15 years and over","Estimate","Seasonally adjusted","Persons in thousands","428","thousands","3","v2062810","1.2.1.1.1.1","13055.1","","","","1"
"1985-10","Canada","2021A000011124","Labour force","Total - Gender","15 years and over","Estimate","Seasonally adjusted","Persons in thousands","428","thousands","3","v2062810","1.2.1.1.1.1","13109.4","","","","1"
"1985-11","Canada","2021A000011124","Labour force","Total - Gender","15 years and over","Estimate","Seasonally adjusted","Persons in thousands","428","thousands","3","v2062810","1.2.1.1.1.1","13169.2","","","","1"
"1985-12","Canada","2021A000011124","Labour force","Total - Gender","15 years and over","Estimate","Seasonally adjusted","Persons in thousands","428","thousands","3","v2062810","1.2.1.1.1.1","13186.6","","","","1"
"1986-01","Canada","2021A000011124","Labour force","Total - Gender","15 years and over","Estimate","Seasonally adjusted","Persons in thousands","428","thousands","3","v2062810","1.2.1.1.1.1","13203.7","","","","1"
"1986-02","Canada","2021A000011124","Labour force","Total - Gender","15 years and over","Estimate","Seasonally adjusted","Persons in thousands","428","thousands","3","v2062810","1.2.1.1.1.1","13221.7","","","","1"
"1986-03","Canada","2021A000011124","Labour force","Total - Gender","15 years and over","Estimate","Seasonally adjusted","Persons in thousands","428","thousands","3","v2062810","1.2.1.1.1.1","13224.9","","","","1"
"1986-04","Canada","2021A000011124","Labour force","Total - Gender","15 years and over","Estimate","Seasonally adjusted","Persons in thousands","428","thousands","3","v2062810","1.2.1.1.1.1","13292.3","","","","1"
"1986-05","Canada","2021A000011124","Labour force","Total - Gender","15 years and over","Estimate","Seasonally adjusted","Persons in thousands","428","thousands","3","v2062810","1.2.1.1.1.1","13236.7","","","","1"
"1986-06","Canada","2021A000011124","Labour force","Total - Gender","15 years and over","Estimate","Seasonally adjusted","Persons in thousands","428","thousands","3","v2062810","1.2.1.1.1.1","13289.8","","","","1"
"1986-07","Canada","2021A000011124","Labour force","Total - Gender","15 years and over","Estimate","Seasonally adjusted","Persons in thousands","428","thousands","3","v2062810","1.2.1.1.1.1","13288.4","","","","1"
"1986-08","Canada","2021A000011124","Labour force","Total - Gender","15 years and over","Estimate","Seasonally adjusted","Persons in thousands","428","thousands","3","v2062810","1.2.1.1.1.1","13302.2","","","","1"
"1986-09","Canada","2021A000011124","Labour force","Total - Gender","15 years and over","Estimate","Seasonally adjusted","Persons in thousands","428","thousands","3","v2062810","1.2.1.1.1.1","13300.5","","","","1"
"1986-10","Canada","2021A000011124","Labour force","Total - Gender","15 years and over","Estimate","Seasonally adjusted","Persons in thousands","428","thousands","3","v2062810","1.2.1.1.1.1","13313.1","","","","1"
"1986-11","Canada","2021A000011124","Labour force","Total - Gender","15 years and over","Estimate","Seasonally adjusted","Persons in thousands","428","thousands","3","v2062810","1.2.1.1.1.1","13332.8","","","","1"
"1986-12","Canada","2021A000011124","Labour force","Total - Gender","15 years and over","Estimate","Seasonally adjusted","Persons in thousands","428","thousands","3","v2062810","1.2.1.1.1.1","13346.6","","","","1"
"1987-01","Canada","2021A000011124","Labour force","Total - Gender","15 years and over","Estimate","Seasonally adjusted","Persons in thousands","428","thousands","3","v2062810","1.2.1.1.1.1","13376.2","","","","1"
"1987-02","Canada","2021A000011124","Labour force","Total - Gender","15 years and over","Estimate","Seasonally adjusted","Persons in thousands","428","thousands","3","v2062810","1.2.1.1.1.1","13406.7","","","","1"
"1987-03","Canada","2021A000011124","Labour force","Total - Gender","15 years and over","Estimate","Seasonally adjusted","Persons in thousands","428","thousands","3","v2062810","1.2.1.1.1.1","13441.3","","","","1"
"1987-04","Canada","2021A000011124","Labour force","Total - Gender","15 years and over","Estimate","Seasonally adjusted","Persons in thousands","428","thousands","3","v2062810","1.2.1.1.1.1","13466.6","","","","1"
"1987-05","Canada","2021A000011124","Labour force","Total - Gender","15 years and over","Estimate","Seasonally adjusted","Persons in thousands","428","thousands","3","v2062810","1.2.1.1.1.1","13486.8","","","","1"
"1987-06","Canada","2021A000011124","Labour force","Total - Gender","15 years and over","Estimate","Seasonally adjusted","Persons in thousands","428","thousands","3","v2062810","1.2.1.1.1.1","13523.2","","","","1"
"1987-07","Canada","2021A000011124","Labour force","Total - Gender","15 years and over","Estimate","Seasonally adjusted","Persons in thousands","428","thousands","3","v2062810","1.2.1.1.1.1","13524.7","","","","1"
"1987-08","Canada","2021A000011124","Labour force","Total - Gender","15 years and over","Estimate","Seasonally adjusted","Persons in thousands","428","thousands","3","v2062810","1.2.1.1.1.1","13543.2","","","","1"
"1987-09","Canada","2021A000011124","Labour force","Total - Gender","15 years and over","Estimate","Seasonally adjusted","Persons in thousands","428","thousands","3","v2062810","1.2.1.1.1.1","13568.0","","","","1"
"1987-10","Canada","2021A000011124","Labour force","Total - Gender","15 years and over","Estimate","Seasonally adjusted","Persons in thousands","428","thousands","3","v2062810","1.2.1.1.1.1","13617.0","","","","1"
"1987-11","Canada","2021A000011124","Labour force","Total - Gender","15 years and over","Estimate","Seasonally adjusted","Persons in thousands","428","thousands","3","v2062810","1.2.1.1.1.1","13632.6","","","","1"
"1987-12","Canada","2021A000011124","Labour force","Total - Gender","15 years and over","Estimate","Seasonally adjusted","Persons in thousands","428","thousands","3","v2062810","1.2.1.1.1.1","13680.4","","","","1"
"1988-01","Canada","2021A000011124","Labour force","Total - Gender","15 years and over","Estimate","Seasonally adjusted","Persons in thousands","428","thousands","3","v2062810","1.2.1.1.1.1","13708.4","","","","1"
"1988-02","Canada","2021A000011124","Labour force","Total - Gender","15 years and over","Estimate","Seasonally adjusted","Persons in thousands","428","thousands","3","v2062810","1.2.1.1.1.1","13711.0","","","","1"
"1988-03","Canada","2021A000011124","Labour force","Total - Gender","15 years and over","Estimate","Seasonally adjusted","Persons in thousands","428","thousands","3","v2062810","1.2.1.1.1.1","13730.4","","","","1"
"1988-04","Canada","2021A000011124","Labour force","Total - Gender","15 years and over","Estimate","Seasonally adjusted","Persons in thousands","428","thousands","3","v2062810","1.2.1.1.1.1","13732.3","","","","1"
"1988-05","Canada","2021A000011124","Labour force","Total - Gender","15 years and over","Estimate","Seasonally adjusted","Persons in thousands","428","thousands","3","v2062810","1.2.1.1.1.1","13747.1","","","","1"
"1988-06","Canada","2021A000011124","Labour force","Total - Gender","15 years and over","Estimate","Seasonally adjusted","Persons in thousands","428","thousands","3","v2062810","1.2.1.1.1.1","13742.0","","","","1"
"1988-07","Canada","2021A000011124","Labour force","Total - Gender","15 years and over","Estimate","Seasonally adjusted","Persons in thousands","428","thousands","3","v2062810","1.2.1.1.1.1","13781.5","","","","1"
"1988-08","Canada","2021A000011124","Labour force","Total - Gender","15 years and over","Estimate","Seasonally adjusted","Persons in thousands","428","thousands","3","v2062810","1.2.1.1.1.1","13797.7","","","","1"
"1988-09","Canada","2021A000011124","Labour force","Total - Gender","15 years and over","Estimate","Seasonally adjusted","Persons in thousands","428","thousands","3","v2062810","1.2.1.1.1.1","13816.8","","","","1"
"1988-10","Canada","2021A000011124","Labour force","Total - Gender","15 years and over","Estimate","Seasonally adjusted","Persons in thousands","428","thousands","3","v2062810","1.2.1.1.1.1","13842.9","","","","1"
"1988-11","Canada","2021A000011124","Labour force","Total - Gender","15 years and over","Estimate","Seasonally adjusted","Persons in thousands","428","thousands","3","v2062810","1.2.1.1.1.1","13872.6","","","","1"
"1988-12","Canada","2021A000011124","Labour force","Total - Gender","15 years and over","Estimate","Seasonally adjusted","Persons in thousands","428","thousands","3","v2062810","1.2.1.1.1.1","13884.5","","","","1"
"1989-01","Canada","2021A000011124","Labour force","Total - Gender","15 years and over","Estimate","Seasonally adjusted","Persons in thousands","428","thousands","3","v2062810","1.2.1.1.1.1","13971.6","","","","1"
"1989-02","Canada","2021A000011124","Labour force","Total - Gender","15 years and over","Estimate","Seasonally adjusted","Persons in thousands","428","thousands","3","v2062810","1.2.1.1.1.1","13997.7","","","","1"
"1989-03","Canada","2021A000011124","Labour force","Total - Gender","15 years and over","Estimate","Seasonally adjusted","Persons in thousands","428","thousands","3","v2062810","1.2.1.1.1.1","14041.5","","","","1"
"1989-04","Canada","2021A000011124","Labour force","Total - Gender","15 years and over","Estimate","Seasonally adjusted","Persons in thousands","428","thousands","3","v2062810","1.2.1.1.1.1","14049.7","","","","1"
"1989-05","Canada","2021A000011124","Labour force","Total - Gender","15 years and over","Estimate","Seasonally adjusted","Persons in thousands","428","thousands","3","v2062810","1.2.1.1.1.1","14039.6","","","","1"
"1989-06","Canada","2021A000011124","Labour force","Total - Gender","15 years and over","Estimate","Seasonally adjusted","Persons in thousands","428","thousands","3","v2062810","1.2.1.1.1.1","14030.7","","","","1"
"1989-07","Canada","2021A000011124","Labour force","Total - Gender","15 years and over","Estimate","Seasonally adjusted","Persons in thousands","428","thousands","3","v2062810","1.2.1.1.1.1","14025.9","","","","1"
"1989-08","Canada","2021A000011124","Labour force","Total - Gender","15 years and over","Estimate","Seasonally adjusted","Persons in thousands","428","thousands","3","v2062810","1.2.1.1.1.1","14058.8","","","","1"
"1989-09","Canada","2021A000011124","Labour force","Total - Gender","15 years and over","Estimate","Seasonally adjusted","Persons in thousands","428","thousands","3","v2062810","1.2.1.1.1.1","14062.1","","","","1"
"1989-10","Canada","2021A000011124","Labour force","Total - Gender","15 years and over","Estimate","Seasonally adjusted","Persons in thousands","428","thousands","3","v2062810","1.2.1.1.1.1","14048.5","","","","1"
"1989-11","Canada","2021A000011124","Labour force","Total - Gender","15 years and over","Estimate","Seasonally adjusted","Persons in thousands","428","thousands","3","v2062810","1.2.1.1.1.1","14114.9","","","","1"
"1989-12","Canada","2021A000011124","Labour force","Total - Gender","15 years and over","Estimate","Seasonally adjusted","Persons in thousands","428","thousands","3","v2062810","1.2.1.1.1.1","14150.0","","","","1"
"1990-01","Canada","2021A000011124","Labour force","Total - Gender","15 years and over","Estimate","Seasonally adjusted","Persons in thousands","428","thousands","3","v2062810","1.2.1.1.1.1","14220.5","","","","1"
"1990-02","Canada","2021A000011124","Labour force","Total - Gender","15 years and over","Estimate","Seasonally adjusted","Persons in thousands","428","thousands","3","v2062810","1.2.1.1.1.1","14228.5","","","","1"
"1990-03","Canada","2021A000011124","Labour force","Total - Gender","15 years and over","Estimate","Seasonally adjusted","Persons in thousands","428","thousands","3","v2062810","1.2.1.1.1.1","14159.9","","","","1"
"1990-04","Canada","2021A000011124","Labour force","Total - Gender","15 years and over","Estimate","Seasonally adjusted","Persons in thousands","428","thousands","3","v2062810","1.2.1.1.1.1","14218.1","","","","1"
"1990-05","Canada","2021A000011124","Labour force","Total - Gender","15 years and over","Estimate","Seasonally adjusted","Persons in thousands","428","thousands","3","v2062810","1.2.1.1.1.1","14207.1","","","","1"
"1990-06","Canada","2021A000011124","Labour force","Total - Gender","15 years and over","Estimate","Seasonally adjusted","Persons in thousands","428","thousands","3","v2062810","1.2.1.1.1.1","14215.2","","","","1"
"1990-07","Canada","2021A000011124","Labour force","Total - Gender","15 years and over","Estimate","Seasonally adjusted","Persons in thousands","428","thousands","3","v2062810","1.2.1.1.1.1","14242.1","","","","1"
"1990-08","Canada","2021A000011124","Labour force","Total - Gender","15 years and over","Estimate","Seasonally adjusted","Persons in thousands","428","thousands","3","v2062810","1.2.1.1.1.1","14262.0","","","","1"
"1990-09","Canada","2021A000011124","Labour force","Total - Gender","15 years and over","Estimate","Seasonally adjusted","Persons in thousands","428","thousands","3","v2062810","1.2.1.1.1.1","14307.6","","","","1"
"1990-10","Canada","2021A000011124","Labour force","Total - Gender","15 years and over","Estimate","Seasonally adjusted","Persons in thousands","428","thousands","3","v2062810","1.2.1.1.1.1","14299.4","","","","1"
"1990-11","Canada","2021A000011124","Labour force","Total - Gender","15 years and over","Estimate","Seasonally adjusted","Persons in thousands","428","thousands","3","v2062810","1.2.1.1.1.1","14291.6","","","","1"
"1990-12","Canada","2021A000011124","Labour force","Total - Gender","15 years and over","Estimate","Seasonally adjusted","Persons in thousands","428","thousands","3","v2062810","1.2.1.1.1.1","14289.8","","","","1"
"1991-01","Canada","2021A000011124","Labour force","Total - Gender","15 years and over","Estimate","Seasonally adjusted","Persons in thousands","428","thousands","3","v2062810","1.2.1.1.1.1","14291.8","","","","1"
"1991-02","Canada","2021A000011124","Labour force","Total - Gender","15 years and over","Estimate","Seasonally adjusted","Persons in thousands","428","thousands","3","v2062810","1.2.1.1.1.1","14297.0","","","","1"
"1991-03","Canada","2021A000011124","Labour force","Total - Gender","15 years and over","Estimate","Seasonally adjusted","Persons in thousands","428","thousands","3","v2062810","1.2.1.1.1.1","14308.8","","","","1"
"1991-04","Canada","2021A000011124","Labour force","Total - Gender","15 years and over","Estimate","Seasonally adjusted","Persons in thousands","428","thousands","3","v2062810","1.2.1.1.1.1","14326.1","","","","1"
"1991-05","Canada","2021A000011124","Labour force","Total - Gender","15 years and over","Estimate","Seasonally adjusted","Persons in thousands","428","thousands","3","v2062810","1.2.1.1.1.1","14347.1","","","","1"
"1991-06","Canada","2021A000011124","Labour force","Total - Gender","15 years and over","Estimate","Seasonally adjusted","Persons in thousands","428","thousands","3","v2062810","1.2.1.1.1.1","14396.7","","","","1"
"1991-07","Canada","2021A000011124","Labour force","Total - Gender","15 years and over","Estimate","Seasonally adjusted","Persons in thousands","428","thousands","3","v2062810","1.2.1.1.1.1","14383.0","","","","1"
"1991-08","Canada","2021A000011124","Labour force","Total - Gender","15 years and over","Estimate","Seasonally adjusted","Persons in thousands","428","thousands","3","v2062810","1.2.1.1.1.1","14388.0","","","","1"
"1991-09","Canada","2021A000011124","Labour force","Total - Gender","15 years and over","Estimate","Seasonally adjusted","Persons in thousands","428","thousands","3","v2062810","1.2.1.1.1.1","14333.3","","","","1"
"1991-10","Canada","2021A000011124","Labour force","Total - Gender","15 years and over","Estimate","Seasonally adjusted","Persons in thousands","428","thousands","3","v2062810","1.2.1.1.1.1","14340.6","","","","1"
"1991-11","Canada","2021A000011124","Labour force","Total - Gender","15 years and over","Estimate","Seasonally adjusted","Persons in thousands","428","thousands","3","v2062810","1.2.1.1.1.1","14304.1","","","","1"
"1991-12","Canada","2021A000011124","Labour force","Total - Gender","15 years and over","Estimate","Seasonally adjusted","Persons in thousands","428","thousands","3","v2062810","1.2.1.1.1.1","14286.1","","","","1"
"1992-01","Canada","2021A000011124","Labour force","Total - Gender","15 years and over","Estimate","Seasonally adjusted","Persons in thousands","428","thousands","3","v2062810","1.2.1.1.1.1","14280.1","","","","1"
"1992-02","Canada","2021A000011124","Labour force","Total - Gender","15 years and over","Estimate","Seasonally adjusted","Persons in thousands","428","thousands","3","v2062810","1.2.1.1.1.1","14268.0","","","","1"
"1992-03","Canada","2021A000011124","Labour force","Total - Gender","15 years and over","Estimate","Seasonally adjusted","Persons in thousands","428","thousands","3","v2062810","1.2.1.1.1.1","14299.2","","","","1"
"1992-04","Canada","2021A000011124","Labour force","Total - Gender","15 years and over","Estimate","Seasonally adjusted","Persons in thousands","428","thousands","3","v2062810","1.2.1.1.1.1","14260.9","","","","1"
"1992-05","Canada","2021A000011124","Labour force","Total - Gender","15 years and over","Estimate","Seasonally adjusted","Persons in thousands","428","thousands","3","v2062810","1.2.1.1.1.1","14301.4","","","","1"
"1992-06","Canada","2021A000011124","Labour force","Total - Gender","15 years and over","Estimate","Seasonally adjusted","Persons in thousands","428","thousands","3","v2062810","1.2.1.1.1.1","14350.5","","","","1"
"1992-07","Canada","2021A000011124","Labour force","Total - Gender","15 years and over","Estimate","Seasonally adjusted","Persons in thousands","428","thousands","3","v2062810","1.2.1.1.1.1","14354.1","","","","1"
"1992-08","Canada","2021A000011124","Labour force","Total - Gender","15 years and over","Estimate","Seasonally adjusted","Persons in thousands","428","thousands","3","v2062810","1.2.1.1.1.1","14371.5","","","","1"
"1992-09","Canada","2021A000011124","Labour force","Total - Gender","15 years and over","Estimate","Seasonally adjusted","Persons in thousands","428","thousands","3","v2062810","1.2.1.1.1.1","14368.2","","","","1"
"1992-10","Canada","2021A000011124","Labour force","Total - Gender","15 years and over","Estimate","Seasonally adjusted","Persons in thousands","428","thousands","3","v2062810","1.2.1.1.1.1","14347.2","","","","1"
"1992-11","Canada","2021A000011124","Labour force","Total - Gender","15 years and over","Estimate","Seasonally adjusted","Persons in thousands","428","thousands","3","v2062810","1.2.1.1.1.1","14453.6","","","","1"
"1992-12","Canada","2021A000011124","Labour force","Total - Gender","15 years and over","Estimate","Seasonally adjusted","Persons in thousands","428","thousands","3","v2062810","1.2.1.1.1.1","14404.7","","","","1"
"1993-01","Canada","2021A000011124","Labour force","Total - Gender","15 years and over","Estimate","Seasonally adjusted","Persons in thousands","428","thousands","3","v2062810","1.2.1.1.1.1","14359.1","","","","1"
"1993-02","Canada","2021A000011124","Labour force","Total - Gender","15 years and over","Estimate","Seasonally adjusted","Persons in thousands","428","thousands","3","v2062810","1.2.1.1.1.1","14333.2","","","","1"
"1993-03","Canada","2021A000011124","Labour force","Total - Gender","15 years and over","Estimate","Seasonally adjusted","Persons in thousands","428","thousands","3","v2062810","1.2.1.1.1.1","14390.3","","","","1"
"1993-04","Canada","2021A000011124","Labour force","Total - Gender","15 years and over","Estimate","Seasonally adjusted","Persons in thousands","428","thousands","3","v2062810","1.2.1.1.1.1","14417.0","","","","1"
"1993-05","Canada","2021A000011124","Labour force","Total - Gender","15 years and over","Estimate","Seasonally adjusted","Persons in thousands","428","thousands","3","v2062810","1.2.1.1.1.1","14431.6","","","","1"
"1993-06","Canada","2021A000011124","Labour force","Total - Gender","15 years and over","Estimate","Seasonally adjusted","Persons in thousands","428","thousands","3","v2062810","1.2.1.1.1.1","14469.7","","","","1"
"1993-07","Canada","2021A000011124","Labour force","Total - Gender","15 years and over","Estimate","Seasonally adjusted","Persons in thousands","428","thousands","3","v2062810","1.2.1.1.1.1","14470.8","","","","1"
"1993-08","Canada","2021A000011124","Labour force","Total - Gender","15 years and over","Estimate","Seasonally adjusted","Persons in thousands","428","thousands","3","v2062810","1.2.1.1.1.1","14430.9","","","","1"
"1993-09","Canada","2021A000011124","Labour force","Total - Gender","15 years and over","Estimate","Seasonally adjusted","Persons in thousands","428","thousands","3","v2062810","1.2.1.1.1.1","14505.0","","","","1"
"1993-10","Canada","2021A000011124","Labour force","Total - Gender","15 years and over","Estimate","Seasonally adjusted","Persons in thousands","428","thousands","3","v2062810","1.2.1.1.1.1","14453.5","","","","1"
"1993-11","Canada","2021A000011124","Labour force","Total - Gender","15 years and over","Estimate","Seasonally adjusted","Persons in thousands","428","thousands","3","v2062810","1.2.1.1.1.1","14505.3","","","","1"
"1993-12","Canada","2021A000011124","Labour force","Total - Gender","15 years and over","Estimate","Seasonally adjusted","Persons in thousands","428","thousands","3","v2062810","1.2.1.1.1.1","14496.1","","","","1"
"1994-01","Canada","2021A000011124","Labour force","Total - Gender","15 years and over","Estimate","Seasonally adjusted","Persons in thousands","428","thousands","3","v2062810","1.2.1.1.1.1","14513.2","","","","1"
"1994-02","Canada","2021A000011124","Labour force","Total - Gender","15 years and over","Estimate","Seasonally adjusted","Persons in thousands","428","thousands","3","v2062810","1.2.1.1.1.1","14492.1","","","","1"
"1994-03","Canada","2021A000011124","Labour force","Total - Gender","15 years and over","Estimate","Seasonally adjusted","Persons in thousands","428","thousands","3","v2062810","1.2.1.1.1.1","14458.4","","","","1"
"1994-04","Canada","2021A000011124","Labour force","Total - Gender","15 years and over","Estimate","Seasonally adjusted","Persons in thousands","428","thousands","3","v2062810","1.2.1.1.1.1","14527.7","","","","1"
"1994-05","Canada","2021A000011124","Labour force","Total - Gender","15 years and over","Estimate","Seasonally adjusted","Persons in thousands","428","thousands","3","v2062810","1.2.1.1.1.1","14565.8","","","","1"
"1994-06","Canada","2021A000011124","Labour force","Total - Gender","15 years and over","Estimate","Seasonally adjusted","Persons in thousands","428","thousands","3","v2062810","1.2.1.1.1.1","14543.5","","","","1"
"1994-07","Canada","2021A000011124","Labour force","Total - Gender","15 years and over","Estimate","Seasonally adjusted","Persons in thousands","428","thousands","3","v2062810","1.2.1.1.1.1","14564.7","","","","1"
"1994-08","Canada","2021A000011124","Labour force","Total - Gender","15 years and over","Estimate","Seasonally adjusted","Persons in thousands","428","thousands","3","v2062810","1.2.1.1.1.1","14601.3","","","","1"
"1994-09","Canada","2021A000011124","Labour force","Total - Gender","15 years and over","Estimate","Seasonally adjusted","Persons in thousands","428","thousands","3","v2062810","1.2.1.1.1.1","14664.8","","","","1"
"1994-10","Canada","2021A000011124","Labour force","Total - Gender","15 years and over","Estimate","Seasonally adjusted","Persons in thousands","428","thousands","3","v2062810","1.2.1.1.1.1","14626.2","","","","1"
"1994-11","Canada","2021A000011124","Labour force","Total - Gender","15 years and over","Estimate","Seasonally adjusted","Persons in thousands","428","thousands","3","v2062810","1.2.1.1.1.1","14676.6","","","","1"
"1994-12","Canada","2021A000011124","Labour force","Total - Gender","15 years and over","Estimate","Seasonally adjusted","Persons in thousands","428","thousands","3","v2062810","1.2.1.1.1.1","14653.2","","","","1"
"1995-01","Canada","2021A000011124","Labour force","Total - Gender","15 years and over","Estimate","Seasonally adjusted","Persons in thousands","428","thousands","3","v2062810","1.2.1.1.1.1","14672.0","","","","1"
"1995-02","Canada","2021A000011124","Labour force","Total - Gender","15 years and over","Estimate","Seasonally adjusted","Persons in thousands","428","thousands","3","v2062810","1.2.1.1.1.1","14662.7","","","","1"
"1995-03","Canada","2021A000011124","Labour force","Total - Gender","15 years and over","Estimate","Seasonally adjusted","Persons in thousands","428","thousands","3","v2062810","1.2.1.1.1.1","14719.6","","","","1"
"1995-04","Canada","2021A000011124","Labour force","Total - Gender","15 years and over","Estimate","Seasonally adjusted","Persons in thousands","428","thousands","3","v2062810","1.2.1.1.1.1","14656.5","","","","1"
"1995-05","Canada","2021A000011124","Labour force","Total - Gender","15 years and over","Estimate","Seasonally adjusted","Persons in thousands","428","thousands","3","v2062810","1.2.1.1.1.1","14660.6","","","","1"
"1995-06","Canada","2021A000011124","Labour force","Total - Gender","15 years and over","Estimate","Seasonally adjusted","Persons in thousands","428","thousands","3","v2062810","1.2.1.1.1.1","14672.9","","","","1"
"1995-07","Canada","2021A000011124","Labour force","Total - Gender","15 years and over","Estimate","Seasonally adjusted","Persons in thousands","428","thousands","3","v2062810","1.2.1.1.1.1","14698.9","","","","1"
"1995-08","Canada","2021A000011124","Labour force","Total - Gender","15 years and over","Estimate","Seasonally adjusted","Persons in thousands","428","thousands","3","v2062810","1.2.1.1.1.1","14701.6","","","","1"
"1995-09","Canada","2021A000011124","Labour force","Total - Gender","15 years and over","Estimate","Seasonally adjusted","Persons in thousands","428","thousands","3","v2062810","1.2.1.1.1.1","14688.1","","","","1"
"1995-10","Canada","2021A000011124","Labour force","Total - Gender","15 years and over","Estimate","Seasonally adjusted","Persons in thousands","428","thousands","3","v2062810","1.2.1.1.1.1","14716.6","","","","1"
"1995-11","Canada","2021A000011124","Labour force","Total - Gender","15 years and over","Estimate","Seasonally adjusted","Persons in thousands","428","thousands","3","v2062810","1.2.1.1.1.1","14672.0","","","","1"
"1995-12","Canada","2021A000011124","Labour force","Total - Gender","15 years and over","Estimate","Seasonally adjusted","Persons in thousands","428","thousands","3","v2062810","1.2.1.1.1.1","14736.5","","","","1"
"1996-01","Canada","2021A000011124","Labour force","Total - Gender","15 years and over","Estimate","Seasonally adjusted","Persons in thousands","428","thousands","3","v2062810","1.2.1.1.1.1","14769.6","","","","1"
"1996-02","Canada","2021A000011124","Labour force","Total - Gender","15 years and over","Estimate","Seasonally adjusted","Persons in thousands","428","thousands","3","v2062810","1.2.1.1.1.1","14810.2","","","","1"
"1996-03","Canada","2021A000011124","Labour force","Total - Gender","15 years and over","Estimate","Seasonally adjusted","Persons in thousands","428","thousands","3","v2062810","1.2.1.1.1.1","14790.3","","","","1"
"1996-04","Canada","2021A000011124","Labour force","Total - Gender","15 years and over","Estimate","Seasonally adjusted","Persons in thousands","428","thousands","3","v2062810","1.2.1.1.1.1","14780.8","","","","1"
"1996-05","Canada","2021A000011124","Labour force","Total - Gender","15 years and over","Estimate","Seasonally adjusted","Persons in thousands","428","thousands","3","v2062810","1.2.1.1.1.1","14793.6","","","","1"
"1996-06","Canada","2021A000011124","Labour force","Total - Gender","15 years and over","Estimate","Seasonally adjusted","Persons in thousands","428","thousands","3","v2062810","1.2.1.1.1.1","14866.2","","","","1"
"1996-07","Canada","2021A000011124","Labour force","Total - Gender","15 years and over","Estimate","Seasonally adjusted","Persons in thousands","428","thousands","3","v2062810","1.2.1.1.1.1","14891.6","","","","1"
"1996-08","Canada","2021A000011124","Labour force","Total - Gender","15 years and over","Estimate","Seasonally adjusted","Persons in thousands","428","thousands","3","v2062810","1.2.1.1.1.1","14859.5","","","","1"
"1996-09","Canada","2021A000011124","Labour force","Total - Gender","15 years and over","Estimate","Seasonally adjusted","Persons in thousands","428","thousands","3","v2062810","1.2.1.1.1.1","14889.6","","","","1"
"1996-10","Canada","2021A000011124","Labour force","Total - Gender","15 years and over","Estimate","Seasonally adjusted","Persons in thousands","428","thousands","3","v2062810","1.2.1.1.1.1","14892.2","","","","1"
"1996-11","Canada","2021A000011124","Labour force","Total - Gender","15 years and over","Estimate","Seasonally adjusted","Persons in thousands","428","thousands","3","v2062810","1.2.1.1.1.1","14912.8","","","","1"
"1996-12","Canada","2021A000011124","Labour force","Total - Gender","15 years and over","Estimate","Seasonally adjusted","Persons in thousands","428","thousands","3","v2062810","1.2.1.1.1.1","14918.8","","","","1"
"1997-01","Canada","2021A000011124","Labour force","Total - Gender","15 years and over","Estimate","Seasonally adjusted","Persons in thousands","428","thousands","3","v2062810","1.2.1.1.1.1","14951.9","","","","1"
"1997-02","Canada","2021A000011124","Labour force","Total - Gender","15 years and over","Estimate","Seasonally adjusted","Persons in thousands","428","thousands","3","v2062810","1.2.1.1.1.1","14961.8","","","","1"
"1997-03","Canada","2021A000011124","Labour force","Total - Gender","15 years and over","Estimate","Seasonally adjusted","Persons in thousands","428","thousands","3","v2062810","1.2.1.1.1.1","14968.1","","","","1"
"1997-04","Canada","2021A000011124","Labour force","Total - Gender","15 years and over","Estimate","Seasonally adjusted","Persons in thousands","428","thousands","3","v2062810","1.2.1.1.1.1","14986.5","","","","1"
"1997-05","Canada","2021A000011124","Labour force","Total - Gender","15 years and over","Estimate","Seasonally adjusted","Persons in thousands","428","thousands","3","v2062810","1.2.1.1.1.1","15045.2","","","","1"
"1997-06","Canada","2021A000011124","Labour force","Total - Gender","15 years and over","Estimate","Seasonally adjusted","Persons in thousands","428","thousands","3","v2062810","1.2.1.1.1.1","15066.2","","","","1"
"1997-07","Canada","2021A000011124","Labour force","Total - Gender","15 years and over","Estimate","Seasonally adjusted","Persons in thousands","428","thousands","3","v2062810","1.2.1.1.1.1","15075.9","","","","1"
"1997-08","Canada","2021A000011124","Labour force","Total - Gender","15 years and over","Estimate","Seasonally adjusted","Persons in thousands","428","thousands","3","v2062810","1.2.1.1.1.1","15143.7","","","","1"
"1997-09","Canada","2021A000011124","Labour force","Total - Gender","15 years and over","Estimate","Seasonally adjusted","Persons in thousands","428","thousands","3","v2062810","1.2.1.1.1.1","15155.2","","","","1"
"1997-10","Canada","2021A000011124","Labour force","Total - Gender","15 years and over","Estimate","Seasonally adjusted","Persons in thousands","428","thousands","3","v2062810","1.2.1.1.1.1","15180.5","","","","1"
"1997-11","Canada","2021A000011124","Labour force","Total - Gender","15 years and over","Estimate","Seasonally adjusted","Persons in thousands","428","thousands","3","v2062810","1.2.1.1.1.1","15205.8","","","","1"
"1997-12","Canada","2021A000011124","Labour force","Total - Gender","15 years and over","Estimate","Seasonally adjusted","Persons in thousands","428","thousands","3","v2062810","1.2.1.1.1.1","15158.0","","","","1"
"1998-01","Canada","2021A000011124","Labour force","Total - Gender","15 years and over","Estimate","Seasonally adjusted","Persons in thousands","428","thousands","3","v2062810","1.2.1.1.1.1","15202.8","","","","1"
"1998-02","Canada","2021A000011124","Labour force","Total - Gender","15 years and over","Estimate","Seasonally adjusted","Persons in thousands","428","thousands","3","v2062810","1.2.1.1.1.1","15217.1","","","","1"
"1998-03","Canada","2021A000011124","Labour force","Total - Gender","15 years and over","Estimate","Seasonally adjusted","Persons in thousands","428","thousands","3","v2062810","1.2.1.1.1.1","15222.9","","","","1"
"1998-04","Canada","2021A000011124","Labour force","Total - Gender","15 years and over","Estimate","Seasonally adjusted","Persons in thousands","428","thousands","3","v2062810","1.2.1.1.1.1","15238.5","","","","1"
"1998-05","Canada","2021A000011124","Labour force","Total - Gender","15 years and over","Estimate","Seasonally adjusted","Persons in thousands","428","thousands","3","v2062810","1.2.1.1.1.1","15257.6","","","","1"
"1998-06","Canada","2021A000011124","Labour force","Total - Gender","15 years and over","Estimate","Seasonally adjusted","Persons in thousands","428","thousands","3","v2062810","1.2.1.1.1.1","15284.1","","","","1"
"1998-07","Canada","2021A000011124","Labour force","Total - Gender","15 years and over","Estimate","Seasonally adjusted","Persons in thousands","428","thousands","3","v2062810","1.2.1.1.1.1","15333.4","","","","1"
"1998-08","Canada","2021A000011124","Labour force","Total - Gender","15 years and over","Estimate","Seasonally adjusted","Persons in thousands","428","thousands","3","v2062810","1.2.1.1.1.1","15341.4","","","","1"
"1998-09","Canada","2021A000011124","Labour force","Total - Gender","15 years and over","Estimate","Seasonally adjusted","Persons in thousands","428","thousands","3","v2062810","1.2.1.1.1.1","15405.4","","","","1"
"1998-10","Canada","2021A000011124","Labour force","Total - Gender","15 years and over","Estimate","Seasonally adjusted","Persons in thousands","428","thousands","3","v2062810","1.2.1.1.1.1","15392.5","","","","1"
"1998-11","Canada","2021A000011124","Labour force","Total - Gender","15 years and over","Estimate","Seasonally adjusted","Persons in thousands","428","thousands","3","v2062810","1.2.1.1.1.1","15439.1","","","","1"
"1998-12","Canada","2021A000011124","Labour force","Total - Gender","15 years and over","Estimate","Seasonally adjusted","Persons in thousands","428","thousands","3","v2062810","1.2.1.1.1.1","15459.0","","","","1"
"1999-01","Canada","2021A000011124","Labour force","Total - Gender","15 years and over","Estimate","Seasonally adjusted","Persons in thousands","428","thousands","3","v2062810","1.2.1.1.1.1","15499.4","","","","1"
"1999-02","Canada","2021A000011124","Labour force","Total - Gender","15 years and over","Estimate","Seasonally adjusted","Persons in thousands","428","thousands","3","v2062810","1.2.1.1.1.1","15486.6","","","","1"
"1999-03","Canada","2021A000011124","Labour force","Total - Gender","15 years and over","Estimate","Seasonally adjusted","Persons in thousands","428","thousands","3","v2062810","1.2.1.1.1.1","15497.7","","","","1"
"1999-04","Canada","2021A000011124","Labour force","Total - Gender","15 years and over","Estimate","Seasonally adjusted","Persons in thousands","428","thousands","3","v2062810","1.2.1.1.1.1","15592.5","","","","1"
"1999-05","Canada","2021A000011124","Labour force","Total - Gender","15 years and over","Estimate","Seasonally adjusted","Persons in thousands","428","thousands","3","v2062810","1.2.1.1.1.1","15591.5","","","","1"
"1999-06","Canada","2021A000011124","Labour force","Total - Gender","15 years and over","Estimate","Seasonally adjusted","Persons in thousands","428","thousands","3","v2062810","1.2.1.1.1.1","15553.3","","","","1"
"1999-07","Canada","2021A000011124","Labour force","Total - Gender","15 years and over","Estimate","Seasonally adjusted","Persons in thousands","428","thousands","3","v2062810","1.2.1.1.1.1","15610.2","","","","1"
"1999-08","Canada","2021A000011124","Labour force","Total - Gender","15 years and over","Estimate","Seasonally adjusted","Persons in thousands","428","thousands","3","v2062810","1.2.1.1.1.1","15610.6","","","","1"
"1999-09","Canada","2021A000011124","Labour force","Total - Gender","15 years and over","Estimate","Seasonally adjusted","Persons in thousands","428","thousands","3","v2062810","1.2.1.1.1.1","15645.9","","","","1"
"1999-10","Canada","2021A000011124","Labour force","Total - Gender","15 years and over","Estimate","Seasonally adjusted","Persons in thousands","428","thousands","3","v2062810","1.2.1.1.1.1","15640.3","","","","1"
"1999-11","Canada","2021A000011124","Labour force","Total - Gender","15 years and over","Estimate","Seasonally adjusted","Persons in thousands","428","thousands","3","v2062810","1.2.1.1.1.1","15633.5","","","","1"
"1999-12","Canada","2021A000011124","Labour force","Total - Gender","15 years and over","Estimate","Seasonally adjusted","Persons in thousands","428","thousands","3","v2062810","1.2.1.1.1.1","15671.1","","","","1"
"2000-01","Canada","2021A000011124","Labour force","Total - Gender","15 years and over","Estimate","Seasonally adjusted","Persons in thousands","428","thousands","3","v2062810","1.2.1.1.1.1","15720.8","","","","1"
"2000-02","Canada","2021A000011124","Labour force","Total - Gender","15 years and over","Estimate","Seasonally adjusted","Persons in thousands","428","thousands","3","v2062810","1.2.1.1.1.1","15753.3","","","","1"
"2000-03","Canada","2021A000011124","Labour force","Total - Gender","15 years and over","Estimate","Seasonally adjusted","Persons in thousands","428","thousands","3","v2062810","1.2.1.1.1.1","15779.8","","","","1"
"2000-04","Canada","2021A000011124","Labour force","Total - Gender","15 years and over","Estimate","Seasonally adjusted","Persons in thousands","428","thousands","3","v2062810","1.2.1.1.1.1","15787.2","","","","1"
"2000-05","Canada","2021A000011124","Labour force","Total - Gender","15 years and over","Estimate","Seasonally adjusted","Persons in thousands","428","thousands","3","v2062810","1.2.1.1.1.1","15783.8","","","","1"
"2000-06","Canada","2021A000011124","Labour force","Total - Gender","15 years and over","Estimate","Seasonally adjusted","Persons in thousands","428","thousands","3","v2062810","1.2.1.1.1.1","15807.8","","","","1"
"2000-07","Canada","2021A000011124","Labour force","Total - Gender","15 years and over","Estimate","Seasonally adjusted","Persons in thousands","428","thousands","3","v2062810","1.2.1.1.1.1","15818.5","","","","1"
"2000-08","Canada","2021A000011124","Labour force","Total - Gender","15 years and over","Estimate","Seasonally adjusted","Persons in thousands","428","thousands","3","v2062810","1.2.1.1.1.1","15883.5","","","","1"
"2000-09","Canada","2021A000011124","Labour force","Total - Gender","15 years and over","Estimate","Seasonally adjusted","Persons in thousands","428","thousands","3","v2062810","1.2.1.1.1.1","15916.3","","","","1"
"2000-10","Canada","2021A000011124","Labour force","Total - Gender","15 years and over","Estimate","Seasonally adjusted","Persons in thousands","428","thousands","3","v2062810","1.2.1.1.1.1","15955.7","","","","1"
"2000-11","Canada","2021A000011124","Labour force","Total - Gender","15 years and over","Estimate","Seasonally adjusted","Persons in thousands","428","thousands","3","v2062810","1.2.1.1.1.1","15982.1","","","","1"
"2000-12","Canada","2021A000011124","Labour force","Total - Gender","15 years and over","Estimate","Seasonally adjusted","Persons in thousands","428","thousands","3","v2062810","1.2.1.1.1.1","16003.2","","","","1"
"2001-01","Canada","2021A000011124","Labour force","Total - Gender","15 years and over","Estimate","Seasonally adjusted","Persons in thousands","428","thousands","3","v2062810","1.2.1.1.1.1","15994.5","","","","1"
"2001-02","Canada","2021A000011124","Labour force","Total - Gender","15 years and over","Estimate","Seasonally adjusted","Persons in thousands","428","thousands","3","v2062810","1.2.1.1.1.1","16004.4","","","","1"
"2001-03","Canada","2021A000011124","Labour force","Total - Gender","15 years and over","Estimate","Seasonally adjusted","Persons in thousands","428","thousands","3","v2062810","1.2.1.1.1.1","16033.2","","","","1"
"2001-04","Canada","2021A000011124","Labour force","Total - Gender","15 years and over","Estimate","Seasonally adjusted","Persons in thousands","428","thousands","3","v2062810","1.2.1.1.1.1","16066.9","","","","1"
"2001-05","Canada","2021A000011124","Labour force","Total - Gender","15 years and over","Estimate","Seasonally adjusted","Persons in thousands","428","thousands","3","v2062810","1.2.1.1.1.1","16076.9","","","","1"
"2001-06","Canada","2021A000011124","Labour force","Total - Gender","15 years and over","Estimate","Seasonally adjusted","Persons in thousands","428","thousands","3","v2062810","1.2.1.1.1.1","16085.1","","","","1"
"2001-07","Canada","2021A000011124","Labour force","Total - Gender","15 years and over","Estimate","Seasonally adjusted","Persons in thousands","428","thousands","3","v2062810","1.2.1.1.1.1","16083.9","","","","1"
"2001-08","Canada","2021A000011124","Labour force","Total - Gender","15 years and over","Estimate","Seasonally adjusted","Persons in thousands","428","thousands","3","v2062810","1.2.1.1.1.1","16112.4","","","","1"
"2001-09","Canada","2021A000011124","Labour force","Total - Gender","15 years and over","Estimate","Seasonally adjusted","Persons in thousands","428","thousands","3","v2062810","1.2.1.1.1.1","16131.5","","","","1"
"2001-10","Canada","2021A000011124","Labour force","Total - Gender","15 years and over","Estimate","Seasonally adjusted","Persons in thousands","428","thousands","3","v2062810","1.2.1.1.1.1","16159.8","","","","1"
"2001-11","Canada","2021A000011124","Labour force","Total - Gender","15 years and over","Estimate","Seasonally adjusted","Persons in thousands","428","thousands","3","v2062810","1.2.1.1.1.1","16199.7","","","","1"
"2001-12","Canada","2021A000011124","Labour force","Total - Gender","15 years and over","Estimate","Seasonally adjusted","Persons in thousands","428","thousands","3","v2062810","1.2.1.1.1.1","16276.1","","","","1"
"2002-01","Canada","2021A000011124","Labour force","Total - Gender","15 years and over","Estimate","Seasonally adjusted","Persons in thousands","428","thousands","3","v2062810","1.2.1.1.1.1","16327.4","","","","1"
"2002-02","Canada","2021A000011124","Labour force","Total - Gender","15 years and over","Estimate","Seasonally adjusted","Persons in thousands","428","thousands","3","v2062810","1.2.1.1.1.1","16338.5","","","","1"
"2002-03","Canada","2021A000011124","Labour force","Total - Gender","15 years and over","Estimate","Seasonally adjusted","Persons in thousands","428","thousands","3","v2062810","1.2.1.1.1.1","16412.2","","","","1"
"2002-04","Canada","2021A000011124","Labour force","Total - Gender","15 years and over","Estimate","Seasonally adjusted","Persons in thousands","428","thousands","3","v2062810","1.2.1.1.1.1","16432.5","","","","1"
"2002-05","Canada","2021A000011124","Labour force","Total - Gender","15 years and over","Estimate","Seasonally adjusted","Persons in thousands","428","thousands","3","v2062810","1.2.1.1.1.1","16503.6","","","","1"
"2002-06","Canada","2021A000011124","Labour force","Total - Gender","15 years and over","Estimate","Seasonally adjusted","Persons in thousands","428","thousands","3","v2062810","1.2.1.1.1.1","16543.3","","","","1"
"2002-07","Canada","2021A000011124","Labour force","Total - Gender","15 years and over","Estimate","Seasonally adjusted","Persons in thousands","428","thousands","3","v2062810","1.2.1.1.1.1","16592.8","","","","1"
"2002-08","Canada","2021A000011124","Labour force","Total - Gender","15 years and over","Estimate","Seasonally adjusted","Persons in thousands","428","thousands","3","v2062810","1.2.1.1.1.1","16641.8","","","","1"
"2002-09","Canada","2021A000011124","Labour force","Total - Gender","15 years and over","Estimate","Seasonally adjusted","Persons in thousands","428","thousands","3","v2062810","1.2.1.1.1.1","16665.1","","","","1"
"2002-10","Canada","2021A000011124","Labour force","Total - Gender","15 years and over","Estimate","Seasonally adjusted","Persons in thousands","428","thousands","3","v2062810","1.2.1.1.1.1","16686.5","","","","1"
"2002-11","Canada","2021A000011124","Labour force","Total - Gender","15 years and over","Estimate","Seasonally adjusted","Persons in thousands","428","thousands","3","v2062810","1.2.1.1.1.1","16723.4","","","","1"
"2002-12","Canada","2021A000011124","Labour force","Total - Gender","15 years and over","Estimate","Seasonally adjusted","Persons in thousands","428","thousands","3","v2062810","1.2.1.1.1.1","16792.7","","","","1"
"2003-01","Canada","2021A000011124","Labour force","Total - Gender","15 years and over","Estimate","Seasonally adjusted","Persons in thousands","428","thousands","3","v2062810","1.2.1.1.1.1","16797.0","","","","1"
"2003-02","Canada","2021A000011124","Labour force","Total - Gender","15 years and over","Estimate","Seasonally adjusted","Persons in thousands","428","thousands","3","v2062810","1.2.1.1.1.1","16859.0","","","","1"
"2003-03","Canada","2021A000011124","Labour force","Total - Gender","15 years and over","Estimate","Seasonally adjusted","Persons in thousands","428","thousands","3","v2062810","1.2.1.1.1.1","16852.4","","","","1"
"2003-04","Canada","2021A000011124","Labour force","Total - Gender","15 years and over","Estimate","Seasonally adjusted","Persons in thousands","428","thousands","3","v2062810","1.2.1.1.1.1","16876.8","","","","1"
"2003-05","Canada","2021A000011124","Labour force","Total - Gender","15 years and over","Estimate","Seasonally adjusted","Persons in thousands","428","thousands","3","v2062810","1.2.1.1.1.1","16899.5","","","","1"
"2003-06","Canada","2021A000011124","Labour force","Total - Gender","15 years and over","Estimate","Seasonally adjusted","Persons in thousands","428","thousands","3","v2062810","1.2.1.1.1.1","16912.6","","","","1"
"2003-07","Canada","2021A000011124","Labour force","Total - Gender","15 years and over","Estimate","Seasonally adjusted","Persons in thousands","428","thousands","3","v2062810","1.2.1.1.1.1","16954.4","","","","1"
"2003-08","Canada","2021A000011124","Labour force","Total - Gender","15 years and over","Estimate","Seasonally adjusted","Persons in thousands","428","thousands","3","v2062810","1.2.1.1.1.1","16967.3","","","","1"
"2003-09","Canada","2021A000011124","Labour force","Total - Gender","15 years and over","Estimate","Seasonally adjusted","Persons in thousands","428","thousands","3","v2062810","1.2.1.1.1.1","17010.1","","","","1"
"2003-10","Canada","2021A000011124","Labour force","Total - Gender","15 years and over","Estimate","Seasonally adjusted","Persons in thousands","428","thousands","3","v2062810","1.2.1.1.1.1","17019.1","","","","1"
"2003-11","Canada","2021A000011124","Labour force","Total - Gender","15 years and over","Estimate","Seasonally adjusted","Persons in thousands","428","thousands","3","v2062810","1.2.1.1.1.1","17045.5","","","","1"
"2003-12","Canada","2021A000011124","Labour force","Total - Gender","15 years and over","Estimate","Seasonally adjusted","Persons in thousands","428","thousands","3","v2062810","1.2.1.1.1.1","17074.4","","","","1"
"2004-01","Canada","2021A000011124","Labour force","Total - Gender","15 years and over","Estimate","Seasonally adjusted","Persons in thousands","428","thousands","3","v2062810","1.2.1.1.1.1","17069.9","","","","1"
"2004-02","Canada","2021A000011124","Labour force","Total - Gender","15 years and over","Estimate","Seasonally adjusted","Persons in thousands","428","thousands","3","v2062810","1.2.1.1.1.1","17075.4","","","","1"
"2004-03","Canada","2021A000011124","Labour force","Total - Gender","15 years and over","Estimate","Seasonally adjusted","Persons in thousands","428","thousands","3","v2062810","1.2.1.1.1.1","17087.2","","","","1"
"2004-04","Canada","2021A000011124","Labour force","Total - Gender","15 years and over","Estimate","Seasonally adjusted","Persons in thousands","428","thousands","3","v2062810","1.2.1.1.1.1","17113.6","","","","1"
"2004-05","Canada","2021A000011124","Labour force","Total - Gender","15 years and over","Estimate","Seasonally adjusted","Persons in thousands","428","thousands","3","v2062810","1.2.1.1.1.1","17108.6","","","","1"
"2004-06","Canada","2021A000011124","Labour force","Total - Gender","15 years and over","Estimate","Seasonally adjusted","Persons in thousands","428","thousands","3","v2062810","1.2.1.1.1.1","17164.0","","","","1"
"2004-07","Canada","2021A000011124","Labour force","Total - Gender","15 years and over","Estimate","Seasonally adjusted","Persons in thousands","428","thousands","3","v2062810","1.2.1.1.1.1","17148.3","","","","1"
"2004-08","Canada","2021A000011124","Labour force","Total - Gender","15 years and over","Estimate","Seasonally adjusted","Persons in thousands","428","thousands","3","v2062810","1.2.1.1.1.1","17146.8","","","","1"
"2004-09","Canada","2021A000011124","Labour force","Total - Gender","15 years and over","Estimate","Seasonally adjusted","Persons in thousands","428","thousands","3","v2062810","1.2.1.1.1.1","17170.7","","","","1"
"2004-10","Canada","2021A000011124","Labour force","Total - Gender","15 years and over","Estimate","Seasonally adjusted","Persons in thousands","428","thousands","3","v2062810","1.2.1.1.1.1","17203.4","","","","1"
"2004-11","Canada","2021A000011124","Labour force","Total - Gender","15 years and over","Estimate","Seasonally adjusted","Persons in thousands","428","thousands","3","v2062810","1.2.1.1.1.1","17249.1","","","","1"
"2004-12","Canada","2021A000011124","Labour force","Total - Gender","15 years and over","Estimate","Seasonally adjusted","Persons in thousands","428","thousands","3","v2062810","1.2.1.1.1.1","17252.0","","","","1"
"2005-01","Canada","2021A000011124","Labour force","Total - Gender","15 years and over","Estimate","Seasonally adjusted","Persons in thousands","428","thousands","3","v2062810","1.2.1.1.1.1","17226.1","","","","1"
"2005-02","Canada","2021A000011124","Labour force","Total - Gender","15 years and over","Estimate","Seasonally adjusted","Persons in thousands","428","thousands","3","v2062810","1.2.1.1.1.1","17254.4","","","","1"
"2005-03","Canada","2021A000011124","Labour force","Total - Gender","15 years and over","Estimate","Seasonally adjusted","Persons in thousands","428","thousands","3","v2062810","1.2.1.1.1.1","17230.8","","","","1"
"2005-04","Canada","2021A000011124","Labour force","Total - Gender","15 years and over","Estimate","Seasonally adjusted","Persons in thousands","428","thousands","3","v2062810","1.2.1.1.1.1","17233.3","","","","1"
"2005-05","Canada","2021A000011124","Labour force","Total - Gender","15 years and over","Estimate","Seasonally adjusted","Persons in thousands","428","thousands","3","v2062810","1.2.1.1.1.1","17285.1","","","","1"
"2005-06","Canada","2021A000011124","Labour force","Total - Gender","15 years and over","Estimate","Seasonally adjusted","Persons in thousands","428","thousands","3","v2062810","1.2.1.1.1.1","17277.7","","","","1"
"2005-07","Canada","2021A000011124","Labour force","Total - Gender","15 years and over","Estimate","Seasonally adjusted","Persons in thousands","428","thousands","3","v2062810","1.2.1.1.1.1","17300.7","","","","1"
"2005-08","Canada","2021A000011124","Labour force","Total - Gender","15 years and over","Estimate","Seasonally adjusted","Persons in thousands","428","thousands","3","v2062810","1.2.1.1.1.1","17349.0","","","","1"
"2005-09","Canada","2021A000011124","Labour force","Total - Gender","15 years and over","Estimate","Seasonally adjusted","Persons in thousands","428","thousands","3","v2062810","1.2.1.1.1.1","17331.9","","","","1"
"2005-10","Canada","2021A000011124","Labour force","Total - Gender","15 years and over","Estimate","Seasonally adjusted","Persons in thousands","428","thousands","3","v2062810","1.2.1.1.1.1","17372.5","","","","1"
"2005-11","Canada","2021A000011124","Labour force","Total - Gender","15 years and over","Estimate","Seasonally adjusted","Persons in thousands","428","thousands","3","v2062810","1.2.1.1.1.1","17338.1","","","","1"
"2005-12","Canada","2021A000011124","Labour force","Total - Gender","15 years and over","Estimate","Seasonally adjusted","Persons in thousands","428","thousands","3","v2062810","1.2.1.1.1.1","17373.6","","","","1"
"2006-01","Canada","2021A000011124","Labour force","Total - Gender","15 years and over","Estimate","Seasonally adjusted","Persons in thousands","428","thousands","3","v2062810","1.2.1.1.1.1","17436.6","","","","1"
"2006-02","Canada","2021A000011124","Labour force","Total - Gender","15 years and over","Estimate","Seasonally adjusted","Persons in thousands","428","thousands","3","v2062810","1.2.1.1.1.1","17439.1","","","","1"
"2006-03","Canada","2021A000011124","Labour force","Total - Gender","15 years and over","Estimate","Seasonally adjusted","Persons in thousands","428","thousands","3","v2062810","1.2.1.1.1.1","17479.8","","","","1"
"2006-04","Canada","2021A000011124","Labour force","Total - Gender","15 years and over","Estimate","Seasonally adjusted","Persons in thousands","428","thousands","3","v2062810","1.2.1.1.1.1","17516.9","","","","1"
"2006-05","Canada","2021A000011124","Labour force","Total - Gender","15 years and over","Estimate","Seasonally adjusted","Persons in thousands","428","thousands","3","v2062810","1.2.1.1.1.1","17544.9","","","","1"
"2006-06","Canada","2021A000011124","Labour force","Total - Gender","15 years and over","Estimate","Seasonally adjusted","Persons in thousands","428","thousands","3","v2062810","1.2.1.1.1.1","17538.7","","","","1"
"2006-07","Canada","2021A000011124","Labour force","Total - Gender","15 years and over","Estimate","Seasonally adjusted","Persons in thousands","428","thousands","3","v2062810","1.2.1.1.1.1","17587.9","","","","1"
"2006-08","Canada","2021A000011124","Labour force","Total - Gender","15 years and over","Estimate","Seasonally adjusted","Persons in thousands","428","thousands","3","v2062810","1.2.1.1.1.1","17584.7","","","","1"
"2006-09","Canada","2021A000011124","Labour force","Total - Gender","15 years and over","Estimate","Seasonally adjusted","Persons in thousands","428","thousands","3","v2062810","1.2.1.1.1.1","17613.0","","","","1"
"2006-10","Canada","2021A000011124","Labour force","Total - Gender","15 years and over","Estimate","Seasonally adjusted","Persons in thousands","428","thousands","3","v2062810","1.2.1.1.1.1","17605.4","","","","1"
"2006-11","Canada","2021A000011124","Labour force","Total - Gender","15 years and over","Estimate","Seasonally adjusted","Persons in thousands","428","thousands","3","v2062810","1.2.1.1.1.1","17641.3","","","","1"
"2006-12","Canada","2021A000011124","Labour force","Total - Gender","15 years and over","Estimate","Seasonally adjusted","Persons in thousands","428","thousands","3","v2062810","1.2.1.1.1.1","17671.4","","","","1"
"2007-01","Canada","2021A000011124","Labour force","Total - Gender","15 years and over","Estimate","Seasonally adjusted","Persons in thousands","428","thousands","3","v2062810","1.2.1.1.1.1","17743.5","","","","1"
"2007-02","Canada","2021A000011124","Labour force","Total - Gender","15 years and over","Estimate","Seasonally adjusted","Persons in thousands","428","thousands","3","v2062810","1.2.1.1.1.1","17748.8","","","","1"
"2007-03","Canada","2021A000011124","Labour force","Total - Gender","15 years and over","Estimate","Seasonally adjusted","Persons in thousands","428","thousands","3","v2062810","1.2.1.1.1.1","17783.7","","","","1"
"2007-04","Canada","2021A000011124","Labour force","Total - Gender","15 years and over","Estimate","Seasonally adjusted","Persons in thousands","428","thousands","3","v2062810","1.2.1.1.1.1","17775.4","","","","1"
"2007-05","Canada","2021A000011124","Labour force","Total - Gender","15 years and over","Estimate","Seasonally adjusted","Persons in thousands","428","thousands","3","v2062810","1.2.1.1.1.1","17775.6","","","","1"
"2007-06","Canada","2021A000011124","Labour force","Total - Gender","15 years and over","Estimate","Seasonally adjusted","Persons in thousands","428","thousands","3","v2062810","1.2.1.1.1.1","17822.3","","","","1"
"2007-07","Canada","2021A000011124","Labour force","Total - Gender","15 years and over","Estimate","Seasonally adjusted","Persons in thousands","428","thousands","3","v2062810","1.2.1.1.1.1","17872.3","","","","1"
"2007-08","Canada","2021A000011124","Labour force","Total - Gender","15 years and over","Estimate","Seasonally adjusted","Persons in thousands","428","thousands","3","v2062810","1.2.1.1.1.1","17886.2","","","","1"
"2007-09","Canada","2021A000011124","Labour force","Total - Gender","15 years and over","Estimate","Seasonally adjusted","Persons in thousands","428","thousands","3","v2062810","1.2.1.1.1.1","17915.2","","","","1"
"2007-10","Canada","2021A000011124","Labour force","Total - Gender","15 years and over","Estimate","Seasonally adjusted","Persons in thousands","428","thousands","3","v2062810","1.2.1.1.1.1","17967.3","","","","1"
"2007-11","Canada","2021A000011124","Labour force","Total - Gender","15 years and over","Estimate","Seasonally adjusted","Persons in thousands","428","thousands","3","v2062810","1.2.1.1.1.1","18009.2","","","","1"
"2007-12","Canada","2021A000011124","Labour force","Total - Gender","15 years and over","Estimate","Seasonally adjusted","Persons in thousands","428","thousands","3","v2062810","1.2.1.1.1.1","18017.0","","","","1"
"2008-01","Canada","2021A000011124","Labour force","Total - Gender","15 years and over","Estimate","Seasonally adjusted","Persons in thousands","428","thousands","3","v2062810","1.2.1.1.1.1","18039.4","","","","1"
"2008-02","Canada","2021A000011124","Labour force","Total - Gender","15 years and over","Estimate","Seasonally adjusted","Persons in thousands","428","thousands","3","v2062810","1.2.1.1.1.1","18073.5","","","","1"
"2008-03","Canada","2021A000011124","Labour force","Total - Gender","15 years and over","Estimate","Seasonally adjusted","Persons in thousands","428","thousands","3","v2062810","1.2.1.1.1.1","18085.7","","","","1"
"2008-04","Canada","2021A000011124","Labour force","Total - Gender","15 years and over","Estimate","Seasonally adjusted","Persons in thousands","428","thousands","3","v2062810","1.2.1.1.1.1","18089.5","","","","1"
"2008-05","Canada","2021A000011124","Labour force","Total - Gender","15 years and over","Estimate","Seasonally adjusted","Persons in thousands","428","thousands","3","v2062810","1.2.1.1.1.1","18103.0","","","","1"
"2008-06","Canada","2021A000011124","Labour force","Total - Gender","15 years and over","Estimate","Seasonally adjusted","Persons in thousands","428","thousands","3","v2062810","1.2.1.1.1.1","18109.6","","","","1"
"2008-07","Canada","2021A000011124","Labour force","Total - Gender","15 years and over","Estimate","Seasonally adjusted","Persons in thousands","428","thousands","3","v2062810","1.2.1.1.1.1","18094.6","","","","1"
"2008-08","Canada","2021A000011124","Labour force","Total - Gender","15 years and over","Estimate","Seasonally adjusted","Persons in thousands","428","thousands","3","v2062810","1.2.1.1.1.1","18119.7","","","","1"
"2008-09","Canada","2021A000011124","Labour force","Total - Gender","15 years and over","Estimate","Seasonally adjusted","Persons in thousands","428","thousands","3","v2062810","1.2.1.1.1.1","18176.3","","","","1"
"2008-10","Canada","2021A000011124","Labour force","Total - Gender","15 years and over","Estimate","Seasonally adjusted","Persons in thousands","428","thousands","3","v2062810","1.2.1.1.1.1","18241.6","","","","1"
"2008-11","Canada","2021A000011124","Labour force","Total - Gender","15 years and over","Estimate","Seasonally adjusted","Persons in thousands","428","thousands","3","v2062810","1.2.1.1.1.1","18201.9","","","","1"
"2008-12","Canada","2021A000011124","Labour force","Total - Gender","15 years and over","Estimate","Seasonally adjusted","Persons in thousands","428","thousands","3","v2062810","1.2.1.1.1.1","18250.7","","","","1"
"2009-01","Canada","2021A000011124","Labour force","Total - Gender","15 years and over","Estimate","Seasonally adjusted","Persons in thousands","428","thousands","3","v2062810","1.2.1.1.1.1","18196.4","","","","1"
"2009-02","Canada","2021A000011124","Labour force","Total - Gender","15 years and over","Estimate","Seasonally adjusted","Persons in thousands","428","thousands","3","v2062810","1.2.1.1.1.1","18261.4","","","","1"
"2009-03","Canada","2021A000011124","Labour force","Total - Gender","15 years and over","Estimate","Seasonally adjusted","Persons in thousands","428","thousands","3","v2062810","1.2.1.1.1.1","18284.4","","","","1"
"2009-04","Canada","2021A000011124","Labour force","Total - Gender","15 years and over","Estimate","Seasonally adjusted","Persons in thousands","428","thousands","3","v2062810","1.2.1.1.1.1","18269.0","","","","1"
"2009-05","Canada","2021A000011124","Labour force","Total - Gender","15 years and over","Estimate","Seasonally adjusted","Persons in thousands","428","thousands","3","v2062810","1.2.1.1.1.1","18327.2","","","","1"
"2009-06","Canada","2021A000011124","Labour force","Total - Gender","15 years and over","Estimate","Seasonally adjusted","Persons in thousands","428","thousands","3","v2062810","1.2.1.1.1.1","18325.4","","","","1"
"2009-07","Canada","2021A000011124","Labour force","Total - Gender","15 years and over","Estimate","Seasonally adjusted","Persons in thousands","428","thousands","3","v2062810","1.2.1.1.1.1","18309.0","","","","1"
"2009-08","Canada","2021A000011124","Labour force","Total - Gender","15 years and over","Estimate","Seasonally adjusted","Persons in thousands","428","thousands","3","v2062810","1.2.1.1.1.1","18302.9","","","","1"
"2009-09","Canada","2021A000011124","Labour force","Total - Gender","15 years and over","Estimate","Seasonally adjusted","Persons in thousands","428","thousands","3","v2062810","1.2.1.1.1.1","18302.6","","","","1"
"2009-10","Canada","2021A000011124","Labour force","Total - Gender","15 years and over","Estimate","Seasonally adjusted","Persons in thousands","428","thousands","3","v2062810","1.2.1.1.1.1","18324.2","","","","1"
"2009-11","Canada","2021A000011124","Labour force","Total - Gender","15 years and over","Estimate","Seasonally adjusted","Persons in thousands","428","thousands","3","v2062810","1.2.1.1.1.1","18403.6","","","","1"
"2009-12","Canada","2021A000011124","Labour force","Total - Gender","15 years and over","Estimate","Seasonally adjusted","Persons in thousands","428","thousands","3","v2062810","1.2.1.1.1.1","18374.6","","","","1"
"2010-01","Canada","2021A000011124","Labour force","Total - Gender","15 years and over","Estimate","Seasonally adjusted","Persons in thousands","428","thousands","3","v2062810","1.2.1.1.1.1","18361.4","","","","1"
"2010-02","Canada","2021A000011124","Labour force","Total - Gender","15 years and over","Estimate","Seasonally adjusted","Persons in thousands","428","thousands","3","v2062810","1.2.1.1.1.1","18356.7","","","","1"
"2010-03","Canada","2021A000011124","Labour force","Total - Gender","15 years and over","Estimate","Seasonally adjusted","Persons in thousands","428","thousands","3","v2062810","1.2.1.1.1.1","18393.4","","","","1"
"2010-04","Canada","2021A000011124","Labour force","Total - Gender","15 years and over","Estimate","Seasonally adjusted","Persons in thousands","428","thousands","3","v2062810","1.2.1.1.1.1","18441.5","","","","1"
"2010-05","Canada","2021A000011124","Labour force","Total - Gender","15 years and over","Estimate","Seasonally adjusted","Persons in thousands","428","thousands","3","v2062810","1.2.1.1.1.1","18454.1","","","","1"
"2010-06","Canada","2021A000011124","Labour force","Total - Gender","15 years and over","Estimate","Seasonally adjusted","Persons in thousands","428","thousands","3","v2062810","1.2.1.1.1.1","18510.9","","","","1"
"2010-07","Canada","2021A000011124","Labour force","Total - Gender","15 years and over","Estimate","Seasonally adjusted","Persons in thousands","428","thousands","3","v2062810","1.2.1.1.1.1","18551.2","","","","1"
"2010-08","Canada","2021A000011124","Labour force","Total - Gender","15 years and over","Estimate","Seasonally adjusted","Persons in thousands","428","thousands","3","v2062810","1.2.1.1.1.1","18590.5","","","","1"
"2010-09","Canada","2021A000011124","Labour force","Total - Gender","15 years and over","Estimate","Seasonally adjusted","Persons in thousands","428","thousands","3","v2062810","1.2.1.1.1.1","18579.0","","","","1"
"2010-10","Canada","2021A000011124","Labour force","Total - Gender","15 years and over","Estimate","Seasonally adjusted","Persons in thousands","428","thousands","3","v2062810","1.2.1.1.1.1","18541.7","","","","1"
"2010-11","Canada","2021A000011124","Labour force","Total - Gender","15 years and over","Estimate","Seasonally adjusted","Persons in thousands","428","thousands","3","v2062810","1.2.1.1.1.1","18545.9","","","","1"
"2010-12","Canada","2021A000011124","Labour force","Total - Gender","15 years and over","Estimate","Seasonally adjusted","Persons in thousands","428","thousands","3","v2062810","1.2.1.1.1.1","18571.7","","","","1"
"2011-01","Canada","2021A000011124","Labour force","Total - Gender","15 years and over","Estimate","Seasonally adjusted","Persons in thousands","428","thousands","3","v2062810","1.2.1.1.1.1","18646.5","","","","1"
"2011-02","Canada","2021A000011124","Labour force","Total - Gender","15 years and over","Estimate","Seasonally adjusted","Persons in thousands","428","thousands","3","v2062810","1.2.1.1.1.1","18633.5","","","","1"
"2011-03","Canada","2021A000011124","Labour force","Total - Gender","15 years and over","Estimate","Seasonally adjusted","Persons in thousands","428","thousands","3","v2062810","1.2.1.1.1.1","18633.9","","","","1"
"2011-04","Canada","2021A000011124","Labour force","Total - Gender","15 years and over","Estimate","Seasonally adjusted","Persons in thousands","428","thousands","3","v2062810","1.2.1.1.1.1","18675.6","","","","1"
"2011-05","Canada","2021A000011124","Labour force","Total - Gender","15 years and over","Estimate","Seasonally adjusted","Persons in thousands","428","thousands","3","v2062810","1.2.1.1.1.1","18625.0","","","","1"
"2011-06","Canada","2021A000011124","Labour force","Total - Gender","15 years and over","Estimate","Seasonally adjusted","Persons in thousands","428","thousands","3","v2062810","1.2.1.1.1.1","18654.8","","","","1"
"2011-07","Canada","2021A000011124","Labour force","Total - Gender","15 years and over","Estimate","Seasonally adjusted","Persons in thousands","428","thousands","3","v2062810","1.2.1.1.1.1","18642.9","","","","1"
"2011-08","Canada","2021A000011124","Labour force","Total - Gender","15 years and over","Estimate","Seasonally adjusted","Persons in thousands","428","thousands","3","v2062810","1.2.1.1.1.1","18654.2","","","","1"
"2011-09","Canada","2021A000011124","Labour force","Total - Gender","15 years and over","Estimate","Seasonally adjusted","Persons in thousands","428","thousands","3","v2062810","1.2.1.1.1.1","18665.5","","","","1"
"2011-10","Canada","2021A000011124","Labour force","Total - Gender","15 years and over","Estimate","Seasonally adjusted","Persons in thousands","428","thousands","3","v2062810","1.2.1.1.1.1","18665.0","","","","1"
"2011-11","Canada","2021A000011124","Labour force","Total - Gender","15 years and over","Estimate","Seasonally adjusted","Persons in thousands","428","thousands","3","v2062810","1.2.1.1.1.1","18669.1","","","","1"
"2011-12","Canada","2021A000011124","Labour force","Total - Gender","15 years and over","Estimate","Seasonally adjusted","Persons in thousands","428","thousands","3","v2062810","1.2.1.1.1.1","18660.4","","","","1"
"2012-01","Canada","2021A000011124","Labour force","Total - Gender","15 years and over","Estimate","Seasonally adjusted","Persons in thousands","428","thousands","3","v2062810","1.2.1.1.1.1","18708.8","","","","1"
"2012-02","Canada","2021A000011124","Labour force","Total - Gender","15 years and over","Estimate","Seasonally adjusted","Persons in thousands","428","thousands","3","v2062810","1.2.1.1.1.1","18665.5","","","","1"
"2012-03","Canada","2021A000011124","Labour force","Total - Gender","15 years and over","Estimate","Seasonally adjusted","Persons in thousands","428","thousands","3","v2062810","1.2.1.1.1.1","18715.5","","","","1"
"2012-04","Canada","2021A000011124","Labour force","Total - Gender","15 years and over","Estimate","Seasonally adjusted","Persons in thousands","428","thousands","3","v2062810","1.2.1.1.1.1","18814.6","","","","1"
"2012-05","Canada","2021A000011124","Labour force","Total - Gender","15 years and over","Estimate","Seasonally adjusted","Persons in thousands","428","thousands","3","v2062810","1.2.1.1.1.1","18834.9","","","","1"
"2012-06","Canada","2021A000011124","Labour force","Total - Gender","15 years and over","Estimate","Seasonally adjusted","Persons in thousands","428","thousands","3","v2062810","1.2.1.1.1.1","18799.0","","","","1"
"2012-07","Canada","2021A000011124","Labour force","Total - Gender","15 years and over","Estimate","Seasonally adjusted","Persons in thousands","428","thousands","3","v2062810","1.2.1.1.1.1","18818.9","","","","1"
"2012-08","Canada","2021A000011124","Labour force","Total - Gender","15 years and over","Estimate","Seasonally adjusted","Persons in thousands","428","thousands","3","v2062810","1.2.1.1.1.1","18884.1","","","","1"
"2012-09","Canada","2021A000011124","Labour force","Total - Gender","15 years and over","Estimate","Seasonally adjusted","Persons in thousands","428","thousands","3","v2062810","1.2.1.1.1.1","18929.0","","","","1"
"2012-10","Canada","2021A000011124","Labour force","Total - Gender","15 years and over","Estimate","Seasonally adjusted","Persons in thousands","428","thousands","3","v2062810","1.2.1.1.1.1","18942.8","","","","1"
"2012-11","Canada","2021A000011124","Labour force","Total - Gender","15 years and over","Estimate","Seasonally adjusted","Persons in thousands","428","thousands","3","v2062810","1.2.1.1.1.1","18967.0","","","","1"
"2012-12","Canada","2021A000011124","Labour force","Total - Gender","15 years and over","Estimate","Seasonally adjusted","Persons in thousands","428","thousands","3","v2062810","1.2.1.1.1.1","18989.6","","","","1"
"2013-01","Canada","2021A000011124","Labour force","Total - Gender","15 years and over","Estimate","Seasonally adjusted","Persons in thousands","428","thousands","3","v2062810","1.2.1.1.1.1","18955.7","","","","1"
"2013-02","Canada","2021A000011124","Labour force","Total - Gender","15 years and over","Estimate","Seasonally adjusted","Persons in thousands","428","thousands","3","v2062810","1.2.1.1.1.1","19019.7","","","","1"
"2013-03","Canada","2021A000011124","Labour force","Total - Gender","15 years and over","Estimate","Seasonally adjusted","Persons in thousands","428","thousands","3","v2062810","1.2.1.1.1.1","18991.6","","","","1"
"2013-04","Canada","2021A000011124","Labour force","Total - Gender","15 years and over","Estimate","Seasonally adjusted","Persons in thousands","428","thousands","3","v2062810","1.2.1.1.1.1","19011.2","","","","1"
"2013-05","Canada","2021A000011124","Labour force","Total - Gender","15 years and over","Estimate","Seasonally adjusted","Persons in thousands","428","thousands","3","v2062810","1.2.1.1.1.1","19036.0","","","","1"
"2013-06","Canada","2021A000011124","Labour force","Total - Gender","15 years and over","Estimate","Seasonally adjusted","Persons in thousands","428","thousands","3","v2062810","1.2.1.1.1.1","19044.9","","","","1"
"2013-07","Canada","2021A000011124","Labour force","Total - Gender","15 years and over","Estimate","Seasonally adjusted","Persons in thousands","428","thousands","3","v2062810","1.2.1.1.1.1","19044.4","","","","1"
"2013-08","Canada","2021A000011124","Labour force","Total - Gender","15 years and over","Estimate","Seasonally adjusted","Persons in thousands","428","thousands","3","v2062810","1.2.1.1.1.1","19060.2","","","","1"
"2013-09","Canada","2021A000011124","Labour force","Total - Gender","15 years and over","Estimate","Seasonally adjusted","Persons in thousands","428","thousands","3","v2062810","1.2.1.1.1.1","19018.2","","","","1"
"2013-10","Canada","2021A000011124","Labour force","Total - Gender","15 years and over","Estimate","Seasonally adjusted","Persons in thousands","428","thousands","3","v2062810","1.2.1.1.1.1","19048.0","","","","1"
"2013-11","Canada","2021A000011124","Labour force","Total - Gender","15 years and over","Estimate","Seasonally adjusted","Persons in thousands","428","thousands","3","v2062810","1.2.1.1.1.1","19049.8","","","","1"
"2013-12","Canada","2021A000011124","Labour force","Total - Gender","15 years and over","Estimate","Seasonally adjusted","Persons in thousands","428","thousands","3","v2062810","1.2.1.1.1.1","19076.7","","","","1"
"2014-01","Canada","2021A000011124","Labour force","Total - Gender","15 years and over","Estimate","Seasonally adjusted","Persons in thousands","428","thousands","3","v2062810","1.2.1.1.1.1","19051.0","","","","1"
"2014-02","Canada","2021A000011124","Labour force","Total - Gender","15 years and over","Estimate","Seasonally adjusted","Persons in thousands","428","thousands","3","v2062810","1.2.1.1.1.1","19047.5","","","","1"
"2014-03","Canada","2021A000011124","Labour force","Total - Gender","15 years and over","Estimate","Seasonally adjusted","Persons in thousands","428","thousands","3","v2062810","1.2.1.1.1.1","19051.2","","","","1"
"2014-04","Canada","2021A000011124","Labour force","Total - Gender","15 years and over","Estimate","Seasonally adjusted","Persons in thousands","428","thousands","3","v2062810","1.2.1.1.1.1","19050.3","","","","1"
"2014-05","Canada","2021A000011124","Labour force","Total - Gender","15 years and over","Estimate","Seasonally adjusted","Persons in thousands","428","thousands","3","v2062810","1.2.1.1.1.1","19079.8","","","","1"
"2014-06","Canada","2021A000011124","Labour force","Total - Gender","15 years and over","Estimate","Seasonally adjusted","Persons in thousands","428","thousands","3","v2062810","1.2.1.1.1.1","19098.6","","","","1"
"2014-07","Canada","2021A000011124","Labour force","Total - Gender","15 years and over","Estimate","Seasonally adjusted","Persons in thousands","428","thousands","3","v2062810","1.2.1.1.1.1","19130.6","","","","1"
"2014-08","Canada","2021A000011124","Labour force","Total - Gender","15 years and over","Estimate","Seasonally adjusted","Persons in thousands","428","thousands","3","v2062810","1.2.1.1.1.1","19059.8","","","","1"
"2014-09","Canada","2021A000011124","Labour force","Total - Gender","15 years and over","Estimate","Seasonally adjusted","Persons in thousands","428","thousands","3","v2062810","1.2.1.1.1.1","19097.3","","","","1"
"2014-10","Canada","2021A000011124","Labour force","Total - Gender","15 years and over","Estimate","Seasonally adjusted","Persons in thousands","428","thousands","3","v2062810","1.2.1.1.1.1","19083.5","","","","1"
"2014-11","Canada","2021A000011124","Labour force","Total - Gender","15 years and over","Estimate","Seasonally adjusted","Persons in thousands","428","thousands","3","v2062810","1.2.1.1.1.1","19084.7","","","","1"
"2014-12","Canada","2021A000011124","Labour force","Total - Gender","15 years and over","Estimate","Seasonally adjusted","Persons in thousands","428","thousands","3","v2062810","1.2.1.1.1.1","19094.2","","","","1"
"2015-01","Canada","2021A000011124","Labour force","Total - Gender","15 years and over","Estimate","Seasonally adjusted","Persons in thousands","428","thousands","3","v2062810","1.2.1.1.1.1","19106.3","","","","1"
"2015-02","Canada","2021A000011124","Labour force","Total - Gender","15 years and over","Estimate","Seasonally adjusted","Persons in thousands","428","thousands","3","v2062810","1.2.1.1.1.1","19148.1","","","","1"
"2015-03","Canada","2021A000011124","Labour force","Total - Gender","15 years and over","Estimate","Seasonally adjusted","Persons in thousands","428","thousands","3","v2062810","1.2.1.1.1.1","19183.9","","","","1"
"2015-04","Canada","2021A000011124","Labour force","Total - Gender","15 years and over","Estimate","Seasonally adjusted","Persons in thousands","428","thousands","3","v2062810","1.2.1.1.1.1","19156.6","","","","1"
"2015-05","Canada","2021A000011124","Labour force","Total - Gender","15 years and over","Estimate","Seasonally adjusted","Persons in thousands","428","thousands","3","v2062810","1.2.1.1.1.1","19168.4","","","","1"
"2015-06","Canada","2021A000011124","Labour force","Total - Gender","15 years and over","Estimate","Seasonally adjusted","Persons in thousands","428","thousands","3","v2062810","1.2.1.1.1.1","19163.3","","","","1"
"2015-07","Canada","2021A000011124","Labour force","Total - Gender","15 years and over","Estimate","Seasonally adjusted","Persons in thousands","428","thousands","3","v2062810","1.2.1.1.1.1","19199.2","","","","1"
"2015-08","Canada","2021A000011124","Labour force","Total - Gender","15 years and over","Estimate","Seasonally adjusted","Persons in thousands","428","thousands","3","v2062810","1.2.1.1.1.1","19247.3","","","","1"
"2015-09","Canada","2021A000011124","Labour force","Total - Gender","15 years and over","Estimate","Seasonally adjusted","Persons in thousands","428","thousands","3","v2062810","1.2.1.1.1.1","19258.6","","","","1"
"2015-10","Canada","2021A000011124","Labour force","Total - Gender","15 years and over","Estimate","Seasonally adjusted","Persons in thousands","428","thousands","3","v2062810","1.2.1.1.1.1","19250.6","","","","1"
"2015-11","Canada","2021A000011124","Labour force","Total - Gender","15 years and over","Estimate","Seasonally adjusted","Persons in thousands","428","thousands","3","v2062810","1.2.1.1.1.1","19246.8","","","","1"
"2015-12","Canada","2021A000011124","Labour force","Total - Gender","15 years and over","Estimate","Seasonally adjusted","Persons in thousands","428","thousands","3","v2062810","1.2.1.1.1.1","19264.8","","","","1"
"2016-01","Canada","2021A000011124","Labour force","Total - Gender","15 years and over","Estimate","Seasonally adjusted","Persons in thousands","428","thousands","3","v2062810","1.2.1.1.1.1","19267.7","","","","1"
"2016-02","Canada","2021A000011124","Labour force","Total - Gender","15 years and over","Estimate","Seasonally adjusted","Persons in thousands","428","thousands","3","v2062810","1.2.1.1.1.1","19297.1","","","","1"
"2016-03","Canada","2021A000011124","Labour force","Total - Gender","15 years and over","Estimate","Seasonally adjusted","Persons in thousands","428","thousands","3","v2062810","1.2.1.1.1.1","19290.0","","","","1"
"2016-04","Canada","2021A000011124","Labour force","Total - Gender","15 years and over","Estimate","Seasonally adjusted","Persons in thousands","428","thousands","3","v2062810","1.2.1.1.1.1","19333.5","","","","1"
"2016-05","Canada","2021A000011124","Labour force","Total - Gender","15 years and over","Estimate","Seasonally adjusted","Persons in thousands","428","thousands","3","v2062810","1.2.1.1.1.1","19309.5","","","","1"
"2016-06","Canada","2021A000011124","Labour force","Total - Gender","15 years and over","Estimate","Seasonally adjusted","Persons in thousands","428","thousands","3","v2062810","1.2.1.1.1.1","19299.6","","","","1"
"2016-07","Canada","2021A000011124","Labour force","Total - Gender","15 years and over","Estimate","Seasonally adjusted","Persons in thousands","428","thousands","3","v2062810","1.2.1.1.1.1","19290.0","","","","1"
"2016-08","Canada","2021A000011124","Labour force","Total - Gender","15 years and over","Estimate","Seasonally adjusted","Persons in thousands","428","thousands","3","v2062810","1.2.1.1.1.1","19329.1","","","","1"
"2016-09","Canada","2021A000011124","Labour force","Total - Gender","15 years and over","Estimate","Seasonally adjusted","Persons in thousands","428","thousands","3","v2062810","1.2.1.1.1.1","19385.3","","","","1"
"2016-10","Canada","2021A000011124","Labour force","Total - Gender","15 years and over","Estimate","Seasonally adjusted","Persons in thousands","428","thousands","3","v2062810","1.2.1.1.1.1","19392.2","","","","1"
"2016-11","Canada","2021A000011124","Labour force","Total - Gender","15 years and over","Estimate","Seasonally adjusted","Persons in thousands","428","thousands","3","v2062810","1.2.1.1.1.1","19402.5","","","","1"
"2016-12","Canada","2021A000011124","Labour force","Total - Gender","15 years and over","Estimate","Seasonally adjusted","Persons in thousands","428","thousands","3","v2062810","1.2.1.1.1.1","19453.1","","","","1"
"2017-01","Canada","2021A000011124","Labour force","Total - Gender","15 years and over","Estimate","Seasonally adjusted","Persons in thousands","428","thousands","3","v2062810","1.2.1.1.1.1","19511.5","","","","1"
"2017-02","Canada","2021A000011124","Labour force","Total - Gender","15 years and over","Estimate","Seasonally adjusted","Persons in thousands","428","thousands","3","v2062810","1.2.1.1.1.1","19512.4","","","","1"
"2017-03","Canada","2021A000011124","Labour force","Total - Gender","15 years and over","Estimate","Seasonally adjusted","Persons in thousands","428","thousands","3","v2062810","1.2.1.1.1.1","19549.1","","","","1"
"2017-04","Canada","2021A000011124","Labour force","Total - Gender","15 years and over","Estimate","Seasonally adjusted","Persons in thousands","428","thousands","3","v2062810","1.2.1.1.1.1","19544.7","","","","1"
"2017-05","Canada","2021A000011124","Labour force","Total - Gender","15 years and over","Estimate","Seasonally adjusted","Persons in thousands","428","thousands","3","v2062810","1.2.1.1.1.1","19615.7","","","","1"
"2017-06","Canada","2021A000011124","Labour force","Total - Gender","15 years and over","Estimate","Seasonally adjusted","Persons in thousands","428","thousands","3","v2062810","1.2.1.1.1.1","19647.3","","","","1"
"2017-07","Canada","2021A000011124","Labour force","Total - Gender","15 years and over","Estimate","Seasonally adjusted","Persons in thousands","428","thousands","3","v2062810","1.2.1.1.1.1","19653.7","","","","1"
"2017-08","Canada","2021A000011124","Labour force","Total - Gender","15 years and over","Estimate","Seasonally adjusted","Persons in thousands","428","thousands","3","v2062810","1.2.1.1.1.1","19661.7","","","","1"
"2017-09","Canada","2021A000011124","Labour force","Total - Gender","15 years and over","Estimate","Seasonally adjusted","Persons in thousands","428","thousands","3","v2062810","1.2.1.1.1.1","19668.0","","","","1"
"2017-10","Canada","2021A000011124","Labour force","Total - Gender","15 years and over","Estimate","Seasonally adjusted","Persons in thousands","428","thousands","3","v2062810","1.2.1.1.1.1","19721.9","","","","1"
"2017-11","Canada","2021A000011124","Labour force","Total - Gender","15 years and over","Estimate","Seasonally adjusted","Persons in thousands","428","thousands","3","v2062810","1.2.1.1.1.1","19766.2","","","","1"
"2017-12","Canada","2021A000011124","Labour force","Total - Gender","15 years and over","Estimate","Seasonally adjusted","Persons in thousands","428","thousands","3","v2062810","1.2.1.1.1.1","19818.0","","","","1"
"2018-01","Canada","2021A000011124","Labour force","Total - Gender","15 years and over","Estimate","Seasonally adjusted","Persons in thousands","428","thousands","3","v2062810","1.2.1.1.1.1","19745.7","","","","1"
"2018-02","Canada","2021A000011124","Labour force","Total - Gender","15 years and over","Estimate","Seasonally adjusted","Persons in thousands","428","thousands","3","v2062810","1.2.1.1.1.1","19758.5","","","","1"
"2018-03","Canada","2021A000011124","Labour force","Total - Gender","15 years and over","Estimate","Seasonally adjusted","Persons in thousands","428","thousands","3","v2062810","1.2.1.1.1.1","19785.1","","","","1"
"2018-04","Canada","2021A000011124","Labour force","Total - Gender","15 years and over","Estimate","Seasonally adjusted","Persons in thousands","428","thousands","3","v2062810","1.2.1.1.1.1","19757.1","","","","1"
"2018-05","Canada","2021A000011124","Labour force","Total - Gender","15 years and over","Estimate","Seasonally adjusted","Persons in thousands","428","thousands","3","v2062810","1.2.1.1.1.1","19781.9","","","","1"
"2018-06","Canada","2021A000011124","Labour force","Total - Gender","15 years and over","Estimate","Seasonally adjusted","Persons in thousands","428","thousands","3","v2062810","1.2.1.1.1.1","19861.2","","","","1"
"2018-07","Canada","2021A000011124","Labour force","Total - Gender","15 years and over","Estimate","Seasonally adjusted","Persons in thousands","428","thousands","3","v2062810","1.2.1.1.1.1","19936.4","","","","1"
"2018-08","Canada","2021A000011124","Labour force","Total - Gender","15 years and over","Estimate","Seasonally adjusted","Persons in thousands","428","thousands","3","v2062810","1.2.1.1.1.1","19900.9","","","","1"
"2018-09","Canada","2021A000011124","Labour force","Total - Gender","15 years and over","Estimate","Seasonally adjusted","Persons in thousands","428","thousands","3","v2062810","1.2.1.1.1.1","19948.1","","","","1"
"2018-10","Canada","2021A000011124","Labour force","Total - Gender","15 years and over","Estimate","Seasonally adjusted","Persons in thousands","428","thousands","3","v2062810","1.2.1.1.1.1","19933.4","","","","1"
"2018-11","Canada","2021A000011124","Labour force","Total - Gender","15 years and over","Estimate","Seasonally adjusted","Persons in thousands","428","thousands","3","v2062810","1.2.1.1.1.1","20006.0","","","","1"
"2018-12","Canada","2021A000011124","Labour force","Total - Gender","15 years and over","Estimate","Seasonally adjusted","Persons in thousands","428","thousands","3","v2062810","1.2.1.1.1.1","20022.6","","","","1"
"2019-01","Canada","2021A000011124","Labour force","Total - Gender","15 years and over","Estimate","Seasonally adjusted","Persons in thousands","428","thousands","3","v2062810","1.2.1.1.1.1","20068.3","","","","1"
"2019-02","Canada","2021A000011124","Labour force","Total - Gender","15 years and over","Estimate","Seasonally adjusted","Persons in thousands","428","thousands","3","v2062810","1.2.1.1.1.1","20130.7","","","","1"
"2019-03","Canada","2021A000011124","Labour force","Total - Gender","15 years and over","Estimate","Seasonally adjusted","Persons in thousands","428","thousands","3","v2062810","1.2.1.1.1.1","20109.1","","","","1"
"2019-04","Canada","2021A000011124","Labour force","Total - Gender","15 years and over","Estimate","Seasonally adjusted","Persons in thousands","428","thousands","3","v2062810","1.2.1.1.1.1","20208.2","","","","1"
"2019-05","Canada","2021A000011124","Labour force","Total - Gender","15 years and over","Estimate","Seasonally adjusted","Persons in thousands","428","thousands","3","v2062810","1.2.1.1.1.1","20170.4","","","","1"
"2019-06","Canada","2021A000011124","Labour force","Total - Gender","15 years and over","Estimate","Seasonally adjusted","Persons in thousands","428","thousands","3","v2062810","1.2.1.1.1.1","20199.9","","","","1"
"2019-07","Canada","2021A000011124","Labour force","Total - Gender","15 years and over","Estimate","Seasonally adjusted","Persons in thousands","428","thousands","3","v2062810","1.2.1.1.1.1","20234.5","","","","1"
"2019-08","Canada","2021A000011124","Labour force","Total - Gender","15 years and over","Estimate","Seasonally adjusted","Persons in thousands","428","thousands","3","v2062810","1.2.1.1.1.1","20300.2","","","","1"
"2019-09","Canada","2021A000011124","Labour force","Total - Gender","15 years and over","Estimate","Seasonally adjusted","Persons in thousands","428","thousands","3","v2062810","1.2.1.1.1.1","20282.2","","","","1"
"2019-10","Canada","2021A000011124","Labour force","Total - Gender","15 years and over","Estimate","Seasonally adjusted","Persons in thousands","428","thousands","3","v2062810","1.2.1.1.1.1","20274.5","","","","1"
"2019-11","Canada","2021A000011124","Labour force","Total - Gender","15 years and over","Estimate","Seasonally adjusted","Persons in thousands","428","thousands","3","v2062810","1.2.1.1.1.1","20293.7","","","","1"
"2019-12","Canada","2021A000011124","Labour force","Total - Gender","15 years and over","Estimate","Seasonally adjusted","Persons in thousands","428","thousands","3","v2062810","1.2.1.1.1.1","20326.2","","","","1"
"2020-01","Canada","2021A000011124","Labour force","Total - Gender","15 years and over","Estimate","Seasonally adjusted","Persons in thousands","428","thousands","3","v2062810","1.2.1.1.1.1","20326.2","","","","1"
"2020-02","Canada","2021A000011124","Labour force","Total - Gender","15 years and over","Estimate","Seasonally adjusted","Persons in thousands","428","thousands","3","v2062810","1.2.1.1.1.1","20384.8","","","","1"
"2020-03","Canada","2021A000011124","Labour force","Total - Gender","15 years and over","Estimate","Seasonally adjusted","Persons in thousands","428","thousands","3","v2062810","1.2.1.1.1.1","19725.2","","","","1"
"2020-04","Canada","2021A000011124","Labour force","Total - Gender","15 years and over","Estimate","Seasonally adjusted","Persons in thousands","428","thousands","3","v2062810","1.2.1.1.1.1","18631.6","","","","1"
"2020-05","Canada","2021A000011124","Labour force","Total - Gender","15 years and over","Estimate","Seasonally adjusted","Persons in thousands","428","thousands","3","v2062810","1.2.1.1.1.1","19131.2","","","","1"
"2020-06","Canada","2021A000011124","Labour force","Total - Gender","15 years and over","Estimate","Seasonally adjusted","Persons in thousands","428","thousands","3","v2062810","1.2.1.1.1.1","19977.7","","","","1"
"2020-07","Canada","2021A000011124","Labour force","Total - Gender","15 years and over","Estimate","Seasonally adjusted","Persons in thousands","428","thousands","3","v2062810","1.2.1.1.1.1","20094.0","","","","1"
"2020-08","Canada","2021A000011124","Labour force","Total - Gender","15 years and over","Estimate","Seasonally adjusted","Persons in thousands","428","thousands","3","v2062810","1.2.1.1.1.1","20164.1","","","","1"
"2020-09","Canada","2021A000011124","Labour force","Total - Gender","15 years and over","Estimate","Seasonally adjusted","Persons in thousands","428","thousands","3","v2062810","1.2.1.1.1.1","20418.3","","","","1"
"2020-10","Canada","2021A000011124","Labour force","Total - Gender","15 years and over","Estimate","Seasonally adjusted","Persons in thousands","428","thousands","3","v2062810","1.2.1.1.1.1","20451.5","","","","1"
"2020-11","Canada","2021A000011124","Labour force","Total - Gender","15 years and over","Estimate","Seasonally adjusted","Persons in thousands","428","thousands","3","v2062810","1.2.1.1.1.1","20406.8","","","","1"
"2020-12","Canada","2021A000011124","Labour force","Total - Gender","15 years and over","Estimate","Seasonally adjusted","Persons in thousands","428","thousands","3","v2062810","1.2.1.1.1.1","20404.4","","","","1"
"2021-01","Canada","2021A000011124","Labour force","Total - Gender","15 years and over","Estimate","Seasonally adjusted","Persons in thousands","428","thousands","3","v2062810","1.2.1.1.1.1","20255.6","","","","1"
"2021-02","Canada","2021A000011124","Labour force","Total - Gender","15 years and over","Estimate","Seasonally adjusted","Persons in thousands","428","thousands","3","v2062810","1.2.1.1.1.1","20361.0","","","","1"
"2021-03","Canada","2021A000011124","Labour force","Total - Gender","15 years and over","Estimate","Seasonally adjusted","Persons in thousands","428","thousands","3","v2062810","1.2.1.1.1.1","20449.9","","","","1"
"2021-04","Canada","2021A000011124","Labour force","Total - Gender","15 years and over","Estimate","Seasonally adjusted","Persons in thousands","428","thousands","3","v2062810","1.2.1.1.1.1","20350.9","","","","1"
"2021-05","Canada","2021A000011124","Labour force","Total - Gender","15 years and over","Estimate","Seasonally adjusted","Persons in thousands","428","thousands","3","v2062810","1.2.1.1.1.1","20304.8","","","","1"
"2021-06","Canada","2021A000011124","Labour force","Total - Gender","15 years and over","Estimate","Seasonally adjusted","Persons in thousands","428","thousands","3","v2062810","1.2.1.1.1.1","20514.4","","","","1"
"2021-07","Canada","2021A000011124","Labour force","Total - Gender","15 years and over","Estimate","Seasonally adjusted","Persons in thousands","428","thousands","3","v2062810","1.2.1.1.1.1","20540.5","","","","1"
"2021-08","Canada","2021A000011124","Labour force","Total - Gender","15 years and over","Estimate","Seasonally adjusted","Persons in thousands","428","thousands","3","v2062810","1.2.1.1.1.1","20548.8","","","","1"
"2021-09","Canada","2021A000011124","Labour force","Total - Gender","15 years and over","Estimate","Seasonally adjusted","Persons in thousands","428","thousands","3","v2062810","1.2.1.1.1.1","20705.6","","","","1"
"2021-10","Canada","2021A000011124","Labour force","Total - Gender","15 years and over","Estimate","Seasonally adjusted","Persons in thousands","428","thousands","3","v2062810","1.2.1.1.1.1","20624.4","","","","1"
"2021-11","Canada","2021A000011124","Labour force","Total - Gender","15 years and over","Estimate","Seasonally adjusted","Persons in thousands","428","thousands","3","v2062810","1.2.1.1.1.1","20699.4","","","","1"
"2021-12","Canada","2021A000011124","Labour force","Total - Gender","15 years and over","Estimate","Seasonally adjusted","Persons in thousands","428","thousands","3","v2062810","1.2.1.1.1.1","20741.2","","","","1"
"2022-01","Canada","2021A000011124","Labour force","Total - Gender","15 years and over","Estimate","Seasonally adjusted","Persons in thousands","428","thousands","3","v2062810","1.2.1.1.1.1","20630.7","","","","1"
"2022-02","Canada","2021A000011124","Labour force","Total - Gender","15 years and over","Estimate","Seasonally adjusted","Persons in thousands","428","thousands","3","v2062810","1.2.1.1.1.1","20764.7","","","","1"
"2022-03","Canada","2021A000011124","Labour force","Total - Gender","15 years and over","Estimate","Seasonally adjusted","Persons in thousands","428","thousands","3","v2062810","1.2.1.1.1.1","20762.7","","","","1"
"2022-04","Canada","2021A000011124","Labour force","Total - Gender","15 years and over","Estimate","Seasonally adjusted","Persons in thousands","428","thousands","3","v2062810","1.2.1.1.1.1","20826.2","","","","1"
"2022-05","Canada","2021A000011124","Labour force","Total - Gender","15 years and over","Estimate","Seasonally adjusted","Persons in thousands","428","thousands","3","v2062810","1.2.1.1.1.1","20847.5","","","","1"
"2022-06","Canada","2021A000011124","Labour force","Total - Gender","15 years and over","Estimate","Seasonally adjusted","Persons in thousands","428","thousands","3","v2062810","1.2.1.1.1.1","20778.2","","","","1"
"2022-07","Canada","2021A000011124","Labour force","Total - Gender","15 years and over","Estimate","Seasonally adjusted","Persons in thousands","428","thousands","3","v2062810","1.2.1.1.1.1","20794.5","","","","1"
"2022-08","Canada","2021A000011124","Labour force","Total - Gender","15 years and over","Estimate","Seasonally adjusted","Persons in thousands","428","thousands","3","v2062810","1.2.1.1.1.1","20865.1","","","","1"
"2022-09","Canada","2021A000011124","Labour force","Total - Gender","15 years and over","Estimate","Seasonally adjusted","Persons in thousands","428","thousands","3","v2062810","1.2.1.1.1.1","20862.7","","","","1"
"2022-10","Canada","2021A000011124","Labour force","Total - Gender","15 years and over","Estimate","Seasonally adjusted","Persons in thousands","428","thousands","3","v2062810","1.2.1.1.1.1","20955.3","","","","1"
"2022-11","Canada","2021A000011124","Labour force","Total - Gender","15 years and over","Estimate","Seasonally adjusted","Persons in thousands","428","thousands","3","v2062810","1.2.1.1.1.1","20982.5","","","","1"
"2022-12","Canada","2021A000011124","Labour force","Total - Gender","15 years and over","Estimate","Seasonally adjusted","Persons in thousands","428","thousands","3","v2062810","1.2.1.1.1.1","21049.6","","","","1"
"2023-01","Canada","2021A000011124","Labour force","Total - Gender","15 years and over","Estimate","Seasonally adjusted","Persons in thousands","428","thousands","3","v2062810","1.2.1.1.1.1","21181.2","","","","1"
"2023-02","Canada","2021A000011124","Labour force","Total - Gender","15 years and over","Estimate","Seasonally adjusted","Persons in thousands","428","thousands","3","v2062810","1.2.1.1.1.1","21239.6","","","","1"
"2023-03","Canada","2021A000011124","Labour force","Total - Gender","15 years and over","Estimate","Seasonally adjusted","Persons in thousands","428","thousands","3","v2062810","1.2.1.1.1.1","21293.9","","","","1"
"2023-04","Canada","2021A000011124","Labour force","Total - Gender","15 years and over","Estimate","Seasonally adjusted","Persons in thousands","428","thousands","3","v2062810","1.2.1.1.1.1","21322.8","","","","1"
"2023-05","Canada","2021A000011124","Labour force","Total - Gender","15 years and over","Estimate","Seasonally adjusted","Persons in thousands","428","thousands","3","v2062810","1.2.1.1.1.1","21365.2","","","","1"
"2023-06","Canada","2021A000011124","Labour force","Total - Gender","15 years and over","Estimate","Seasonally adjusted","Persons in thousands","428","thousands","3","v2062810","1.2.1.1.1.1","21478.3","","","","1"
"2023-07","Canada","2021A000011124","Labour force","Total - Gender","15 years and over","Estimate","Seasonally adjusted","Persons in thousands","428","thousands","3","v2062810","1.2.1.1.1.1","21529.0","","","","1"
"2023-08","Canada","2021A000011124","Labour force","Total - Gender","15 years and over","Estimate","Seasonally adjusted","Persons in thousands","428","thousands","3","v2062810","1.2.1.1.1.1","21588.4","","","","1"
"2023-09","Canada","2021A000011124","Labour force","Total - Gender","15 years and over","Estimate","Seasonally adjusted","Persons in thousands","428","thousands","3","v2062810","1.2.1.1.1.1","21654.5","","","","1"
"2023-10","Canada","2021A000011124","Labour force","Total - Gender","15 years and over","Estimate","Seasonally adjusted","Persons in thousands","428","thousands","3","v2062810","1.2.1.1.1.1","21737.7","","","","1"
"2023-11","Canada","2021A000011124","Labour force","Total - Gender","15 years and over","Estimate","Seasonally adjusted","Persons in thousands","428","thousands","3","v2062810","1.2.1.1.1.1","21775.5","","","","1"
"2023-12","Canada","2021A000011124","Labour force","Total - Gender","15 years and over","Estimate","Seasonally adjusted","Persons in thousands","428","thousands","3","v2062810","1.2.1.1.1.1","21793.8","","","","1"
"2024-01","Canada","2021A000011124","Labour force","Total - Gender","15 years and over","Estimate","Seasonally adjusted","Persons in thousands","428","thousands","3","v2062810","1.2.1.1.1.1","21798.5","","","","1"
"2024-02","Canada","2021A000011124","Labour force","Total - Gender","15 years and over","Estimate","Seasonally adjusted","Persons in thousands","428","thousands","3","v2062810","1.2.1.1.1.1","21894.8","","","","1"
"2024-03","Canada","2021A000011124","Labour force","Total - Gender","15 years and over","Estimate","Seasonally adjusted","Persons in thousands","428","thousands","3","v2062810","1.2.1.1.1.1","21971.2","","","","1"
"2024-04","Canada","2021A000011124","Labour force","Total - Gender","15 years and over","Estimate","Seasonally adjusted","Persons in thousands","428","thousands","3","v2062810","1.2.1.1.1.1","22035.5","","","","1"
"2024-05","Canada","2021A000011124","Labour force","Total - Gender","15 years and over","Estimate","Seasonally adjusted","Persons in thousands","428","thousands","3","v2062810","1.2.1.1.1.1","22087.9","","","","1"
"2024-06","Canada","2021A000011124","Labour force","Total - Gender","15 years and over","Estimate","Seasonally adjusted","Persons in thousands","428","thousands","3","v2062810","1.2.1.1.1.1","22131.1","","","","1"
"2024-07","Canada","2021A000011124","Labour force","Total - Gender","15 years and over","Estimate","Seasonally adjusted","Persons in thousands","428","thousands","3","v2062810","1.2.1.1.1.1","22147.4","","","","1"
"2024-08","Canada","2021A000011124","Labour force","Total - Gender","15 years and over","Estimate","Seasonally adjusted","Persons in thousands","428","thousands","3","v2062810","1.2.1.1.1.1","22220.5","","","","1"
"2024-09","Canada","2021A000011124","Labour force","Total - Gender","15 years and over","Estimate","Seasonally adjusted","Persons in thousands","428","thousands","3","v2062810","1.2.1.1.1.1","22231.8","","","","1"
"2024-10","Canada","2021A000011124","Labour force","Total - Gender","15 years and over","Estimate","Seasonally adjusted","Persons in thousands","428","thousands","3","v2062810","1.2.1.1.1.1","22272.2","","","","1"
"2024-11","Canada","2021A000011124","Labour force","Total - Gender","15 years and over","Estimate","Seasonally adjusted","Persons in thousands","428","thousands","3","v2062810","1.2.1.1.1.1","22401.7","","","","1"
"2024-12","Canada","2021A000011124","Labour force","Total - Gender","15 years and over","Estimate","Seasonally adjusted","Persons in thousands","428","thousands","3","v2062810","1.2.1.1.1.1","22437.3","","","","1"
"2025-01","Canada","2021A000011124","Labour force","Total - Gender","15 years and over","Estimate","Seasonally adjusted","Persons in thousands","428","thousands","3","v2062810","1.2.1.1.1.1","22482.2","","","","1"
"2025-02","Canada","2021A000011124","Labour force","Total - Gender","15 years and over","Estimate","Seasonally adjusted","Persons in thousands","428","thousands","3","v2062810","1.2.1.1.1.1","22469.3","","","","1"
"2025-03","Canada","2021A000011124","Labour force","Total - Gender","15 years and over","Estimate","Seasonally adjusted","Persons in thousands","428","thousands","3","v2062810","1.2.1.1.1.1","22484.8","","","","1"
"2025-04","Canada","2021A000011124","Labour force","Total - Gender","15 years and over","Estimate","Seasonally adjusted","Persons in thousands","428","thousands","3","v2062810","1.2.1.1.1.1","22520.2","","","","1"
"2025-05","Canada","2021A000011124","Labour force","Total - Gender","15 years and over","Estimate","Seasonally adjusted","Persons in thousands","428","thousands","3","v2062810","1.2.1.1.1.1","22545.4","","","","1"
"2025-06","Canada","2021A000011124","Labour force","Total - Gender","15 years and over","Estimate","Seasonally adjusted","Persons in thousands","428","thousands","3","v2062810","1.2.1.1.1.1","22589.0","","","","1"
"2025-07","Canada","2021A000011124","Labour force","Total - Gender","15 years and over","Estimate","Seasonally adjusted","Persons in thousands","428","thousands","3","v2062810","1.2.1.1.1.1","22578.2","","","","1"
"2025-08","Canada","2021A000011124","Labour force","Total - Gender","15 years and over","Estimate","Seasonally adjusted","Persons in thousands","428","thousands","3","v2062810","1.2.1.1.1.1","22546.6","","","","1"
"2025-09","Canada","2021A000011124","Labour force","Total - Gender","15 years and over","Estimate","Seasonally adjusted","Persons in thousands","428","thousands","3","v2062810","1.2.1.1.1.1","22606.0","","","","1"
"2025-10","Canada","2021A000011124","Labour force","Total - Gender","15 years and over","Estimate","Seasonally adjusted","Persons in thousands","428","thousands","3","v2062810","1.2.1.1.1.1","22634.3","","","","1"
"2025-11","Canada","2021A000011124","Labour force","Total - Gender","15 years and over","Estimate","Seasonally adjusted","Persons in thousands","428","thousands","3","v2062810","1.2.1.1.1.1","22619.8","","","","1"
"2025-12","Canada","2021A000011124","Labour force","Total - Gender","15 years and over","Estimate","Seasonally adjusted","Persons in thousands","428","thousands","3","v2062810","1.2.1.1.1.1","22697.7","","","","1"
"1980-01","Canada","2021A000011124","Employment","Total - Gender","15 years and over","Estimate","Seasonally adjusted","Persons in thousands","428","thousands","3","v2062811","1.3.1.1.1.1","10882.6","","","","1"
"1980-02","Canada","2021A000011124","Employment","Total - Gender","15 years and over","Estimate","Seasonally adjusted","Persons in thousands","428","thousands","3","v2062811","1.3.1.1.1.1","10902.9","","","","1"
"1980-03","Canada","2021A000011124","Employment","Total - Gender","15 years and over","Estimate","Seasonally adjusted","Persons in thousands","428","thousands","3","v2062811","1.3.1.1.1.1","10897.8","","","","1"
"1980-04","Canada","2021A000011124","Employment","Total - Gender","15 years and over","Estimate","Seasonally adjusted","Persons in thousands","428","thousands","3","v2062811","1.3.1.1.1.1","10938.3","","","","1"
"1980-05","Canada","2021A000011124","Employment","Total - Gender","15 years and over","Estimate","Seasonally adjusted","Persons in thousands","428","thousands","3","v2062811","1.3.1.1.1.1","10891.6","","","","1"
"1980-06","Canada","2021A000011124","Employment","Total - Gender","15 years and over","Estimate","Seasonally adjusted","Persons in thousands","428","thousands","3","v2062811","1.3.1.1.1.1","10936.8","","","","1"
"1980-07","Canada","2021A000011124","Employment","Total - Gender","15 years and over","Estimate","Seasonally adjusted","Persons in thousands","428","thousands","3","v2062811","1.3.1.1.1.1","10935.0","","","","1"
"1980-08","Canada","2021A000011124","Employment","Total - Gender","15 years and over","Estimate","Seasonally adjusted","Persons in thousands","428","thousands","3","v2062811","1.3.1.1.1.1","10970.3","","","","1"
"1980-09","Canada","2021A000011124","Employment","Total - Gender","15 years and over","Estimate","Seasonally adjusted","Persons in thousands","428","thousands","3","v2062811","1.3.1.1.1.1","11051.9","","","","1"
"1980-10","Canada","2021A000011124","Employment","Total - Gender","15 years and over","Estimate","Seasonally adjusted","Persons in thousands","428","thousands","3","v2062811","1.3.1.1.1.1","11083.1","","","","1"
"1980-11","Canada","2021A000011124","Employment","Total - Gender","15 years and over","Estimate","Seasonally adjusted","Persons in thousands","428","thousands","3","v2062811","1.3.1.1.1.1","11127.0","","","","1"
"1980-12","Canada","2021A000011124","Employment","Total - Gender","15 years and over","Estimate","Seasonally adjusted","Persons in thousands","428","thousands","3","v2062811","1.3.1.1.1.1","11140.0","","","","1"
"1981-01","Canada","2021A000011124","Employment","Total - Gender","15 years and over","Estimate","Seasonally adjusted","Persons in thousands","428","thousands","3","v2062811","1.3.1.1.1.1","11206.5","","","","1"
"1981-02","Canada","2021A000011124","Employment","Total - Gender","15 years and over","Estimate","Seasonally adjusted","Persons in thousands","428","thousands","3","v2062811","1.3.1.1.1.1","11283.3","","","","1"
"1981-03","Canada","2021A000011124","Employment","Total - Gender","15 years and over","Estimate","Seasonally adjusted","Persons in thousands","428","thousands","3","v2062811","1.3.1.1.1.1","11278.7","","","","1"
"1981-04","Canada","2021A000011124","Employment","Total - Gender","15 years and over","Estimate","Seasonally adjusted","Persons in thousands","428","thousands","3","v2062811","1.3.1.1.1.1","11315.8","","","","1"
"1981-05","Canada","2021A000011124","Employment","Total - Gender","15 years and over","Estimate","Seasonally adjusted","Persons in thousands","428","thousands","3","v2062811","1.3.1.1.1.1","11345.8","","","","1"
"1981-06","Canada","2021A000011124","Employment","Total - Gender","15 years and over","Estimate","Seasonally adjusted","Persons in thousands","428","thousands","3","v2062811","1.3.1.1.1.1","11375.6","","","","1"
"1981-07","Canada","2021A000011124","Employment","Total - Gender","15 years and over","Estimate","Seasonally adjusted","Persons in thousands","428","thousands","3","v2062811","1.3.1.1.1.1","11336.4","","","","1"
"1981-08","Canada","2021A000011124","Employment","Total - Gender","15 years and over","Estimate","Seasonally adjusted","Persons in thousands","428","thousands","3","v2062811","1.3.1.1.1.1","11353.8","","","","1"
"1981-09","Canada","2021A000011124","Employment","Total - Gender","15 years and over","Estimate","Seasonally adjusted","Persons in thousands","428","thousands","3","v2062811","1.3.1.1.1.1","11328.7","","","","1"
"1981-10","Canada","2021A000011124","Employment","Total - Gender","15 years and over","Estimate","Seasonally adjusted","Persons in thousands","428","thousands","3","v2062811","1.3.1.1.1.1","11300.1","","","","1"
"1981-11","Canada","2021A000011124","Employment","Total - Gender","15 years and over","Estimate","Seasonally adjusted","Persons in thousands","428","thousands","3","v2062811","1.3.1.1.1.1","11291.5","","","","1"
"1981-12","Canada","2021A000011124","Employment","Total - Gender","15 years and over","Estimate","Seasonally adjusted","Persons in thousands","428","thousands","3","v2062811","1.3.1.1.1.1","11236.0","","","","1"
"1982-01","Canada","2021A000011124","Employment","Total - Gender","15 years and over","Estimate","Seasonally adjusted","Persons in thousands","428","thousands","3","v2062811","1.3.1.1.1.1","11205.6","","","","1"
"1982-02","Canada","2021A000011124","Employment","Total - Gender","15 years and over","Estimate","Seasonally adjusted","Persons in thousands","428","thousands","3","v2062811","1.3.1.1.1.1","11166.9","","","","1"
"1982-03","Canada","2021A000011124","Employment","Total - Gender","15 years and over","Estimate","Seasonally adjusted","Persons in thousands","428","thousands","3","v2062811","1.3.1.1.1.1","11140.5","","","","1"
"1982-04","Canada","2021A000011124","Employment","Total - Gender","15 years and over","Estimate","Seasonally adjusted","Persons in thousands","428","thousands","3","v2062811","1.3.1.1.1.1","11076.3","","","","1"
"1982-05","Canada","2021A000011124","Employment","Total - Gender","15 years and over","Estimate","Seasonally adjusted","Persons in thousands","428","thousands","3","v2062811","1.3.1.1.1.1","11021.9","","","","1"
"1982-06","Canada","2021A000011124","Employment","Total - Gender","15 years and over","Estimate","Seasonally adjusted","Persons in thousands","428","thousands","3","v2062811","1.3.1.1.1.1","10940.6","","","","1"
"1982-07","Canada","2021A000011124","Employment","Total - Gender","15 years and over","Estimate","Seasonally adjusted","Persons in thousands","428","thousands","3","v2062811","1.3.1.1.1.1","10893.6","","","","1"
"1982-08","Canada","2021A000011124","Employment","Total - Gender","15 years and over","Estimate","Seasonally adjusted","Persons in thousands","428","thousands","3","v2062811","1.3.1.1.1.1","10836.3","","","","1"
"1982-09","Canada","2021A000011124","Employment","Total - Gender","15 years and over","Estimate","Seasonally adjusted","Persons in thousands","428","thousands","3","v2062811","1.3.1.1.1.1","10806.7","","","","1"
"1982-10","Canada","2021A000011124","Employment","Total - Gender","15 years and over","Estimate","Seasonally adjusted","Persons in thousands","428","thousands","3","v2062811","1.3.1.1.1.1","10787.2","","","","1"
"1982-11","Canada","2021A000011124","Employment","Total - Gender","15 years and over","Estimate","Seasonally adjusted","Persons in thousands","428","thousands","3","v2062811","1.3.1.1.1.1","10764.1","","","","1"
"1982-12","Canada","2021A000011124","Employment","Total - Gender","15 years and over","Estimate","Seasonally adjusted","Persons in thousands","428","thousands","3","v2062811","1.3.1.1.1.1","10774.1","","","","1"
"1983-01","Canada","2021A000011124","Employment","Total - Gender","15 years and over","Estimate","Seasonally adjusted","Persons in thousands","428","thousands","3","v2062811","1.3.1.1.1.1","10801.1","","","","1"
"1983-02","Canada","2021A000011124","Employment","Total - Gender","15 years and over","Estimate","Seasonally adjusted","Persons in thousands","428","thousands","3","v2062811","1.3.1.1.1.1","10818.2","","","","1"
"1983-03","Canada","2021A000011124","Employment","Total - Gender","15 years and over","Estimate","Seasonally adjusted","Persons in thousands","428","thousands","3","v2062811","1.3.1.1.1.1","10874.9","","","","1"
"1983-04","Canada","2021A000011124","Employment","Total - Gender","15 years and over","Estimate","Seasonally adjusted","Persons in thousands","428","thousands","3","v2062811","1.3.1.1.1.1","10932.6","","","","1"
"1983-05","Canada","2021A000011124","Employment","Total - Gender","15 years and over","Estimate","Seasonally adjusted","Persons in thousands","428","thousands","3","v2062811","1.3.1.1.1.1","10952.5","","","","1"
"1983-06","Canada","2021A000011124","Employment","Total - Gender","15 years and over","Estimate","Seasonally adjusted","Persons in thousands","428","thousands","3","v2062811","1.3.1.1.1.1","11021.4","","","","1"
"1983-07","Canada","2021A000011124","Employment","Total - Gender","15 years and over","Estimate","Seasonally adjusted","Persons in thousands","428","thousands","3","v2062811","1.3.1.1.1.1","11073.4","","","","1"
"1983-08","Canada","2021A000011124","Employment","Total - Gender","15 years and over","Estimate","Seasonally adjusted","Persons in thousands","428","thousands","3","v2062811","1.3.1.1.1.1","11126.6","","","","1"
"1983-09","Canada","2021A000011124","Employment","Total - Gender","15 years and over","Estimate","Seasonally adjusted","Persons in thousands","428","thousands","3","v2062811","1.3.1.1.1.1","11174.2","","","","1"
"1983-10","Canada","2021A000011124","Employment","Total - Gender","15 years and over","Estimate","Seasonally adjusted","Persons in thousands","428","thousands","3","v2062811","1.3.1.1.1.1","11163.3","","","","1"
"1983-11","Canada","2021A000011124","Employment","Total - Gender","15 years and over","Estimate","Seasonally adjusted","Persons in thousands","428","thousands","3","v2062811","1.3.1.1.1.1","11162.0","","","","1"
"1983-12","Canada","2021A000011124","Employment","Total - Gender","15 years and over","Estimate","Seasonally adjusted","Persons in thousands","428","thousands","3","v2062811","1.3.1.1.1.1","11187.4","","","","1"
"1984-01","Canada","2021A000011124","Employment","Total - Gender","15 years and over","Estimate","Seasonally adjusted","Persons in thousands","428","thousands","3","v2062811","1.3.1.1.1.1","11168.6","","","","1"
"1984-02","Canada","2021A000011124","Employment","Total - Gender","15 years and over","Estimate","Seasonally adjusted","Persons in thousands","428","thousands","3","v2062811","1.3.1.1.1.1","11203.9","","","","1"
"1984-03","Canada","2021A000011124","Employment","Total - Gender","15 years and over","Estimate","Seasonally adjusted","Persons in thousands","428","thousands","3","v2062811","1.3.1.1.1.1","11205.9","","","","1"
"1984-04","Canada","2021A000011124","Employment","Total - Gender","15 years and over","Estimate","Seasonally adjusted","Persons in thousands","428","thousands","3","v2062811","1.3.1.1.1.1","11198.5","","","","1"
"1984-05","Canada","2021A000011124","Employment","Total - Gender","15 years and over","Estimate","Seasonally adjusted","Persons in thousands","428","thousands","3","v2062811","1.3.1.1.1.1","11245.5","","","","1"
"1984-06","Canada","2021A000011124","Employment","Total - Gender","15 years and over","Estimate","Seasonally adjusted","Persons in thousands","428","thousands","3","v2062811","1.3.1.1.1.1","11314.5","","","","1"
"1984-07","Canada","2021A000011124","Employment","Total - Gender","15 years and over","Estimate","Seasonally adjusted","Persons in thousands","428","thousands","3","v2062811","1.3.1.1.1.1","11356.6","","","","1"
"1984-08","Canada","2021A000011124","Employment","Total - Gender","15 years and over","Estimate","Seasonally adjusted","Persons in thousands","428","thousands","3","v2062811","1.3.1.1.1.1","11349.3","","","","1"
"1984-09","Canada","2021A000011124","Employment","Total - Gender","15 years and over","Estimate","Seasonally adjusted","Persons in thousands","428","thousands","3","v2062811","1.3.1.1.1.1","11373.8","","","","1"
"1984-10","Canada","2021A000011124","Employment","Total - Gender","15 years and over","Estimate","Seasonally adjusted","Persons in thousands","428","thousands","3","v2062811","1.3.1.1.1.1","11387.7","","","","1"
"1984-11","Canada","2021A000011124","Employment","Total - Gender","15 years and over","Estimate","Seasonally adjusted","Persons in thousands","428","thousands","3","v2062811","1.3.1.1.1.1","11391.1","","","","1"
"1984-12","Canada","2021A000011124","Employment","Total - Gender","15 years and over","Estimate","Seasonally adjusted","Persons in thousands","428","thousands","3","v2062811","1.3.1.1.1.1","11430.3","","","","1"
"1985-01","Canada","2021A000011124","Employment","Total - Gender","15 years and over","Estimate","Seasonally adjusted","Persons in thousands","428","thousands","3","v2062811","1.3.1.1.1.1","11481.7","","","","1"
"1985-02","Canada","2021A000011124","Employment","Total - Gender","15 years and over","Estimate","Seasonally adjusted","Persons in thousands","428","thousands","3","v2062811","1.3.1.1.1.1","11506.3","","","","1"
"1985-03","Canada","2021A000011124","Employment","Total - Gender","15 years and over","Estimate","Seasonally adjusted","Persons in thousands","428","thousands","3","v2062811","1.3.1.1.1.1","11531.4","","","","1"
"1985-04","Canada","2021A000011124","Employment","Total - Gender","15 years and over","Estimate","Seasonally adjusted","Persons in thousands","428","thousands","3","v2062811","1.3.1.1.1.1","11571.5","","","","1"
"1985-05","Canada","2021A000011124","Employment","Total - Gender","15 years and over","Estimate","Seasonally adjusted","Persons in thousands","428","thousands","3","v2062811","1.3.1.1.1.1","11613.7","","","","1"
"1985-06","Canada","2021A000011124","Employment","Total - Gender","15 years and over","Estimate","Seasonally adjusted","Persons in thousands","428","thousands","3","v2062811","1.3.1.1.1.1","11627.0","","","","1"
"1985-07","Canada","2021A000011124","Employment","Total - Gender","15 years and over","Estimate","Seasonally adjusted","Persons in thousands","428","thousands","3","v2062811","1.3.1.1.1.1","11681.1","","","","1"
"1985-08","Canada","2021A000011124","Employment","Total - Gender","15 years and over","Estimate","Seasonally adjusted","Persons in thousands","428","thousands","3","v2062811","1.3.1.1.1.1","11712.1","","","","1"
"1985-09","Canada","2021A000011124","Employment","Total - Gender","15 years and over","Estimate","Seasonally adjusted","Persons in thousands","428","thousands","3","v2062811","1.3.1.1.1.1","11723.3","","","","1"
"1985-10","Canada","2021A000011124","Employment","Total - Gender","15 years and over","Estimate","Seasonally adjusted","Persons in thousands","428","thousands","3","v2062811","1.3.1.1.1.1","11754.0","","","","1"
"1985-11","Canada","2021A000011124","Employment","Total - Gender","15 years and over","Estimate","Seasonally adjusted","Persons in thousands","428","thousands","3","v2062811","1.3.1.1.1.1","11819.0","","","","1"
"1985-12","Canada","2021A000011124","Employment","Total - Gender","15 years and over","Estimate","Seasonally adjusted","Persons in thousands","428","thousands","3","v2062811","1.3.1.1.1.1","11860.5","","","","1"
"1986-01","Canada","2021A000011124","Employment","Total - Gender","15 years and over","Estimate","Seasonally adjusted","Persons in thousands","428","thousands","3","v2062811","1.3.1.1.1.1","11903.5","","","","1"
"1986-02","Canada","2021A000011124","Employment","Total - Gender","15 years and over","Estimate","Seasonally adjusted","Persons in thousands","428","thousands","3","v2062811","1.3.1.1.1.1","11917.9","","","","1"
"1986-03","Canada","2021A000011124","Employment","Total - Gender","15 years and over","Estimate","Seasonally adjusted","Persons in thousands","428","thousands","3","v2062811","1.3.1.1.1.1","11926.3","","","","1"
"1986-04","Canada","2021A000011124","Employment","Total - Gender","15 years and over","Estimate","Seasonally adjusted","Persons in thousands","428","thousands","3","v2062811","1.3.1.1.1.1","12008.1","","","","1"
"1986-05","Canada","2021A000011124","Employment","Total - Gender","15 years and over","Estimate","Seasonally adjusted","Persons in thousands","428","thousands","3","v2062811","1.3.1.1.1.1","11977.2","","","","1"
"1986-06","Canada","2021A000011124","Employment","Total - Gender","15 years and over","Estimate","Seasonally adjusted","Persons in thousands","428","thousands","3","v2062811","1.3.1.1.1.1","12016.9","","","","1"
"1986-07","Canada","2021A000011124","Employment","Total - Gender","15 years and over","Estimate","Seasonally adjusted","Persons in thousands","428","thousands","3","v2062811","1.3.1.1.1.1","12017.1","","","","1"
"1986-08","Canada","2021A000011124","Employment","Total - Gender","15 years and over","Estimate","Seasonally adjusted","Persons in thousands","428","thousands","3","v2062811","1.3.1.1.1.1","12024.7","","","","1"
"1986-09","Canada","2021A000011124","Employment","Total - Gender","15 years and over","Estimate","Seasonally adjusted","Persons in thousands","428","thousands","3","v2062811","1.3.1.1.1.1","12035.2","","","","1"
"1986-10","Canada","2021A000011124","Employment","Total - Gender","15 years and over","Estimate","Seasonally adjusted","Persons in thousands","428","thousands","3","v2062811","1.3.1.1.1.1","12059.6","","","","1"
"1986-11","Canada","2021A000011124","Employment","Total - Gender","15 years and over","Estimate","Seasonally adjusted","Persons in thousands","428","thousands","3","v2062811","1.3.1.1.1.1","12082.0","","","","1"
"1986-12","Canada","2021A000011124","Employment","Total - Gender","15 years and over","Estimate","Seasonally adjusted","Persons in thousands","428","thousands","3","v2062811","1.3.1.1.1.1","12079.7","","","","1"
"1987-01","Canada","2021A000011124","Employment","Total - Gender","15 years and over","Estimate","Seasonally adjusted","Persons in thousands","428","thousands","3","v2062811","1.3.1.1.1.1","12102.0","","","","1"
"1987-02","Canada","2021A000011124","Employment","Total - Gender","15 years and over","Estimate","Seasonally adjusted","Persons in thousands","428","thousands","3","v2062811","1.3.1.1.1.1","12131.4","","","","1"
"1987-03","Canada","2021A000011124","Employment","Total - Gender","15 years and over","Estimate","Seasonally adjusted","Persons in thousands","428","thousands","3","v2062811","1.3.1.1.1.1","12182.0","","","","1"
"1987-04","Canada","2021A000011124","Employment","Total - Gender","15 years and over","Estimate","Seasonally adjusted","Persons in thousands","428","thousands","3","v2062811","1.3.1.1.1.1","12229.5","","","","1"
"1987-05","Canada","2021A000011124","Employment","Total - Gender","15 years and over","Estimate","Seasonally adjusted","Persons in thousands","428","thousands","3","v2062811","1.3.1.1.1.1","12285.7","","","","1"
"1987-06","Canada","2021A000011124","Employment","Total - Gender","15 years and over","Estimate","Seasonally adjusted","Persons in thousands","428","thousands","3","v2062811","1.3.1.1.1.1","12319.4","","","","1"
"1987-07","Canada","2021A000011124","Employment","Total - Gender","15 years and over","Estimate","Seasonally adjusted","Persons in thousands","428","thousands","3","v2062811","1.3.1.1.1.1","12345.5","","","","1"
"1987-08","Canada","2021A000011124","Employment","Total - Gender","15 years and over","Estimate","Seasonally adjusted","Persons in thousands","428","thousands","3","v2062811","1.3.1.1.1.1","12376.2","","","","1"
"1987-09","Canada","2021A000011124","Employment","Total - Gender","15 years and over","Estimate","Seasonally adjusted","Persons in thousands","428","thousands","3","v2062811","1.3.1.1.1.1","12421.9","","","","1"
"1987-10","Canada","2021A000011124","Employment","Total - Gender","15 years and over","Estimate","Seasonally adjusted","Persons in thousands","428","thousands","3","v2062811","1.3.1.1.1.1","12487.4","","","","1"
"1987-11","Canada","2021A000011124","Employment","Total - Gender","15 years and over","Estimate","Seasonally adjusted","Persons in thousands","428","thousands","3","v2062811","1.3.1.1.1.1","12519.4","","","","1"
"1987-12","Canada","2021A000011124","Employment","Total - Gender","15 years and over","Estimate","Seasonally adjusted","Persons in thousands","428","thousands","3","v2062811","1.3.1.1.1.1","12583.3","","","","1"
"1988-01","Canada","2021A000011124","Employment","Total - Gender","15 years and over","Estimate","Seasonally adjusted","Persons in thousands","428","thousands","3","v2062811","1.3.1.1.1.1","12601.9","","","","1"
"1988-02","Canada","2021A000011124","Employment","Total - Gender","15 years and over","Estimate","Seasonally adjusted","Persons in thousands","428","thousands","3","v2062811","1.3.1.1.1.1","12642.6","","","","1"
"1988-03","Canada","2021A000011124","Employment","Total - Gender","15 years and over","Estimate","Seasonally adjusted","Persons in thousands","428","thousands","3","v2062811","1.3.1.1.1.1","12662.6","","","","1"
"1988-04","Canada","2021A000011124","Employment","Total - Gender","15 years and over","Estimate","Seasonally adjusted","Persons in thousands","428","thousands","3","v2062811","1.3.1.1.1.1","12676.0","","","","1"
"1988-05","Canada","2021A000011124","Employment","Total - Gender","15 years and over","Estimate","Seasonally adjusted","Persons in thousands","428","thousands","3","v2062811","1.3.1.1.1.1","12679.7","","","","1"
"1988-06","Canada","2021A000011124","Employment","Total - Gender","15 years and over","Estimate","Seasonally adjusted","Persons in thousands","428","thousands","3","v2062811","1.3.1.1.1.1","12698.1","","","","1"
"1988-07","Canada","2021A000011124","Employment","Total - Gender","15 years and over","Estimate","Seasonally adjusted","Persons in thousands","428","thousands","3","v2062811","1.3.1.1.1.1","12711.8","","","","1"
"1988-08","Canada","2021A000011124","Employment","Total - Gender","15 years and over","Estimate","Seasonally adjusted","Persons in thousands","428","thousands","3","v2062811","1.3.1.1.1.1","12720.0","","","","1"
"1988-09","Canada","2021A000011124","Employment","Total - Gender","15 years and over","Estimate","Seasonally adjusted","Persons in thousands","428","thousands","3","v2062811","1.3.1.1.1.1","12732.8","","","","1"
"1988-10","Canada","2021A000011124","Employment","Total - Gender","15 years and over","Estimate","Seasonally adjusted","Persons in thousands","428","thousands","3","v2062811","1.3.1.1.1.1","12765.0","","","","1"
"1988-11","Canada","2021A000011124","Employment","Total - Gender","15 years and over","Estimate","Seasonally adjusted","Persons in thousands","428","thousands","3","v2062811","1.3.1.1.1.1","12795.8","","","","1"
"1988-12","Canada","2021A000011124","Employment","Total - Gender","15 years and over","Estimate","Seasonally adjusted","Persons in thousands","428","thousands","3","v2062811","1.3.1.1.1.1","12849.4","","","","1"
"1989-01","Canada","2021A000011124","Employment","Total - Gender","15 years and over","Estimate","Seasonally adjusted","Persons in thousands","428","thousands","3","v2062811","1.3.1.1.1.1","12922.0","","","","1"
"1989-02","Canada","2021A000011124","Employment","Total - Gender","15 years and over","Estimate","Seasonally adjusted","Persons in thousands","428","thousands","3","v2062811","1.3.1.1.1.1","12936.8","","","","1"
"1989-03","Canada","2021A000011124","Employment","Total - Gender","15 years and over","Estimate","Seasonally adjusted","Persons in thousands","428","thousands","3","v2062811","1.3.1.1.1.1","12982.4","","","","1"
"1989-04","Canada","2021A000011124","Employment","Total - Gender","15 years and over","Estimate","Seasonally adjusted","Persons in thousands","428","thousands","3","v2062811","1.3.1.1.1.1","12959.9","","","","1"
"1989-05","Canada","2021A000011124","Employment","Total - Gender","15 years and over","Estimate","Seasonally adjusted","Persons in thousands","428","thousands","3","v2062811","1.3.1.1.1.1","12962.2","","","","1"
"1989-06","Canada","2021A000011124","Employment","Total - Gender","15 years and over","Estimate","Seasonally adjusted","Persons in thousands","428","thousands","3","v2062811","1.3.1.1.1.1","12979.4","","","","1"
"1989-07","Canada","2021A000011124","Employment","Total - Gender","15 years and over","Estimate","Seasonally adjusted","Persons in thousands","428","thousands","3","v2062811","1.3.1.1.1.1","12979.8","","","","1"
"1989-08","Canada","2021A000011124","Employment","Total - Gender","15 years and over","Estimate","Seasonally adjusted","Persons in thousands","428","thousands","3","v2062811","1.3.1.1.1.1","13029.1","","","","1"
"1989-09","Canada","2021A000011124","Employment","Total - Gender","15 years and over","Estimate","Seasonally adjusted","Persons in thousands","428","thousands","3","v2062811","1.3.1.1.1.1","13029.5","","","","1"
"1989-10","Canada","2021A000011124","Employment","Total - Gender","15 years and over","Estimate","Seasonally adjusted","Persons in thousands","428","thousands","3","v2062811","1.3.1.1.1.1","13034.5","","","","1"
"1989-11","Canada","2021A000011124","Employment","Total - Gender","15 years and over","Estimate","Seasonally adjusted","Persons in thousands","428","thousands","3","v2062811","1.3.1.1.1.1","13059.7","","","","1"
"1989-12","Canada","2021A000011124","Employment","Total - Gender","15 years and over","Estimate","Seasonally adjusted","Persons in thousands","428","thousands","3","v2062811","1.3.1.1.1.1","13066.8","","","","1"
"1990-01","Canada","2021A000011124","Employment","Total - Gender","15 years and over","Estimate","Seasonally adjusted","Persons in thousands","428","thousands","3","v2062811","1.3.1.1.1.1","13101.4","","","","1"
"1990-02","Canada","2021A000011124","Employment","Total - Gender","15 years and over","Estimate","Seasonally adjusted","Persons in thousands","428","thousands","3","v2062811","1.3.1.1.1.1","13134.9","","","","1"
"1990-03","Canada","2021A000011124","Employment","Total - Gender","15 years and over","Estimate","Seasonally adjusted","Persons in thousands","428","thousands","3","v2062811","1.3.1.1.1.1","13126.1","","","","1"
"1990-04","Canada","2021A000011124","Employment","Total - Gender","15 years and over","Estimate","Seasonally adjusted","Persons in thousands","428","thousands","3","v2062811","1.3.1.1.1.1","13141.3","","","","1"
"1990-05","Canada","2021A000011124","Employment","Total - Gender","15 years and over","Estimate","Seasonally adjusted","Persons in thousands","428","thousands","3","v2062811","1.3.1.1.1.1","13101.9","","","","1"
"1990-06","Canada","2021A000011124","Employment","Total - Gender","15 years and over","Estimate","Seasonally adjusted","Persons in thousands","428","thousands","3","v2062811","1.3.1.1.1.1","13134.4","","","","1"
"1990-07","Canada","2021A000011124","Employment","Total - Gender","15 years and over","Estimate","Seasonally adjusted","Persons in thousands","428","thousands","3","v2062811","1.3.1.1.1.1","13113.6","","","","1"
"1990-08","Canada","2021A000011124","Employment","Total - Gender","15 years and over","Estimate","Seasonally adjusted","Persons in thousands","428","thousands","3","v2062811","1.3.1.1.1.1","13100.3","","","","1"
"1990-09","Canada","2021A000011124","Employment","Total - Gender","15 years and over","Estimate","Seasonally adjusted","Persons in thousands","428","thousands","3","v2062811","1.3.1.1.1.1","13089.5","","","","1"
"1990-10","Canada","2021A000011124","Employment","Total - Gender","15 years and over","Estimate","Seasonally adjusted","Persons in thousands","428","thousands","3","v2062811","1.3.1.1.1.1","13039.3","","","","1"
"1990-11","Canada","2021A000011124","Employment","Total - Gender","15 years and over","Estimate","Seasonally adjusted","Persons in thousands","428","thousands","3","v2062811","1.3.1.1.1.1","12985.3","","","","1"
"1990-12","Canada","2021A000011124","Employment","Total - Gender","15 years and over","Estimate","Seasonally adjusted","Persons in thousands","428","thousands","3","v2062811","1.3.1.1.1.1","12934.7","","","","1"
"1991-01","Canada","2021A000011124","Employment","Total - Gender","15 years and over","Estimate","Seasonally adjusted","Persons in thousands","428","thousands","3","v2062811","1.3.1.1.1.1","12894.2","","","","1"
"1991-02","Canada","2021A000011124","Employment","Total - Gender","15 years and over","Estimate","Seasonally adjusted","Persons in thousands","428","thousands","3","v2062811","1.3.1.1.1.1","12845.1","","","","1"
"1991-03","Canada","2021A000011124","Employment","Total - Gender","15 years and over","Estimate","Seasonally adjusted","Persons in thousands","428","thousands","3","v2062811","1.3.1.1.1.1","12809.2","","","","1"
"1991-04","Canada","2021A000011124","Employment","Total - Gender","15 years and over","Estimate","Seasonally adjusted","Persons in thousands","428","thousands","3","v2062811","1.3.1.1.1.1","12850.7","","","","1"
"1991-05","Canada","2021A000011124","Employment","Total - Gender","15 years and over","Estimate","Seasonally adjusted","Persons in thousands","428","thousands","3","v2062811","1.3.1.1.1.1","12879.9","","","","1"
"1991-06","Canada","2021A000011124","Employment","Total - Gender","15 years and over","Estimate","Seasonally adjusted","Persons in thousands","428","thousands","3","v2062811","1.3.1.1.1.1","12886.3","","","","1"
"1991-07","Canada","2021A000011124","Employment","Total - Gender","15 years and over","Estimate","Seasonally adjusted","Persons in thousands","428","thousands","3","v2062811","1.3.1.1.1.1","12872.3","","","","1"
"1991-08","Canada","2021A000011124","Employment","Total - Gender","15 years and over","Estimate","Seasonally adjusted","Persons in thousands","428","thousands","3","v2062811","1.3.1.1.1.1","12876.2","","","","1"
"1991-09","Canada","2021A000011124","Employment","Total - Gender","15 years and over","Estimate","Seasonally adjusted","Persons in thousands","428","thousands","3","v2062811","1.3.1.1.1.1","12855.4","","","","1"
"1991-10","Canada","2021A000011124","Employment","Total - Gender","15 years and over","Estimate","Seasonally adjusted","Persons in thousands","428","thousands","3","v2062811","1.3.1.1.1.1","12861.0","","","","1"
"1991-11","Canada","2021A000011124","Employment","Total - Gender","15 years and over","Estimate","Seasonally adjusted","Persons in thousands","428","thousands","3","v2062811","1.3.1.1.1.1","12823.2","","","","1"
"1991-12","Canada","2021A000011124","Employment","Total - Gender","15 years and over","Estimate","Seasonally adjusted","Persons in thousands","428","thousands","3","v2062811","1.3.1.1.1.1","12810.2","","","","1"
"1992-01","Canada","2021A000011124","Employment","Total - Gender","15 years and over","Estimate","Seasonally adjusted","Persons in thousands","428","thousands","3","v2062811","1.3.1.1.1.1","12790.2","","","","1"
"1992-02","Canada","2021A000011124","Employment","Total - Gender","15 years and over","Estimate","Seasonally adjusted","Persons in thousands","428","thousands","3","v2062811","1.3.1.1.1.1","12771.3","","","","1"
"1992-03","Canada","2021A000011124","Employment","Total - Gender","15 years and over","Estimate","Seasonally adjusted","Persons in thousands","428","thousands","3","v2062811","1.3.1.1.1.1","12744.9","","","","1"
"1992-04","Canada","2021A000011124","Employment","Total - Gender","15 years and over","Estimate","Seasonally adjusted","Persons in thousands","428","thousands","3","v2062811","1.3.1.1.1.1","12730.9","","","","1"
"1992-05","Canada","2021A000011124","Employment","Total - Gender","15 years and over","Estimate","Seasonally adjusted","Persons in thousands","428","thousands","3","v2062811","1.3.1.1.1.1","12736.6","","","","1"
"1992-06","Canada","2021A000011124","Employment","Total - Gender","15 years and over","Estimate","Seasonally adjusted","Persons in thousands","428","thousands","3","v2062811","1.3.1.1.1.1","12717.3","","","","1"
"1992-07","Canada","2021A000011124","Employment","Total - Gender","15 years and over","Estimate","Seasonally adjusted","Persons in thousands","428","thousands","3","v2062811","1.3.1.1.1.1","12732.5","","","","1"
"1992-08","Canada","2021A000011124","Employment","Total - Gender","15 years and over","Estimate","Seasonally adjusted","Persons in thousands","428","thousands","3","v2062811","1.3.1.1.1.1","12693.7","","","","1"
"1992-09","Canada","2021A000011124","Employment","Total - Gender","15 years and over","Estimate","Seasonally adjusted","Persons in thousands","428","thousands","3","v2062811","1.3.1.1.1.1","12700.1","","","","1"
"1992-10","Canada","2021A000011124","Employment","Total - Gender","15 years and over","Estimate","Seasonally adjusted","Persons in thousands","428","thousands","3","v2062811","1.3.1.1.1.1","12713.0","","","","1"
"1992-11","Canada","2021A000011124","Employment","Total - Gender","15 years and over","Estimate","Seasonally adjusted","Persons in thousands","428","thousands","3","v2062811","1.3.1.1.1.1","12704.8","","","","1"
"1992-12","Canada","2021A000011124","Employment","Total - Gender","15 years and over","Estimate","Seasonally adjusted","Persons in thousands","428","thousands","3","v2062811","1.3.1.1.1.1","12721.9","","","","1"
"1993-01","Canada","2021A000011124","Employment","Total - Gender","15 years and over","Estimate","Seasonally adjusted","Persons in thousands","428","thousands","3","v2062811","1.3.1.1.1.1","12755.0","","","","1"
"1993-02","Canada","2021A000011124","Employment","Total - Gender","15 years and over","Estimate","Seasonally adjusted","Persons in thousands","428","thousands","3","v2062811","1.3.1.1.1.1","12763.2","","","","1"
"1993-03","Canada","2021A000011124","Employment","Total - Gender","15 years and over","Estimate","Seasonally adjusted","Persons in thousands","428","thousands","3","v2062811","1.3.1.1.1.1","12780.7","","","","1"
"1993-04","Canada","2021A000011124","Employment","Total - Gender","15 years and over","Estimate","Seasonally adjusted","Persons in thousands","428","thousands","3","v2062811","1.3.1.1.1.1","12748.8","","","","1"
"1993-05","Canada","2021A000011124","Employment","Total - Gender","15 years and over","Estimate","Seasonally adjusted","Persons in thousands","428","thousands","3","v2062811","1.3.1.1.1.1","12755.9","","","","1"
"1993-06","Canada","2021A000011124","Employment","Total - Gender","15 years and over","Estimate","Seasonally adjusted","Persons in thousands","428","thousands","3","v2062811","1.3.1.1.1.1","12780.0","","","","1"
"1993-07","Canada","2021A000011124","Employment","Total - Gender","15 years and over","Estimate","Seasonally adjusted","Persons in thousands","428","thousands","3","v2062811","1.3.1.1.1.1","12789.6","","","","1"
"1993-08","Canada","2021A000011124","Employment","Total - Gender","15 years and over","Estimate","Seasonally adjusted","Persons in thousands","428","thousands","3","v2062811","1.3.1.1.1.1","12808.1","","","","1"
"1993-09","Canada","2021A000011124","Employment","Total - Gender","15 years and over","Estimate","Seasonally adjusted","Persons in thousands","428","thousands","3","v2062811","1.3.1.1.1.1","12840.5","","","","1"
"1993-10","Canada","2021A000011124","Employment","Total - Gender","15 years and over","Estimate","Seasonally adjusted","Persons in thousands","428","thousands","3","v2062811","1.3.1.1.1.1","12825.3","","","","1"
"1993-11","Canada","2021A000011124","Employment","Total - Gender","15 years and over","Estimate","Seasonally adjusted","Persons in thousands","428","thousands","3","v2062811","1.3.1.1.1.1","12873.9","","","","1"
"1993-12","Canada","2021A000011124","Employment","Total - Gender","15 years and over","Estimate","Seasonally adjusted","Persons in thousands","428","thousands","3","v2062811","1.3.1.1.1.1","12848.4","","","","1"
"1994-01","Canada","2021A000011124","Employment","Total - Gender","15 years and over","Estimate","Seasonally adjusted","Persons in thousands","428","thousands","3","v2062811","1.3.1.1.1.1","12856.4","","","","1"
"1994-02","Canada","2021A000011124","Employment","Total - Gender","15 years and over","Estimate","Seasonally adjusted","Persons in thousands","428","thousands","3","v2062811","1.3.1.1.1.1","12889.5","","","","1"
"1994-03","Canada","2021A000011124","Employment","Total - Gender","15 years and over","Estimate","Seasonally adjusted","Persons in thousands","428","thousands","3","v2062811","1.3.1.1.1.1","12928.6","","","","1"
"1994-04","Canada","2021A000011124","Employment","Total - Gender","15 years and over","Estimate","Seasonally adjusted","Persons in thousands","428","thousands","3","v2062811","1.3.1.1.1.1","12940.7","","","","1"
"1994-05","Canada","2021A000011124","Employment","Total - Gender","15 years and over","Estimate","Seasonally adjusted","Persons in thousands","428","thousands","3","v2062811","1.3.1.1.1.1","13012.4","","","","1"
"1994-06","Canada","2021A000011124","Employment","Total - Gender","15 years and over","Estimate","Seasonally adjusted","Persons in thousands","428","thousands","3","v2062811","1.3.1.1.1.1","13041.5","","","","1"
"1994-07","Canada","2021A000011124","Employment","Total - Gender","15 years and over","Estimate","Seasonally adjusted","Persons in thousands","428","thousands","3","v2062811","1.3.1.1.1.1","13098.5","","","","1"
"1994-08","Canada","2021A000011124","Employment","Total - Gender","15 years and over","Estimate","Seasonally adjusted","Persons in thousands","428","thousands","3","v2062811","1.3.1.1.1.1","13115.2","","","","1"
"1994-09","Canada","2021A000011124","Employment","Total - Gender","15 years and over","Estimate","Seasonally adjusted","Persons in thousands","428","thousands","3","v2062811","1.3.1.1.1.1","13176.9","","","","1"
"1994-10","Canada","2021A000011124","Employment","Total - Gender","15 years and over","Estimate","Seasonally adjusted","Persons in thousands","428","thousands","3","v2062811","1.3.1.1.1.1","13168.8","","","","1"
"1994-11","Canada","2021A000011124","Employment","Total - Gender","15 years and over","Estimate","Seasonally adjusted","Persons in thousands","428","thousands","3","v2062811","1.3.1.1.1.1","13259.2","","","","1"
"1994-12","Canada","2021A000011124","Employment","Total - Gender","15 years and over","Estimate","Seasonally adjusted","Persons in thousands","428","thousands","3","v2062811","1.3.1.1.1.1","13245.8","","","","1"
"1995-01","Canada","2021A000011124","Employment","Total - Gender","15 years and over","Estimate","Seasonally adjusted","Persons in thousands","428","thousands","3","v2062811","1.3.1.1.1.1","13269.5","","","","1"
"1995-02","Canada","2021A000011124","Employment","Total - Gender","15 years and over","Estimate","Seasonally adjusted","Persons in thousands","428","thousands","3","v2062811","1.3.1.1.1.1","13262.3","","","","1"
"1995-03","Canada","2021A000011124","Employment","Total - Gender","15 years and over","Estimate","Seasonally adjusted","Persons in thousands","428","thousands","3","v2062811","1.3.1.1.1.1","13290.5","","","","1"
"1995-04","Canada","2021A000011124","Employment","Total - Gender","15 years and over","Estimate","Seasonally adjusted","Persons in thousands","428","thousands","3","v2062811","1.3.1.1.1.1","13268.9","","","","1"
"1995-05","Canada","2021A000011124","Employment","Total - Gender","15 years and over","Estimate","Seasonally adjusted","Persons in thousands","428","thousands","3","v2062811","1.3.1.1.1.1","13265.8","","","","1"
"1995-06","Canada","2021A000011124","Employment","Total - Gender","15 years and over","Estimate","Seasonally adjusted","Persons in thousands","428","thousands","3","v2062811","1.3.1.1.1.1","13278.2","","","","1"
"1995-07","Canada","2021A000011124","Employment","Total - Gender","15 years and over","Estimate","Seasonally adjusted","Persons in thousands","428","thousands","3","v2062811","1.3.1.1.1.1","13280.6","","","","1"
"1995-08","Canada","2021A000011124","Employment","Total - Gender","15 years and over","Estimate","Seasonally adjusted","Persons in thousands","428","thousands","3","v2062811","1.3.1.1.1.1","13297.8","","","","1"
"1995-09","Canada","2021A000011124","Employment","Total - Gender","15 years and over","Estimate","Seasonally adjusted","Persons in thousands","428","thousands","3","v2062811","1.3.1.1.1.1","13331.2","","","","1"
"1995-10","Canada","2021A000011124","Employment","Total - Gender","15 years and over","Estimate","Seasonally adjusted","Persons in thousands","428","thousands","3","v2062811","1.3.1.1.1.1","13347.0","","","","1"
"1995-11","Canada","2021A000011124","Employment","Total - Gender","15 years and over","Estimate","Seasonally adjusted","Persons in thousands","428","thousands","3","v2062811","1.3.1.1.1.1","13315.0","","","","1"
"1995-12","Canada","2021A000011124","Employment","Total - Gender","15 years and over","Estimate","Seasonally adjusted","Persons in thousands","428","thousands","3","v2062811","1.3.1.1.1.1","13356.8","","","","1"
"1996-01","Canada","2021A000011124","Employment","Total - Gender","15 years and over","Estimate","Seasonally adjusted","Persons in thousands","428","thousands","3","v2062811","1.3.1.1.1.1","13374.5","","","","1"
"1996-02","Canada","2021A000011124","Employment","Total - Gender","15 years and over","Estimate","Seasonally adjusted","Persons in thousands","428","thousands","3","v2062811","1.3.1.1.1.1","13399.4","","","","1"
"1996-03","Canada","2021A000011124","Employment","Total - Gender","15 years and over","Estimate","Seasonally adjusted","Persons in thousands","428","thousands","3","v2062811","1.3.1.1.1.1","13377.2","","","","1"
"1996-04","Canada","2021A000011124","Employment","Total - Gender","15 years and over","Estimate","Seasonally adjusted","Persons in thousands","428","thousands","3","v2062811","1.3.1.1.1.1","13404.1","","","","1"
"1996-05","Canada","2021A000011124","Employment","Total - Gender","15 years and over","Estimate","Seasonally adjusted","Persons in thousands","428","thousands","3","v2062811","1.3.1.1.1.1","13425.6","","","","1"
"1996-06","Canada","2021A000011124","Employment","Total - Gender","15 years and over","Estimate","Seasonally adjusted","Persons in thousands","428","thousands","3","v2062811","1.3.1.1.1.1","13412.9","","","","1"
"1996-07","Canada","2021A000011124","Employment","Total - Gender","15 years and over","Estimate","Seasonally adjusted","Persons in thousands","428","thousands","3","v2062811","1.3.1.1.1.1","13440.4","","","","1"
"1996-08","Canada","2021A000011124","Employment","Total - Gender","15 years and over","Estimate","Seasonally adjusted","Persons in thousands","428","thousands","3","v2062811","1.3.1.1.1.1","13456.6","","","","1"
"1996-09","Canada","2021A000011124","Employment","Total - Gender","15 years and over","Estimate","Seasonally adjusted","Persons in thousands","428","thousands","3","v2062811","1.3.1.1.1.1","13414.4","","","","1"
"1996-10","Canada","2021A000011124","Employment","Total - Gender","15 years and over","Estimate","Seasonally adjusted","Persons in thousands","428","thousands","3","v2062811","1.3.1.1.1.1","13412.8","","","","1"
"1996-11","Canada","2021A000011124","Employment","Total - Gender","15 years and over","Estimate","Seasonally adjusted","Persons in thousands","428","thousands","3","v2062811","1.3.1.1.1.1","13441.5","","","","1"
"1996-12","Canada","2021A000011124","Employment","Total - Gender","15 years and over","Estimate","Seasonally adjusted","Persons in thousands","428","thousands","3","v2062811","1.3.1.1.1.1","13465.7","","","","1"
"1997-01","Canada","2021A000011124","Employment","Total - Gender","15 years and over","Estimate","Seasonally adjusted","Persons in thousands","428","thousands","3","v2062811","1.3.1.1.1.1","13535.9","","","","1"
"1997-02","Canada","2021A000011124","Employment","Total - Gender","15 years and over","Estimate","Seasonally adjusted","Persons in thousands","428","thousands","3","v2062811","1.3.1.1.1.1","13538.1","","","","1"
"1997-03","Canada","2021A000011124","Employment","Total - Gender","15 years and over","Estimate","Seasonally adjusted","Persons in thousands","428","thousands","3","v2062811","1.3.1.1.1.1","13569.8","","","","1"
"1997-04","Canada","2021A000011124","Employment","Total - Gender","15 years and over","Estimate","Seasonally adjusted","Persons in thousands","428","thousands","3","v2062811","1.3.1.1.1.1","13571.2","","","","1"
"1997-05","Canada","2021A000011124","Employment","Total - Gender","15 years and over","Estimate","Seasonally adjusted","Persons in thousands","428","thousands","3","v2062811","1.3.1.1.1.1","13637.2","","","","1"
"1997-06","Canada","2021A000011124","Employment","Total - Gender","15 years and over","Estimate","Seasonally adjusted","Persons in thousands","428","thousands","3","v2062811","1.3.1.1.1.1","13690.0","","","","1"
"1997-07","Canada","2021A000011124","Employment","Total - Gender","15 years and over","Estimate","Seasonally adjusted","Persons in thousands","428","thousands","3","v2062811","1.3.1.1.1.1","13731.5","","","","1"
"1997-08","Canada","2021A000011124","Employment","Total - Gender","15 years and over","Estimate","Seasonally adjusted","Persons in thousands","428","thousands","3","v2062811","1.3.1.1.1.1","13798.9","","","","1"
"1997-09","Canada","2021A000011124","Employment","Total - Gender","15 years and over","Estimate","Seasonally adjusted","Persons in thousands","428","thousands","3","v2062811","1.3.1.1.1.1","13815.9","","","","1"
"1997-10","Canada","2021A000011124","Employment","Total - Gender","15 years and over","Estimate","Seasonally adjusted","Persons in thousands","428","thousands","3","v2062811","1.3.1.1.1.1","13833.1","","","","1"
"1997-11","Canada","2021A000011124","Employment","Total - Gender","15 years and over","Estimate","Seasonally adjusted","Persons in thousands","428","thousands","3","v2062811","1.3.1.1.1.1","13859.5","","","","1"
"1997-12","Canada","2021A000011124","Employment","Total - Gender","15 years and over","Estimate","Seasonally adjusted","Persons in thousands","428","thousands","3","v2062811","1.3.1.1.1.1","13874.9","","","","1"
"1998-01","Canada","2021A000011124","Employment","Total - Gender","15 years and over","Estimate","Seasonally adjusted","Persons in thousands","428","thousands","3","v2062811","1.3.1.1.1.1","13864.8","","","","1"
"1998-02","Canada","2021A000011124","Employment","Total - Gender","15 years and over","Estimate","Seasonally adjusted","Persons in thousands","428","thousands","3","v2062811","1.3.1.1.1.1","13914.5","","","","1"
"1998-03","Canada","2021A000011124","Employment","Total - Gender","15 years and over","Estimate","Seasonally adjusted","Persons in thousands","428","thousands","3","v2062811","1.3.1.1.1.1","13949.4","","","","1"
"1998-04","Canada","2021A000011124","Employment","Total - Gender","15 years and over","Estimate","Seasonally adjusted","Persons in thousands","428","thousands","3","v2062811","1.3.1.1.1.1","13977.6","","","","1"
"1998-05","Canada","2021A000011124","Employment","Total - Gender","15 years and over","Estimate","Seasonally adjusted","Persons in thousands","428","thousands","3","v2062811","1.3.1.1.1.1","13993.3","","","","1"
"1998-06","Canada","2021A000011124","Employment","Total - Gender","15 years and over","Estimate","Seasonally adjusted","Persons in thousands","428","thousands","3","v2062811","1.3.1.1.1.1","14005.8","","","","1"
"1998-07","Canada","2021A000011124","Employment","Total - Gender","15 years and over","Estimate","Seasonally adjusted","Persons in thousands","428","thousands","3","v2062811","1.3.1.1.1.1","14063.8","","","","1"
"1998-08","Canada","2021A000011124","Employment","Total - Gender","15 years and over","Estimate","Seasonally adjusted","Persons in thousands","428","thousands","3","v2062811","1.3.1.1.1.1","14101.7","","","","1"
"1998-09","Canada","2021A000011124","Employment","Total - Gender","15 years and over","Estimate","Seasonally adjusted","Persons in thousands","428","thousands","3","v2062811","1.3.1.1.1.1","14140.7","","","","1"
"1998-10","Canada","2021A000011124","Employment","Total - Gender","15 years and over","Estimate","Seasonally adjusted","Persons in thousands","428","thousands","3","v2062811","1.3.1.1.1.1","14159.4","","","","1"
"1998-11","Canada","2021A000011124","Employment","Total - Gender","15 years and over","Estimate","Seasonally adjusted","Persons in thousands","428","thousands","3","v2062811","1.3.1.1.1.1","14198.9","","","","1"
"1998-12","Canada","2021A000011124","Employment","Total - Gender","15 years and over","Estimate","Seasonally adjusted","Persons in thousands","428","thousands","3","v2062811","1.3.1.1.1.1","14200.0","","","","1"
"1999-01","Canada","2021A000011124","Employment","Total - Gender","15 years and over","Estimate","Seasonally adjusted","Persons in thousands","428","thousands","3","v2062811","1.3.1.1.1.1","14273.3","","","","1"
"1999-02","Canada","2021A000011124","Employment","Total - Gender","15 years and over","Estimate","Seasonally adjusted","Persons in thousands","428","thousands","3","v2062811","1.3.1.1.1.1","14263.3","","","","1"
"1999-03","Canada","2021A000011124","Employment","Total - Gender","15 years and over","Estimate","Seasonally adjusted","Persons in thousands","428","thousands","3","v2062811","1.3.1.1.1.1","14278.7","","","","1"
"1999-04","Canada","2021A000011124","Employment","Total - Gender","15 years and over","Estimate","Seasonally adjusted","Persons in thousands","428","thousands","3","v2062811","1.3.1.1.1.1","14316.6","","","","1"
"1999-05","Canada","2021A000011124","Employment","Total - Gender","15 years and over","Estimate","Seasonally adjusted","Persons in thousands","428","thousands","3","v2062811","1.3.1.1.1.1","14352.7","","","","1"
"1999-06","Canada","2021A000011124","Employment","Total - Gender","15 years and over","Estimate","Seasonally adjusted","Persons in thousands","428","thousands","3","v2062811","1.3.1.1.1.1","14373.0","","","","1"
"1999-07","Canada","2021A000011124","Employment","Total - Gender","15 years and over","Estimate","Seasonally adjusted","Persons in thousands","428","thousands","3","v2062811","1.3.1.1.1.1","14430.9","","","","1"
"1999-08","Canada","2021A000011124","Employment","Total - Gender","15 years and over","Estimate","Seasonally adjusted","Persons in thousands","428","thousands","3","v2062811","1.3.1.1.1.1","14451.8","","","","1"
"1999-09","Canada","2021A000011124","Employment","Total - Gender","15 years and over","Estimate","Seasonally adjusted","Persons in thousands","428","thousands","3","v2062811","1.3.1.1.1.1","14474.6","","","","1"
"1999-10","Canada","2021A000011124","Employment","Total - Gender","15 years and over","Estimate","Seasonally adjusted","Persons in thousands","428","thousands","3","v2062811","1.3.1.1.1.1","14514.7","","","","1"
"1999-11","Canada","2021A000011124","Employment","Total - Gender","15 years and over","Estimate","Seasonally adjusted","Persons in thousands","428","thousands","3","v2062811","1.3.1.1.1.1","14549.4","","","","1"
"1999-12","Canada","2021A000011124","Employment","Total - Gender","15 years and over","Estimate","Seasonally adjusted","Persons in thousands","428","thousands","3","v2062811","1.3.1.1.1.1","14611.3","","","","1"
"2000-01","Canada","2021A000011124","Employment","Total - Gender","15 years and over","Estimate","Seasonally adjusted","Persons in thousands","428","thousands","3","v2062811","1.3.1.1.1.1","14652.7","","","","1"
"2000-02","Canada","2021A000011124","Employment","Total - Gender","15 years and over","Estimate","Seasonally adjusted","Persons in thousands","428","thousands","3","v2062811","1.3.1.1.1.1","14672.2","","","","1"
"2000-03","Canada","2021A000011124","Employment","Total - Gender","15 years and over","Estimate","Seasonally adjusted","Persons in thousands","428","thousands","3","v2062811","1.3.1.1.1.1","14697.5","","","","1"
"2000-04","Canada","2021A000011124","Employment","Total - Gender","15 years and over","Estimate","Seasonally adjusted","Persons in thousands","428","thousands","3","v2062811","1.3.1.1.1.1","14722.7","","","","1"
"2000-05","Canada","2021A000011124","Employment","Total - Gender","15 years and over","Estimate","Seasonally adjusted","Persons in thousands","428","thousands","3","v2062811","1.3.1.1.1.1","14736.4","","","","1"
"2000-06","Canada","2021A000011124","Employment","Total - Gender","15 years and over","Estimate","Seasonally adjusted","Persons in thousands","428","thousands","3","v2062811","1.3.1.1.1.1","14746.8","","","","1"
"2000-07","Canada","2021A000011124","Employment","Total - Gender","15 years and over","Estimate","Seasonally adjusted","Persons in thousands","428","thousands","3","v2062811","1.3.1.1.1.1","14750.4","","","","1"
"2000-08","Canada","2021A000011124","Employment","Total - Gender","15 years and over","Estimate","Seasonally adjusted","Persons in thousands","428","thousands","3","v2062811","1.3.1.1.1.1","14770.3","","","","1"
"2000-09","Canada","2021A000011124","Employment","Total - Gender","15 years and over","Estimate","Seasonally adjusted","Persons in thousands","428","thousands","3","v2062811","1.3.1.1.1.1","14812.2","","","","1"
"2000-10","Canada","2021A000011124","Employment","Total - Gender","15 years and over","Estimate","Seasonally adjusted","Persons in thousands","428","thousands","3","v2062811","1.3.1.1.1.1","14835.3","","","","1"
"2000-11","Canada","2021A000011124","Employment","Total - Gender","15 years and over","Estimate","Seasonally adjusted","Persons in thousands","428","thousands","3","v2062811","1.3.1.1.1.1","14871.4","","","","1"
"2000-12","Canada","2021A000011124","Employment","Total - Gender","15 years and over","Estimate","Seasonally adjusted","Persons in thousands","428","thousands","3","v2062811","1.3.1.1.1.1","14920.0","","","","1"
"2001-01","Canada","2021A000011124","Employment","Total - Gender","15 years and over","Estimate","Seasonally adjusted","Persons in thousands","428","thousands","3","v2062811","1.3.1.1.1.1","14894.4","","","","1"
"2001-02","Canada","2021A000011124","Employment","Total - Gender","15 years and over","Estimate","Seasonally adjusted","Persons in thousands","428","thousands","3","v2062811","1.3.1.1.1.1","14883.9","","","","1"
"2001-03","Canada","2021A000011124","Employment","Total - Gender","15 years and over","Estimate","Seasonally adjusted","Persons in thousands","428","thousands","3","v2062811","1.3.1.1.1.1","14888.7","","","","1"
"2001-04","Canada","2021A000011124","Employment","Total - Gender","15 years and over","Estimate","Seasonally adjusted","Persons in thousands","428","thousands","3","v2062811","1.3.1.1.1.1","14922.3","","","","1"
"2001-05","Canada","2021A000011124","Employment","Total - Gender","15 years and over","Estimate","Seasonally adjusted","Persons in thousands","428","thousands","3","v2062811","1.3.1.1.1.1","14946.2","","","","1"
"2001-06","Canada","2021A000011124","Employment","Total - Gender","15 years and over","Estimate","Seasonally adjusted","Persons in thousands","428","thousands","3","v2062811","1.3.1.1.1.1","14922.5","","","","1"
"2001-07","Canada","2021A000011124","Employment","Total - Gender","15 years and over","Estimate","Seasonally adjusted","Persons in thousands","428","thousands","3","v2062811","1.3.1.1.1.1","14946.3","","","","1"
"2001-08","Canada","2021A000011124","Employment","Total - Gender","15 years and over","Estimate","Seasonally adjusted","Persons in thousands","428","thousands","3","v2062811","1.3.1.1.1.1","14948.5","","","","1"
"2001-09","Canada","2021A000011124","Employment","Total - Gender","15 years and over","Estimate","Seasonally adjusted","Persons in thousands","428","thousands","3","v2062811","1.3.1.1.1.1","14972.8","","","","1"
"2001-10","Canada","2021A000011124","Employment","Total - Gender","15 years and over","Estimate","Seasonally adjusted","Persons in thousands","428","thousands","3","v2062811","1.3.1.1.1.1","14976.9","","","","1"
"2001-11","Canada","2021A000011124","Employment","Total - Gender","15 years and over","Estimate","Seasonally adjusted","Persons in thousands","428","thousands","3","v2062811","1.3.1.1.1.1","14990.3","","","","1"
"2001-12","Canada","2021A000011124","Employment","Total - Gender","15 years and over","Estimate","Seasonally adjusted","Persons in thousands","428","thousands","3","v2062811","1.3.1.1.1.1","14965.6","","","","1"
"2002-01","Canada","2021A000011124","Employment","Total - Gender","15 years and over","Estimate","Seasonally adjusted","Persons in thousands","428","thousands","3","v2062811","1.3.1.1.1.1","15019.4","","","","1"
"2002-02","Canada","2021A000011124","Employment","Total - Gender","15 years and over","Estimate","Seasonally adjusted","Persons in thousands","428","thousands","3","v2062811","1.3.1.1.1.1","15042.3","","","","1"
"2002-03","Canada","2021A000011124","Employment","Total - Gender","15 years and over","Estimate","Seasonally adjusted","Persons in thousands","428","thousands","3","v2062811","1.3.1.1.1.1","15120.5","","","","1"
"2002-04","Canada","2021A000011124","Employment","Total - Gender","15 years and over","Estimate","Seasonally adjusted","Persons in thousands","428","thousands","3","v2062811","1.3.1.1.1.1","15167.8","","","","1"
"2002-05","Canada","2021A000011124","Employment","Total - Gender","15 years and over","Estimate","Seasonally adjusted","Persons in thousands","428","thousands","3","v2062811","1.3.1.1.1.1","15222.2","","","","1"
"2002-06","Canada","2021A000011124","Employment","Total - Gender","15 years and over","Estimate","Seasonally adjusted","Persons in thousands","428","thousands","3","v2062811","1.3.1.1.1.1","15284.3","","","","1"
"2002-07","Canada","2021A000011124","Employment","Total - Gender","15 years and over","Estimate","Seasonally adjusted","Persons in thousands","428","thousands","3","v2062811","1.3.1.1.1.1","15324.2","","","","1"
"2002-08","Canada","2021A000011124","Employment","Total - Gender","15 years and over","Estimate","Seasonally adjusted","Persons in thousands","428","thousands","3","v2062811","1.3.1.1.1.1","15406.9","","","","1"
"2002-09","Canada","2021A000011124","Employment","Total - Gender","15 years and over","Estimate","Seasonally adjusted","Persons in thousands","428","thousands","3","v2062811","1.3.1.1.1.1","15405.2","","","","1"
"2002-10","Canada","2021A000011124","Employment","Total - Gender","15 years and over","Estimate","Seasonally adjusted","Persons in thousands","428","thousands","3","v2062811","1.3.1.1.1.1","15419.1","","","","1"
"2002-11","Canada","2021A000011124","Employment","Total - Gender","15 years and over","Estimate","Seasonally adjusted","Persons in thousands","428","thousands","3","v2062811","1.3.1.1.1.1","15467.2","","","","1"
"2002-12","Canada","2021A000011124","Employment","Total - Gender","15 years and over","Estimate","Seasonally adjusted","Persons in thousands","428","thousands","3","v2062811","1.3.1.1.1.1","15524.7","","","","1"
"2003-01","Canada","2021A000011124","Employment","Total - Gender","15 years and over","Estimate","Seasonally adjusted","Persons in thousands","428","thousands","3","v2062811","1.3.1.1.1.1","15544.2","","","","1"
"2003-02","Canada","2021A000011124","Employment","Total - Gender","15 years and over","Estimate","Seasonally adjusted","Persons in thousands","428","thousands","3","v2062811","1.3.1.1.1.1","15601.6","","","","1"
"2003-03","Canada","2021A000011124","Employment","Total - Gender","15 years and over","Estimate","Seasonally adjusted","Persons in thousands","428","thousands","3","v2062811","1.3.1.1.1.1","15609.7","","","","1"
"2003-04","Canada","2021A000011124","Employment","Total - Gender","15 years and over","Estimate","Seasonally adjusted","Persons in thousands","428","thousands","3","v2062811","1.3.1.1.1.1","15593.2","","","","1"
"2003-05","Canada","2021A000011124","Employment","Total - Gender","15 years and over","Estimate","Seasonally adjusted","Persons in thousands","428","thousands","3","v2062811","1.3.1.1.1.1","15574.8","","","","1"
"2003-06","Canada","2021A000011124","Employment","Total - Gender","15 years and over","Estimate","Seasonally adjusted","Persons in thousands","428","thousands","3","v2062811","1.3.1.1.1.1","15627.1","","","","1"
"2003-07","Canada","2021A000011124","Employment","Total - Gender","15 years and over","Estimate","Seasonally adjusted","Persons in thousands","428","thousands","3","v2062811","1.3.1.1.1.1","15648.4","","","","1"
"2003-08","Canada","2021A000011124","Employment","Total - Gender","15 years and over","Estimate","Seasonally adjusted","Persons in thousands","428","thousands","3","v2062811","1.3.1.1.1.1","15638.9","","","","1"
"2003-09","Canada","2021A000011124","Employment","Total - Gender","15 years and over","Estimate","Seasonally adjusted","Persons in thousands","428","thousands","3","v2062811","1.3.1.1.1.1","15674.7","","","","1"
"2003-10","Canada","2021A000011124","Employment","Total - Gender","15 years and over","Estimate","Seasonally adjusted","Persons in thousands","428","thousands","3","v2062811","1.3.1.1.1.1","15729.5","","","","1"
"2003-11","Canada","2021A000011124","Employment","Total - Gender","15 years and over","Estimate","Seasonally adjusted","Persons in thousands","428","thousands","3","v2062811","1.3.1.1.1.1","15778.5","","","","1"
"2003-12","Canada","2021A000011124","Employment","Total - Gender","15 years and over","Estimate","Seasonally adjusted","Persons in thousands","428","thousands","3","v2062811","1.3.1.1.1.1","15821.1","","","","1"
"2004-01","Canada","2021A000011124","Employment","Total - Gender","15 years and over","Estimate","Seasonally adjusted","Persons in thousands","428","thousands","3","v2062811","1.3.1.1.1.1","15819.7","","","","1"
"2004-02","Canada","2021A000011124","Employment","Total - Gender","15 years and over","Estimate","Seasonally adjusted","Persons in thousands","428","thousands","3","v2062811","1.3.1.1.1.1","15826.9","","","","1"
"2004-03","Canada","2021A000011124","Employment","Total - Gender","15 years and over","Estimate","Seasonally adjusted","Persons in thousands","428","thousands","3","v2062811","1.3.1.1.1.1","15836.3","","","","1"
"2004-04","Canada","2021A000011124","Employment","Total - Gender","15 years and over","Estimate","Seasonally adjusted","Persons in thousands","428","thousands","3","v2062811","1.3.1.1.1.1","15882.7","","","","1"
"2004-05","Canada","2021A000011124","Employment","Total - Gender","15 years and over","Estimate","Seasonally adjusted","Persons in thousands","428","thousands","3","v2062811","1.3.1.1.1.1","15900.9","","","","1"
"2004-06","Canada","2021A000011124","Employment","Total - Gender","15 years and over","Estimate","Seasonally adjusted","Persons in thousands","428","thousands","3","v2062811","1.3.1.1.1.1","15923.9","","","","1"
"2004-07","Canada","2021A000011124","Employment","Total - Gender","15 years and over","Estimate","Seasonally adjusted","Persons in thousands","428","thousands","3","v2062811","1.3.1.1.1.1","15937.6","","","","1"
"2004-08","Canada","2021A000011124","Employment","Total - Gender","15 years and over","Estimate","Seasonally adjusted","Persons in thousands","428","thousands","3","v2062811","1.3.1.1.1.1","15945.4","","","","1"
"2004-09","Canada","2021A000011124","Employment","Total - Gender","15 years and over","Estimate","Seasonally adjusted","Persons in thousands","428","thousands","3","v2062811","1.3.1.1.1.1","15978.9","","","","1"
"2004-10","Canada","2021A000011124","Employment","Total - Gender","15 years and over","Estimate","Seasonally adjusted","Persons in thousands","428","thousands","3","v2062811","1.3.1.1.1.1","15989.6","","","","1"
"2004-11","Canada","2021A000011124","Employment","Total - Gender","15 years and over","Estimate","Seasonally adjusted","Persons in thousands","428","thousands","3","v2062811","1.3.1.1.1.1","16008.3","","","","1"
"2004-12","Canada","2021A000011124","Employment","Total - Gender","15 years and over","Estimate","Seasonally adjusted","Persons in thousands","428","thousands","3","v2062811","1.3.1.1.1.1","16022.8","","","","1"
"2005-01","Canada","2021A000011124","Employment","Total - Gender","15 years and over","Estimate","Seasonally adjusted","Persons in thousands","428","thousands","3","v2062811","1.3.1.1.1.1","16034.0","","","","1"
"2005-02","Canada","2021A000011124","Employment","Total - Gender","15 years and over","Estimate","Seasonally adjusted","Persons in thousands","428","thousands","3","v2062811","1.3.1.1.1.1","16047.1","","","","1"
"2005-03","Canada","2021A000011124","Employment","Total - Gender","15 years and over","Estimate","Seasonally adjusted","Persons in thousands","428","thousands","3","v2062811","1.3.1.1.1.1","16046.5","","","","1"
"2005-04","Canada","2021A000011124","Employment","Total - Gender","15 years and over","Estimate","Seasonally adjusted","Persons in thousands","428","thousands","3","v2062811","1.3.1.1.1.1","16072.3","","","","1"
"2005-05","Canada","2021A000011124","Employment","Total - Gender","15 years and over","Estimate","Seasonally adjusted","Persons in thousands","428","thousands","3","v2062811","1.3.1.1.1.1","16076.7","","","","1"
"2005-06","Canada","2021A000011124","Employment","Total - Gender","15 years and over","Estimate","Seasonally adjusted","Persons in thousands","428","thousands","3","v2062811","1.3.1.1.1.1","16101.8","","","","1"
"2005-07","Canada","2021A000011124","Employment","Total - Gender","15 years and over","Estimate","Seasonally adjusted","Persons in thousands","428","thousands","3","v2062811","1.3.1.1.1.1","16142.2","","","","1"
"2005-08","Canada","2021A000011124","Employment","Total - Gender","15 years and over","Estimate","Seasonally adjusted","Persons in thousands","428","thousands","3","v2062811","1.3.1.1.1.1","16186.6","","","","1"
"2005-09","Canada","2021A000011124","Employment","Total - Gender","15 years and over","Estimate","Seasonally adjusted","Persons in thousands","428","thousands","3","v2062811","1.3.1.1.1.1","16172.2","","","","1"
"2005-10","Canada","2021A000011124","Employment","Total - Gender","15 years and over","Estimate","Seasonally adjusted","Persons in thousands","428","thousands","3","v2062811","1.3.1.1.1.1","16211.7","","","","1"
"2005-11","Canada","2021A000011124","Employment","Total - Gender","15 years and over","Estimate","Seasonally adjusted","Persons in thousands","428","thousands","3","v2062811","1.3.1.1.1.1","16241.2","","","","1"
"2005-12","Canada","2021A000011124","Employment","Total - Gender","15 years and over","Estimate","Seasonally adjusted","Persons in thousands","428","thousands","3","v2062811","1.3.1.1.1.1","16232.3","","","","1"
"2006-01","Canada","2021A000011124","Employment","Total - Gender","15 years and over","Estimate","Seasonally adjusted","Persons in thousands","428","thousands","3","v2062811","1.3.1.1.1.1","16261.0","","","","1"
"2006-02","Canada","2021A000011124","Employment","Total - Gender","15 years and over","Estimate","Seasonally adjusted","Persons in thousands","428","thousands","3","v2062811","1.3.1.1.1.1","16292.2","","","","1"
"2006-03","Canada","2021A000011124","Employment","Total - Gender","15 years and over","Estimate","Seasonally adjusted","Persons in thousands","428","thousands","3","v2062811","1.3.1.1.1.1","16347.3","","","","1"
"2006-04","Canada","2021A000011124","Employment","Total - Gender","15 years and over","Estimate","Seasonally adjusted","Persons in thousands","428","thousands","3","v2062811","1.3.1.1.1.1","16383.5","","","","1"
"2006-05","Canada","2021A000011124","Employment","Total - Gender","15 years and over","Estimate","Seasonally adjusted","Persons in thousands","428","thousands","3","v2062811","1.3.1.1.1.1","16450.4","","","","1"
"2006-06","Canada","2021A000011124","Employment","Total - Gender","15 years and over","Estimate","Seasonally adjusted","Persons in thousands","428","thousands","3","v2062811","1.3.1.1.1.1","16432.5","","","","1"
"2006-07","Canada","2021A000011124","Employment","Total - Gender","15 years and over","Estimate","Seasonally adjusted","Persons in thousands","428","thousands","3","v2062811","1.3.1.1.1.1","16440.4","","","","1"
"2006-08","Canada","2021A000011124","Employment","Total - Gender","15 years and over","Estimate","Seasonally adjusted","Persons in thousands","428","thousands","3","v2062811","1.3.1.1.1.1","16435.7","","","","1"
"2006-09","Canada","2021A000011124","Employment","Total - Gender","15 years and over","Estimate","Seasonally adjusted","Persons in thousands","428","thousands","3","v2062811","1.3.1.1.1.1","16468.0","","","","1"
"2006-10","Canada","2021A000011124","Employment","Total - Gender","15 years and over","Estimate","Seasonally adjusted","Persons in thousands","428","thousands","3","v2062811","1.3.1.1.1.1","16487.5","","","","1"
"2006-11","Canada","2021A000011124","Employment","Total - Gender","15 years and over","Estimate","Seasonally adjusted","Persons in thousands","428","thousands","3","v2062811","1.3.1.1.1.1","16487.5","","","","1"
"2006-12","Canada","2021A000011124","Employment","Total - Gender","15 years and over","Estimate","Seasonally adjusted","Persons in thousands","428","thousands","3","v2062811","1.3.1.1.1.1","16549.6","","","","1"
"2007-01","Canada","2021A000011124","Employment","Total - Gender","15 years and over","Estimate","Seasonally adjusted","Persons in thousands","428","thousands","3","v2062811","1.3.1.1.1.1","16615.0","","","","1"
"2007-02","Canada","2021A000011124","Employment","Total - Gender","15 years and over","Estimate","Seasonally adjusted","Persons in thousands","428","thousands","3","v2062811","1.3.1.1.1.1","16636.4","","","","1"
"2007-03","Canada","2021A000011124","Employment","Total - Gender","15 years and over","Estimate","Seasonally adjusted","Persons in thousands","428","thousands","3","v2062811","1.3.1.1.1.1","16664.8","","","","1"
"2007-04","Canada","2021A000011124","Employment","Total - Gender","15 years and over","Estimate","Seasonally adjusted","Persons in thousands","428","thousands","3","v2062811","1.3.1.1.1.1","16658.6","","","","1"
"2007-05","Canada","2021A000011124","Employment","Total - Gender","15 years and over","Estimate","Seasonally adjusted","Persons in thousands","428","thousands","3","v2062811","1.3.1.1.1.1","16682.1","","","","1"
"2007-06","Canada","2021A000011124","Employment","Total - Gender","15 years and over","Estimate","Seasonally adjusted","Persons in thousands","428","thousands","3","v2062811","1.3.1.1.1.1","16728.2","","","","1"
"2007-07","Canada","2021A000011124","Employment","Total - Gender","15 years and over","Estimate","Seasonally adjusted","Persons in thousands","428","thousands","3","v2062811","1.3.1.1.1.1","16796.2","","","","1"
"2007-08","Canada","2021A000011124","Employment","Total - Gender","15 years and over","Estimate","Seasonally adjusted","Persons in thousands","428","thousands","3","v2062811","1.3.1.1.1.1","16817.5","","","","1"
"2007-09","Canada","2021A000011124","Employment","Total - Gender","15 years and over","Estimate","Seasonally adjusted","Persons in thousands","428","thousands","3","v2062811","1.3.1.1.1.1","16836.2","","","","1"
"2007-10","Canada","2021A000011124","Employment","Total - Gender","15 years and over","Estimate","Seasonally adjusted","Persons in thousands","428","thousands","3","v2062811","1.3.1.1.1.1","16883.7","","","","1"
"2007-11","Canada","2021A000011124","Employment","Total - Gender","15 years and over","Estimate","Seasonally adjusted","Persons in thousands","428","thousands","3","v2062811","1.3.1.1.1.1","16904.8","","","","1"
"2007-12","Canada","2021A000011124","Employment","Total - Gender","15 years and over","Estimate","Seasonally adjusted","Persons in thousands","428","thousands","3","v2062811","1.3.1.1.1.1","16907.1","","","","1"
"2008-01","Canada","2021A000011124","Employment","Total - Gender","15 years and over","Estimate","Seasonally adjusted","Persons in thousands","428","thousands","3","v2062811","1.3.1.1.1.1","16932.2","","","","1"
"2008-02","Canada","2021A000011124","Employment","Total - Gender","15 years and over","Estimate","Seasonally adjusted","Persons in thousands","428","thousands","3","v2062811","1.3.1.1.1.1","16967.5","","","","1"
"2008-03","Canada","2021A000011124","Employment","Total - Gender","15 years and over","Estimate","Seasonally adjusted","Persons in thousands","428","thousands","3","v2062811","1.3.1.1.1.1","16972.1","","","","1"
"2008-04","Canada","2021A000011124","Employment","Total - Gender","15 years and over","Estimate","Seasonally adjusted","Persons in thousands","428","thousands","3","v2062811","1.3.1.1.1.1","16971.8","","","","1"
"2008-05","Canada","2021A000011124","Employment","Total - Gender","15 years and over","Estimate","Seasonally adjusted","Persons in thousands","428","thousands","3","v2062811","1.3.1.1.1.1","16986.8","","","","1"
"2008-06","Canada","2021A000011124","Employment","Total - Gender","15 years and over","Estimate","Seasonally adjusted","Persons in thousands","428","thousands","3","v2062811","1.3.1.1.1.1","16996.2","","","","1"
"2008-07","Canada","2021A000011124","Employment","Total - Gender","15 years and over","Estimate","Seasonally adjusted","Persons in thousands","428","thousands","3","v2062811","1.3.1.1.1.1","16980.9","","","","1"
"2008-08","Canada","2021A000011124","Employment","Total - Gender","15 years and over","Estimate","Seasonally adjusted","Persons in thousands","428","thousands","3","v2062811","1.3.1.1.1.1","17003.3","","","","1"
"2008-09","Canada","2021A000011124","Employment","Total - Gender","15 years and over","Estimate","Seasonally adjusted","Persons in thousands","428","thousands","3","v2062811","1.3.1.1.1.1","17025.4","","","","1"
"2008-10","Canada","2021A000011124","Employment","Total - Gender","15 years and over","Estimate","Seasonally adjusted","Persons in thousands","428","thousands","3","v2062811","1.3.1.1.1.1","17070.5","","","","1"
"2008-11","Canada","2021A000011124","Employment","Total - Gender","15 years and over","Estimate","Seasonally adjusted","Persons in thousands","428","thousands","3","v2062811","1.3.1.1.1.1","16982.7","","","","1"
"2008-12","Canada","2021A000011124","Employment","Total - Gender","15 years and over","Estimate","Seasonally adjusted","Persons in thousands","428","thousands","3","v2062811","1.3.1.1.1.1","16972.3","","","","1"
"2009-01","Canada","2021A000011124","Employment","Total - Gender","15 years and over","Estimate","Seasonally adjusted","Persons in thousands","428","thousands","3","v2062811","1.3.1.1.1.1","16824.7","","","","1"
"2009-02","Canada","2021A000011124","Employment","Total - Gender","15 years and over","Estimate","Seasonally adjusted","Persons in thousands","428","thousands","3","v2062811","1.3.1.1.1.1","16782.4","","","","1"
"2009-03","Canada","2021A000011124","Employment","Total - Gender","15 years and over","Estimate","Seasonally adjusted","Persons in thousands","428","thousands","3","v2062811","1.3.1.1.1.1","16756.4","","","","1"
"2009-04","Canada","2021A000011124","Employment","Total - Gender","15 years and over","Estimate","Seasonally adjusted","Persons in thousands","428","thousands","3","v2062811","1.3.1.1.1.1","16730.8","","","","1"
"2009-05","Canada","2021A000011124","Employment","Total - Gender","15 years and over","Estimate","Seasonally adjusted","Persons in thousands","428","thousands","3","v2062811","1.3.1.1.1.1","16740.7","","","","1"
"2009-06","Canada","2021A000011124","Employment","Total - Gender","15 years and over","Estimate","Seasonally adjusted","Persons in thousands","428","thousands","3","v2062811","1.3.1.1.1.1","16712.7","","","","1"
"2009-07","Canada","2021A000011124","Employment","Total - Gender","15 years and over","Estimate","Seasonally adjusted","Persons in thousands","428","thousands","3","v2062811","1.3.1.1.1.1","16702.8","","","","1"
"2009-08","Canada","2021A000011124","Employment","Total - Gender","15 years and over","Estimate","Seasonally adjusted","Persons in thousands","428","thousands","3","v2062811","1.3.1.1.1.1","16702.7","","","","1"
"2009-09","Canada","2021A000011124","Employment","Total - Gender","15 years and over","Estimate","Seasonally adjusted","Persons in thousands","428","thousands","3","v2062811","1.3.1.1.1.1","16743.8","","","","1"
"2009-10","Canada","2021A000011124","Employment","Total - Gender","15 years and over","Estimate","Seasonally adjusted","Persons in thousands","428","thousands","3","v2062811","1.3.1.1.1.1","16753.3","","","","1"
"2009-11","Canada","2021A000011124","Employment","Total - Gender","15 years and over","Estimate","Seasonally adjusted","Persons in thousands","428","thousands","3","v2062811","1.3.1.1.1.1","16824.7","","","","1"
"2009-12","Canada","2021A000011124","Employment","Total - Gender","15 years and over","Estimate","Seasonally adjusted","Persons in thousands","428","thousands","3","v2062811","1.3.1.1.1.1","16797.4","","","","1"
"2010-01","Canada","2021A000011124","Employment","Total - Gender","15 years and over","Estimate","Seasonally adjusted","Persons in thousands","428","thousands","3","v2062811","1.3.1.1.1.1","16825.0","","","","1"
"2010-02","Canada","2021A000011124","Employment","Total - Gender","15 years and over","Estimate","Seasonally adjusted","Persons in thousands","428","thousands","3","v2062811","1.3.1.1.1.1","16818.0","","","","1"
"2010-03","Canada","2021A000011124","Employment","Total - Gender","15 years and over","Estimate","Seasonally adjusted","Persons in thousands","428","thousands","3","v2062811","1.3.1.1.1.1","16861.7","","","","1"
"2010-04","Canada","2021A000011124","Employment","Total - Gender","15 years and over","Estimate","Seasonally adjusted","Persons in thousands","428","thousands","3","v2062811","1.3.1.1.1.1","16928.5","","","","1"
"2010-05","Canada","2021A000011124","Employment","Total - Gender","15 years and over","Estimate","Seasonally adjusted","Persons in thousands","428","thousands","3","v2062811","1.3.1.1.1.1","16946.8","","","","1"
"2010-06","Canada","2021A000011124","Employment","Total - Gender","15 years and over","Estimate","Seasonally adjusted","Persons in thousands","428","thousands","3","v2062811","1.3.1.1.1.1","17024.6","","","","1"
"2010-07","Canada","2021A000011124","Employment","Total - Gender","15 years and over","Estimate","Seasonally adjusted","Persons in thousands","428","thousands","3","v2062811","1.3.1.1.1.1","17036.5","","","","1"
"2010-08","Canada","2021A000011124","Employment","Total - Gender","15 years and over","Estimate","Seasonally adjusted","Persons in thousands","428","thousands","3","v2062811","1.3.1.1.1.1","17062.1","","","","1"
"2010-09","Canada","2021A000011124","Employment","Total - Gender","15 years and over","Estimate","Seasonally adjusted","Persons in thousands","428","thousands","3","v2062811","1.3.1.1.1.1","17058.4","","","","1"
"2010-10","Canada","2021A000011124","Employment","Total - Gender","15 years and over","Estimate","Seasonally adjusted","Persons in thousands","428","thousands","3","v2062811","1.3.1.1.1.1","17044.3","","","","1"
"2010-11","Canada","2021A000011124","Employment","Total - Gender","15 years and over","Estimate","Seasonally adjusted","Persons in thousands","428","thousands","3","v2062811","1.3.1.1.1.1","17089.4","","","","1"
"2010-12","Canada","2021A000011124","Employment","Total - Gender","15 years and over","Estimate","Seasonally adjusted","Persons in thousands","428","thousands","3","v2062811","1.3.1.1.1.1","17117.4","","","","1"
"2011-01","Canada","2021A000011124","Employment","Total - Gender","15 years and over","Estimate","Seasonally adjusted","Persons in thousands","428","thousands","3","v2062811","1.3.1.1.1.1","17187.2","","","","1"
"2011-02","Canada","2021A000011124","Employment","Total - Gender","15 years and over","Estimate","Seasonally adjusted","Persons in thousands","428","thousands","3","v2062811","1.3.1.1.1.1","17174.8","","","","1"
"2011-03","Canada","2021A000011124","Employment","Total - Gender","15 years and over","Estimate","Seasonally adjusted","Persons in thousands","428","thousands","3","v2062811","1.3.1.1.1.1","17173.7","","","","1"
"2011-04","Canada","2021A000011124","Employment","Total - Gender","15 years and over","Estimate","Seasonally adjusted","Persons in thousands","428","thousands","3","v2062811","1.3.1.1.1.1","17222.1","","","","1"
"2011-05","Canada","2021A000011124","Employment","Total - Gender","15 years and over","Estimate","Seasonally adjusted","Persons in thousands","428","thousands","3","v2062811","1.3.1.1.1.1","17187.4","","","","1"
"2011-06","Canada","2021A000011124","Employment","Total - Gender","15 years and over","Estimate","Seasonally adjusted","Persons in thousands","428","thousands","3","v2062811","1.3.1.1.1.1","17218.8","","","","1"
"2011-07","Canada","2021A000011124","Employment","Total - Gender","15 years and over","Estimate","Seasonally adjusted","Persons in thousands","428","thousands","3","v2062811","1.3.1.1.1.1","17256.4","","","","1"
"2011-08","Canada","2021A000011124","Employment","Total - Gender","15 years and over","Estimate","Seasonally adjusted","Persons in thousands","428","thousands","3","v2062811","1.3.1.1.1.1","17269.4","","","","1"
"2011-09","Canada","2021A000011124","Employment","Total - Gender","15 years and over","Estimate","Seasonally adjusted","Persons in thousands","428","thousands","3","v2062811","1.3.1.1.1.1","17272.0","","","","1"
"2011-10","Canada","2021A000011124","Employment","Total - Gender","15 years and over","Estimate","Seasonally adjusted","Persons in thousands","428","thousands","3","v2062811","1.3.1.1.1.1","17258.0","","","","1"
"2011-11","Canada","2021A000011124","Employment","Total - Gender","15 years and over","Estimate","Seasonally adjusted","Persons in thousands","428","thousands","3","v2062811","1.3.1.1.1.1","17241.4","","","","1"
"2011-12","Canada","2021A000011124","Employment","Total - Gender","15 years and over","Estimate","Seasonally adjusted","Persons in thousands","428","thousands","3","v2062811","1.3.1.1.1.1","17258.2","","","","1"
"2012-01","Canada","2021A000011124","Employment","Total - Gender","15 years and over","Estimate","Seasonally adjusted","Persons in thousands","428","thousands","3","v2062811","1.3.1.1.1.1","17270.1","","","","1"
"2012-02","Canada","2021A000011124","Employment","Total - Gender","15 years and over","Estimate","Seasonally adjusted","Persons in thousands","428","thousands","3","v2062811","1.3.1.1.1.1","17245.0","","","","1"
"2012-03","Canada","2021A000011124","Employment","Total - Gender","15 years and over","Estimate","Seasonally adjusted","Persons in thousands","428","thousands","3","v2062811","1.3.1.1.1.1","17338.6","","","","1"
"2012-04","Canada","2021A000011124","Employment","Total - Gender","15 years and over","Estimate","Seasonally adjusted","Persons in thousands","428","thousands","3","v2062811","1.3.1.1.1.1","17416.2","","","","1"
"2012-05","Canada","2021A000011124","Employment","Total - Gender","15 years and over","Estimate","Seasonally adjusted","Persons in thousands","428","thousands","3","v2062811","1.3.1.1.1.1","17412.2","","","","1"
"2012-06","Canada","2021A000011124","Employment","Total - Gender","15 years and over","Estimate","Seasonally adjusted","Persons in thousands","428","thousands","3","v2062811","1.3.1.1.1.1","17414.7","","","","1"
"2012-07","Canada","2021A000011124","Employment","Total - Gender","15 years and over","Estimate","Seasonally adjusted","Persons in thousands","428","thousands","3","v2062811","1.3.1.1.1.1","17439.8","","","","1"
"2012-08","Canada","2021A000011124","Employment","Total - Gender","15 years and over","Estimate","Seasonally adjusted","Persons in thousands","428","thousands","3","v2062811","1.3.1.1.1.1","17486.0","","","","1"
"2012-09","Canada","2021A000011124","Employment","Total - Gender","15 years and over","Estimate","Seasonally adjusted","Persons in thousands","428","thousands","3","v2062811","1.3.1.1.1.1","17534.5","","","","1"
"2012-10","Canada","2021A000011124","Employment","Total - Gender","15 years and over","Estimate","Seasonally adjusted","Persons in thousands","428","thousands","3","v2062811","1.3.1.1.1.1","17543.2","","","","1"
"2012-11","Canada","2021A000011124","Employment","Total - Gender","15 years and over","Estimate","Seasonally adjusted","Persons in thousands","428","thousands","3","v2062811","1.3.1.1.1.1","17563.8","","","","1"
"2012-12","Canada","2021A000011124","Employment","Total - Gender","15 years and over","Estimate","Seasonally adjusted","Persons in thousands","428","thousands","3","v2062811","1.3.1.1.1.1","17609.5","","","","1"
"2013-01","Canada","2021A000011124","Employment","Total - Gender","15 years and over","Estimate","Seasonally adjusted","Persons in thousands","428","thousands","3","v2062811","1.3.1.1.1.1","17600.7","","","","1"
"2013-02","Canada","2021A000011124","Employment","Total - Gender","15 years and over","Estimate","Seasonally adjusted","Persons in thousands","428","thousands","3","v2062811","1.3.1.1.1.1","17676.1","","","","1"
"2013-03","Canada","2021A000011124","Employment","Total - Gender","15 years and over","Estimate","Seasonally adjusted","Persons in thousands","428","thousands","3","v2062811","1.3.1.1.1.1","17610.4","","","","1"
"2013-04","Canada","2021A000011124","Employment","Total - Gender","15 years and over","Estimate","Seasonally adjusted","Persons in thousands","428","thousands","3","v2062811","1.3.1.1.1.1","17641.3","","","","1"
"2013-05","Canada","2021A000011124","Employment","Total - Gender","15 years and over","Estimate","Seasonally adjusted","Persons in thousands","428","thousands","3","v2062811","1.3.1.1.1.1","17692.5","","","","1"
"2013-06","Canada","2021A000011124","Employment","Total - Gender","15 years and over","Estimate","Seasonally adjusted","Persons in thousands","428","thousands","3","v2062811","1.3.1.1.1.1","17682.1","","","","1"
"2013-07","Canada","2021A000011124","Employment","Total - Gender","15 years and over","Estimate","Seasonally adjusted","Persons in thousands","428","thousands","3","v2062811","1.3.1.1.1.1","17650.1","","","","1"
"2013-08","Canada","2021A000011124","Employment","Total - Gender","15 years and over","Estimate","Seasonally adjusted","Persons in thousands","428","thousands","3","v2062811","1.3.1.1.1.1","17677.9","","","","1"
"2013-09","Canada","2021A000011124","Employment","Total - Gender","15 years and over","Estimate","Seasonally adjusted","Persons in thousands","428","thousands","3","v2062811","1.3.1.1.1.1","17659.6","","","","1"
"2013-10","Canada","2021A000011124","Employment","Total - Gender","15 years and over","Estimate","Seasonally adjusted","Persons in thousands","428","thousands","3","v2062811","1.3.1.1.1.1","17664.4","","","","1"
"2013-11","Canada","2021A000011124","Employment","Total - Gender","15 years and over","Estimate","Seasonally adjusted","Persons in thousands","428","thousands","3","v2062811","1.3.1.1.1.1","17691.3","","","","1"
"2013-12","Canada","2021A000011124","Employment","Total - Gender","15 years and over","Estimate","Seasonally adjusted","Persons in thousands","428","thousands","3","v2062811","1.3.1.1.1.1","17668.9","","","","1"
"2014-01","Canada","2021A000011124","Employment","Total - Gender","15 years and over","Estimate","Seasonally adjusted","Persons in thousands","428","thousands","3","v2062811","1.3.1.1.1.1","17666.4","","","","1"
"2014-02","Canada","2021A000011124","Employment","Total - Gender","15 years and over","Estimate","Seasonally adjusted","Persons in thousands","428","thousands","3","v2062811","1.3.1.1.1.1","17662.7","","","","1"
"2014-03","Canada","2021A000011124","Employment","Total - Gender","15 years and over","Estimate","Seasonally adjusted","Persons in thousands","428","thousands","3","v2062811","1.3.1.1.1.1","17699.4","","","","1"
"2014-04","Canada","2021A000011124","Employment","Total - Gender","15 years and over","Estimate","Seasonally adjusted","Persons in thousands","428","thousands","3","v2062811","1.3.1.1.1.1","17691.2","","","","1"
"2014-05","Canada","2021A000011124","Employment","Total - Gender","15 years and over","Estimate","Seasonally adjusted","Persons in thousands","428","thousands","3","v2062811","1.3.1.1.1.1","17687.7","","","","1"
"2014-06","Canada","2021A000011124","Employment","Total - Gender","15 years and over","Estimate","Seasonally adjusted","Persons in thousands","428","thousands","3","v2062811","1.3.1.1.1.1","17720.5","","","","1"
"2014-07","Canada","2021A000011124","Employment","Total - Gender","15 years and over","Estimate","Seasonally adjusted","Persons in thousands","428","thousands","3","v2062811","1.3.1.1.1.1","17771.9","","","","1"
"2014-08","Canada","2021A000011124","Employment","Total - Gender","15 years and over","Estimate","Seasonally adjusted","Persons in thousands","428","thousands","3","v2062811","1.3.1.1.1.1","17723.7","","","","1"
"2014-09","Canada","2021A000011124","Employment","Total - Gender","15 years and over","Estimate","Seasonally adjusted","Persons in thousands","428","thousands","3","v2062811","1.3.1.1.1.1","17756.0","","","","1"
"2014-10","Canada","2021A000011124","Employment","Total - Gender","15 years and over","Estimate","Seasonally adjusted","Persons in thousands","428","thousands","3","v2062811","1.3.1.1.1.1","17782.2","","","","1"
"2014-11","Canada","2021A000011124","Employment","Total - Gender","15 years and over","Estimate","Seasonally adjusted","Persons in thousands","428","thousands","3","v2062811","1.3.1.1.1.1","17784.5","","","","1"
"2014-12","Canada","2021A000011124","Employment","Total - Gender","15 years and over","Estimate","Seasonally adjusted","Persons in thousands","428","thousands","3","v2062811","1.3.1.1.1.1","17821.7","","","","1"
"2015-01","Canada","2021A000011124","Employment","Total - Gender","15 years and over","Estimate","Seasonally adjusted","Persons in thousands","428","thousands","3","v2062811","1.3.1.1.1.1","17813.1","","","","1"
"2015-02","Canada","2021A000011124","Employment","Total - Gender","15 years and over","Estimate","Seasonally adjusted","Persons in thousands","428","thousands","3","v2062811","1.3.1.1.1.1","17827.2","","","","1"
"2015-03","Canada","2021A000011124","Employment","Total - Gender","15 years and over","Estimate","Seasonally adjusted","Persons in thousands","428","thousands","3","v2062811","1.3.1.1.1.1","17854.1","","","","1"
"2015-04","Canada","2021A000011124","Employment","Total - Gender","15 years and over","Estimate","Seasonally adjusted","Persons in thousands","428","thousands","3","v2062811","1.3.1.1.1.1","17819.4","","","","1"
"2015-05","Canada","2021A000011124","Employment","Total - Gender","15 years and over","Estimate","Seasonally adjusted","Persons in thousands","428","thousands","3","v2062811","1.3.1.1.1.1","17843.7","","","","1"
"2015-06","Canada","2021A000011124","Employment","Total - Gender","15 years and over","Estimate","Seasonally adjusted","Persons in thousands","428","thousands","3","v2062811","1.3.1.1.1.1","17836.7","","","","1"
"2015-07","Canada","2021A000011124","Employment","Total - Gender","15 years and over","Estimate","Seasonally adjusted","Persons in thousands","428","thousands","3","v2062811","1.3.1.1.1.1","17863.3","","","","1"
"2015-08","Canada","2021A000011124","Employment","Total - Gender","15 years and over","Estimate","Seasonally adjusted","Persons in thousands","428","thousands","3","v2062811","1.3.1.1.1.1","17889.0","","","","1"
"2015-09","Canada","2021A000011124","Employment","Total - Gender","15 years and over","Estimate","Seasonally adjusted","Persons in thousands","428","thousands","3","v2062811","1.3.1.1.1.1","17890.2","","","","1"
"2015-10","Canada","2021A000011124","Employment","Total - Gender","15 years and over","Estimate","Seasonally adjusted","Persons in thousands","428","thousands","3","v2062811","1.3.1.1.1.1","17899.1","","","","1"
"2015-11","Canada","2021A000011124","Employment","Total - Gender","15 years and over","Estimate","Seasonally adjusted","Persons in thousands","428","thousands","3","v2062811","1.3.1.1.1.1","17872.6","","","","1"
"2015-12","Canada","2021A000011124","Employment","Total - Gender","15 years and over","Estimate","Seasonally adjusted","Persons in thousands","428","thousands","3","v2062811","1.3.1.1.1.1","17867.4","","","","1"
"2016-01","Canada","2021A000011124","Employment","Total - Gender","15 years and over","Estimate","Seasonally adjusted","Persons in thousands","428","thousands","3","v2062811","1.3.1.1.1.1","17871.6","","","","1"
"2016-02","Canada","2021A000011124","Employment","Total - Gender","15 years and over","Estimate","Seasonally adjusted","Persons in thousands","428","thousands","3","v2062811","1.3.1.1.1.1","17889.0","","","","1"
"2016-03","Canada","2021A000011124","Employment","Total - Gender","15 years and over","Estimate","Seasonally adjusted","Persons in thousands","428","thousands","3","v2062811","1.3.1.1.1.1","17892.8","","","","1"
"2016-04","Canada","2021A000011124","Employment","Total - Gender","15 years and over","Estimate","Seasonally adjusted","Persons in thousands","428","thousands","3","v2062811","1.3.1.1.1.1","17919.7","","","","1"
"2016-05","Canada","2021A000011124","Employment","Total - Gender","15 years and over","Estimate","Seasonally adjusted","Persons in thousands","428","thousands","3","v2062811","1.3.1.1.1.1","17947.4","","","","1"
"2016-06","Canada","2021A000011124","Employment","Total - Gender","15 years and over","Estimate","Seasonally adjusted","Persons in thousands","428","thousands","3","v2062811","1.3.1.1.1.1","17954.5","","","","1"
"2016-07","Canada","2021A000011124","Employment","Total - Gender","15 years and over","Estimate","Seasonally adjusted","Persons in thousands","428","thousands","3","v2062811","1.3.1.1.1.1","17943.2","","","","1"
"2016-08","Canada","2021A000011124","Employment","Total - Gender","15 years and over","Estimate","Seasonally adjusted","Persons in thousands","428","thousands","3","v2062811","1.3.1.1.1.1","17994.2","","","","1"
"2016-09","Canada","2021A000011124","Employment","Total - Gender","15 years and over","Estimate","Seasonally adjusted","Persons in thousands","428","thousands","3","v2062811","1.3.1.1.1.1","18032.5","","","","1"
"2016-10","Canada","2021A000011124","Employment","Total - Gender","15 years and over","Estimate","Seasonally adjusted","Persons in thousands","428","thousands","3","v2062811","1.3.1.1.1.1","18051.2","","","","1"
"2016-11","Canada","2021A000011124","Employment","Total - Gender","15 years and over","Estimate","Seasonally adjusted","Persons in thousands","428","thousands","3","v2062811","1.3.1.1.1.1","18076.0","","","","1"
"2016-12","Canada","2021A000011124","Employment","Total - Gender","15 years and over","Estimate","Seasonally adjusted","Persons in thousands","428","thousands","3","v2062811","1.3.1.1.1.1","18104.0","","","","1"
"2017-01","Canada","2021A000011124","Employment","Total - Gender","15 years and over","Estimate","Seasonally adjusted","Persons in thousands","428","thousands","3","v2062811","1.3.1.1.1.1","18172.5","","","","1"
"2017-02","Canada","2021A000011124","Employment","Total - Gender","15 years and over","Estimate","Seasonally adjusted","Persons in thousands","428","thousands","3","v2062811","1.3.1.1.1.1","18216.6","","","","1"
"2017-03","Canada","2021A000011124","Employment","Total - Gender","15 years and over","Estimate","Seasonally adjusted","Persons in thousands","428","thousands","3","v2062811","1.3.1.1.1.1","18241.5","","","","1"
"2017-04","Canada","2021A000011124","Employment","Total - Gender","15 years and over","Estimate","Seasonally adjusted","Persons in thousands","428","thousands","3","v2062811","1.3.1.1.1.1","18271.6","","","","1"
"2017-05","Canada","2021A000011124","Employment","Total - Gender","15 years and over","Estimate","Seasonally adjusted","Persons in thousands","428","thousands","3","v2062811","1.3.1.1.1.1","18312.9","","","","1"
"2017-06","Canada","2021A000011124","Employment","Total - Gender","15 years and over","Estimate","Seasonally adjusted","Persons in thousands","428","thousands","3","v2062811","1.3.1.1.1.1","18371.4","","","","1"
"2017-07","Canada","2021A000011124","Employment","Total - Gender","15 years and over","Estimate","Seasonally adjusted","Persons in thousands","428","thousands","3","v2062811","1.3.1.1.1.1","18416.9","","","","1"
"2017-08","Canada","2021A000011124","Employment","Total - Gender","15 years and over","Estimate","Seasonally adjusted","Persons in thousands","428","thousands","3","v2062811","1.3.1.1.1.1","18436.4","","","","1"
"2017-09","Canada","2021A000011124","Employment","Total - Gender","15 years and over","Estimate","Seasonally adjusted","Persons in thousands","428","thousands","3","v2062811","1.3.1.1.1.1","18442.5","","","","1"
"2017-10","Canada","2021A000011124","Employment","Total - Gender","15 years and over","Estimate","Seasonally adjusted","Persons in thousands","428","thousands","3","v2062811","1.3.1.1.1.1","18475.1","","","","1"
"2017-11","Canada","2021A000011124","Employment","Total - Gender","15 years and over","Estimate","Seasonally adjusted","Persons in thousands","428","thousands","3","v2062811","1.3.1.1.1.1","18550.5","","","","1"
"2017-12","Canada","2021A000011124","Employment","Total - Gender","15 years and over","Estimate","Seasonally adjusted","Persons in thousands","428","thousands","3","v2062811","1.3.1.1.1.1","18619.7","","","","1"
"2018-01","Canada","2021A000011124","Employment","Total - Gender","15 years and over","Estimate","Seasonally adjusted","Persons in thousands","428","thousands","3","v2062811","1.3.1.1.1.1","18576.8","","","","1"
"2018-02","Canada","2021A000011124","Employment","Total - Gender","15 years and over","Estimate","Seasonally adjusted","Persons in thousands","428","thousands","3","v2062811","1.3.1.1.1.1","18570.3","","","","1"
"2018-03","Canada","2021A000011124","Employment","Total - Gender","15 years and over","Estimate","Seasonally adjusted","Persons in thousands","428","thousands","3","v2062811","1.3.1.1.1.1","18630.1","","","","1"
"2018-04","Canada","2021A000011124","Employment","Total - Gender","15 years and over","Estimate","Seasonally adjusted","Persons in thousands","428","thousands","3","v2062811","1.3.1.1.1.1","18613.0","","","","1"
"2018-05","Canada","2021A000011124","Employment","Total - Gender","15 years and over","Estimate","Seasonally adjusted","Persons in thousands","428","thousands","3","v2062811","1.3.1.1.1.1","18621.7","","","","1"
"2018-06","Canada","2021A000011124","Employment","Total - Gender","15 years and over","Estimate","Seasonally adjusted","Persons in thousands","428","thousands","3","v2062811","1.3.1.1.1.1","18677.6","","","","1"
"2018-07","Canada","2021A000011124","Employment","Total - Gender","15 years and over","Estimate","Seasonally adjusted","Persons in thousands","428","thousands","3","v2062811","1.3.1.1.1.1","18763.9","","","","1"
"2018-08","Canada","2021A000011124","Employment","Total - Gender","15 years and over","Estimate","Seasonally adjusted","Persons in thousands","428","thousands","3","v2062811","1.3.1.1.1.1","18704.7","","","","1"
"2018-09","Canada","2021A000011124","Employment","Total - Gender","15 years and over","Estimate","Seasonally adjusted","Persons in thousands","428","thousands","3","v2062811","1.3.1.1.1.1","18797.5","","","","1"
"2018-10","Canada","2021A000011124","Employment","Total - Gender","15 years and over","Estimate","Seasonally adjusted","Persons in thousands","428","thousands","3","v2062811","1.3.1.1.1.1","18814.9","","","","1"
"2018-11","Canada","2021A000011124","Employment","Total - Gender","15 years and over","Estimate","Seasonally adjusted","Persons in thousands","428","thousands","3","v2062811","1.3.1.1.1.1","18869.4","","","","1"
"2018-12","Canada","2021A000011124","Employment","Total - Gender","15 years and over","Estimate","Seasonally adjusted","Persons in thousands","428","thousands","3","v2062811","1.3.1.1.1.1","18892.8","","","","1"
"2019-01","Canada","2021A000011124","Employment","Total - Gender","15 years and over","Estimate","Seasonally adjusted","Persons in thousands","428","thousands","3","v2062811","1.3.1.1.1.1","18920.5","","","","1"
"2019-02","Canada","2021A000011124","Employment","Total - Gender","15 years and over","Estimate","Seasonally adjusted","Persons in thousands","428","thousands","3","v2062811","1.3.1.1.1.1","18965.7","","","","1"
"2019-03","Canada","2021A000011124","Employment","Total - Gender","15 years and over","Estimate","Seasonally adjusted","Persons in thousands","428","thousands","3","v2062811","1.3.1.1.1.1","18932.9","","","","1"
"2019-04","Canada","2021A000011124","Employment","Total - Gender","15 years and over","Estimate","Seasonally adjusted","Persons in thousands","428","thousands","3","v2062811","1.3.1.1.1.1","19053.7","","","","1"
"2019-05","Canada","2021A000011124","Employment","Total - Gender","15 years and over","Estimate","Seasonally adjusted","Persons in thousands","428","thousands","3","v2062811","1.3.1.1.1.1","19067.3","","","","1"
"2019-06","Canada","2021A000011124","Employment","Total - Gender","15 years and over","Estimate","Seasonally adjusted","Persons in thousands","428","thousands","3","v2062811","1.3.1.1.1.1","19078.6","","","","1"
"2019-07","Canada","2021A000011124","Employment","Total - Gender","15 years and over","Estimate","Seasonally adjusted","Persons in thousands","428","thousands","3","v2062811","1.3.1.1.1.1","19072.4","","","","1"
"2019-08","Canada","2021A000011124","Employment","Total - Gender","15 years and over","Estimate","Seasonally adjusted","Persons in thousands","428","thousands","3","v2062811","1.3.1.1.1.1","19133.9","","","","1"
"2019-09","Canada","2021A000011124","Employment","Total - Gender","15 years and over","Estimate","Seasonally adjusted","Persons in thousands","428","thousands","3","v2062811","1.3.1.1.1.1","19142.8","","","","1"
"2019-10","Canada","2021A000011124","Employment","Total - Gender","15 years and over","Estimate","Seasonally adjusted","Persons in thousands","428","thousands","3","v2062811","1.3.1.1.1.1","19130.9","","","","1"
"2019-11","Canada","2021A000011124","Employment","Total - Gender","15 years and over","Estimate","Seasonally adjusted","Persons in thousands","428","thousands","3","v2062811","1.3.1.1.1.1","19096.8","","","","1"
"2019-12","Canada","2021A000011124","Employment","Total - Gender","15 years and over","Estimate","Seasonally adjusted","Persons in thousands","428","thousands","3","v2062811","1.3.1.1.1.1","19186.5","","","","1"
"2020-01","Canada","2021A000011124","Employment","Total - Gender","15 years and over","Estimate","Seasonally adjusted","Persons in thousands","428","thousands","3","v2062811","1.3.1.1.1.1","19204.7","","","","1"
"2020-02","Canada","2021A000011124","Employment","Total - Gender","15 years and over","Estimate","Seasonally adjusted","Persons in thousands","428","thousands","3","v2062811","1.3.1.1.1.1","19202.9","","","","1"
"2020-03","Canada","2021A000011124","Employment","Total - Gender","15 years and over","Estimate","Seasonally adjusted","Persons in thousands","428","thousands","3","v2062811","1.3.1.1.1.1","18058.2","","","","1"
"2020-04","Canada","2021A000011124","Employment","Total - Gender","15 years and over","Estimate","Seasonally adjusted","Persons in thousands","428","thousands","3","v2062811","1.3.1.1.1.1","16085.8","","","","1"
"2020-05","Canada","2021A000011124","Employment","Total - Gender","15 years and over","Estimate","Seasonally adjusted","Persons in thousands","428","thousands","3","v2062811","1.3.1.1.1.1","16410.7","","","","1"
"2020-06","Canada","2021A000011124","Employment","Total - Gender","15 years and over","Estimate","Seasonally adjusted","Persons in thousands","428","thousands","3","v2062811","1.3.1.1.1.1","17469.4","","","","1"
"2020-07","Canada","2021A000011124","Employment","Total - Gender","15 years and over","Estimate","Seasonally adjusted","Persons in thousands","428","thousands","3","v2062811","1.3.1.1.1.1","17895.5","","","","1"
"2020-08","Canada","2021A000011124","Employment","Total - Gender","15 years and over","Estimate","Seasonally adjusted","Persons in thousands","428","thousands","3","v2062811","1.3.1.1.1.1","18129.3","","","","1"
"2020-09","Canada","2021A000011124","Employment","Total - Gender","15 years and over","Estimate","Seasonally adjusted","Persons in thousands","428","thousands","3","v2062811","1.3.1.1.1.1","18555.9","","","","1"
"2020-10","Canada","2021A000011124","Employment","Total - Gender","15 years and over","Estimate","Seasonally adjusted","Persons in thousands","428","thousands","3","v2062811","1.3.1.1.1.1","18616.4","","","","1"
"2020-11","Canada","2021A000011124","Employment","Total - Gender","15 years and over","Estimate","Seasonally adjusted","Persons in thousands","428","thousands","3","v2062811","1.3.1.1.1.1","18650.0","","","","1"
"2020-12","Canada","2021A000011124","Employment","Total - Gender","15 years and over","Estimate","Seasonally adjusted","Persons in thousands","428","thousands","3","v2062811","1.3.1.1.1.1","18591.7","","","","1"
"2021-01","Canada","2021A000011124","Employment","Total - Gender","15 years and over","Estimate","Seasonally adjusted","Persons in thousands","428","thousands","3","v2062811","1.3.1.1.1.1","18392.1","","","","1"
"2021-02","Canada","2021A000011124","Employment","Total - Gender","15 years and over","Estimate","Seasonally adjusted","Persons in thousands","428","thousands","3","v2062811","1.3.1.1.1.1","18632.0","","","","1"
"2021-03","Canada","2021A000011124","Employment","Total - Gender","15 years and over","Estimate","Seasonally adjusted","Persons in thousands","428","thousands","3","v2062811","1.3.1.1.1.1","18873.0","","","","1"
"2021-04","Canada","2021A000011124","Employment","Total - Gender","15 years and over","Estimate","Seasonally adjusted","Persons in thousands","428","thousands","3","v2062811","1.3.1.1.1.1","18673.8","","","","1"
"2021-05","Canada","2021A000011124","Employment","Total - Gender","15 years and over","Estimate","Seasonally adjusted","Persons in thousands","428","thousands","3","v2062811","1.3.1.1.1.1","18623.6","","","","1"
"2021-06","Canada","2021A000011124","Employment","Total - Gender","15 years and over","Estimate","Seasonally adjusted","Persons in thousands","428","thousands","3","v2062811","1.3.1.1.1.1","18894.4","","","","1"
"2021-07","Canada","2021A000011124","Employment","Total - Gender","15 years and over","Estimate","Seasonally adjusted","Persons in thousands","428","thousands","3","v2062811","1.3.1.1.1.1","19016.5","","","","1"
"2021-08","Canada","2021A000011124","Employment","Total - Gender","15 years and over","Estimate","Seasonally adjusted","Persons in thousands","428","thousands","3","v2062811","1.3.1.1.1.1","19081.7","","","","1"
"2021-09","Canada","2021A000011124","Employment","Total - Gender","15 years and over","Estimate","Seasonally adjusted","Persons in thousands","428","thousands","3","v2062811","1.3.1.1.1.1","19251.1","","","","1"
"2021-10","Canada","2021A000011124","Employment","Total - Gender","15 years and over","Estimate","Seasonally adjusted","Persons in thousands","428","thousands","3","v2062811","1.3.1.1.1.1","19288.1","","","","1"
"2021-11","Canada","2021A000011124","Employment","Total - Gender","15 years and over","Estimate","Seasonally adjusted","Persons in thousands","428","thousands","3","v2062811","1.3.1.1.1.1","19437.3","","","","1"
"2021-12","Canada","2021A000011124","Employment","Total - Gender","15 years and over","Estimate","Seasonally adjusted","Persons in thousands","428","thousands","3","v2062811","1.3.1.1.1.1","19508.8","","","","1"
"2022-01","Canada","2021A000011124","Employment","Total - Gender","15 years and over","Estimate","Seasonally adjusted","Persons in thousands","428","thousands","3","v2062811","1.3.1.1.1.1","19305.4","","","","1"
"2022-02","Canada","2021A000011124","Employment","Total - Gender","15 years and over","Estimate","Seasonally adjusted","Persons in thousands","428","thousands","3","v2062811","1.3.1.1.1.1","19629.0","","","","1"
"2022-03","Canada","2021A000011124","Employment","Total - Gender","15 years and over","Estimate","Seasonally adjusted","Persons in thousands","428","thousands","3","v2062811","1.3.1.1.1.1","19647.8","","","","1"
"2022-04","Canada","2021A000011124","Employment","Total - Gender","15 years and over","Estimate","Seasonally adjusted","Persons in thousands","428","thousands","3","v2062811","1.3.1.1.1.1","19709.7","","","","1"
"2022-05","Canada","2021A000011124","Employment","Total - Gender","15 years and over","Estimate","Seasonally adjusted","Persons in thousands","428","thousands","3","v2062811","1.3.1.1.1.1","19763.4","","","","1"
"2022-06","Canada","2021A000011124","Employment","Total - Gender","15 years and over","Estimate","Seasonally adjusted","Persons in thousands","428","thousands","3","v2062811","1.3.1.1.1.1","19750.8","","","","1"
"2022-07","Canada","2021A000011124","Employment","Total - Gender","15 years and over","Estimate","Seasonally adjusted","Persons in thousands","428","thousands","3","v2062811","1.3.1.1.1.1","19787.5","","","","1"
"2022-08","Canada","2021A000011124","Employment","Total - Gender","15 years and over","Estimate","Seasonally adjusted","Persons in thousands","428","thousands","3","v2062811","1.3.1.1.1.1","19781.2","","","","1"
"2022-09","Canada","2021A000011124","Employment","Total - Gender","15 years and over","Estimate","Seasonally adjusted","Persons in thousands","428","thousands","3","v2062811","1.3.1.1.1.1","19796.1","","","","1"
"2022-10","Canada","2021A000011124","Employment","Total - Gender","15 years and over","Estimate","Seasonally adjusted","Persons in thousands","428","thousands","3","v2062811","1.3.1.1.1.1","19882.8","","","","1"
"2022-11","Canada","2021A000011124","Employment","Total - Gender","15 years and over","Estimate","Seasonally adjusted","Persons in thousands","428","thousands","3","v2062811","1.3.1.1.1.1","19923.8","","","","1"
"2022-12","Canada","2021A000011124","Employment","Total - Gender","15 years and over","Estimate","Seasonally adjusted","Persons in thousands","428","thousands","3","v2062811","1.3.1.1.1.1","19998.5","","","","1"
"2023-01","Canada","2021A000011124","Employment","Total - Gender","15 years and over","Estimate","Seasonally adjusted","Persons in thousands","428","thousands","3","v2062811","1.3.1.1.1.1","20097.5","","","","1"
"2023-02","Canada","2021A000011124","Employment","Total - Gender","15 years and over","Estimate","Seasonally adjusted","Persons in thousands","428","thousands","3","v2062811","1.3.1.1.1.1","20143.3","","","","1"
"2023-03","Canada","2021A000011124","Employment","Total - Gender","15 years and over","Estimate","Seasonally adjusted","Persons in thousands","428","thousands","3","v2062811","1.3.1.1.1.1","20214.7","","","","1"
"2023-04","Canada","2021A000011124","Employment","Total - Gender","15 years and over","Estimate","Seasonally adjusted","Persons in thousands","428","thousands","3","v2062811","1.3.1.1.1.1","20242.1","","","","1"
"2023-05","Canada","2021A000011124","Employment","Total - Gender","15 years and over","Estimate","Seasonally adjusted","Persons in thousands","428","thousands","3","v2062811","1.3.1.1.1.1","20253.9","","","","1"
"2023-06","Canada","2021A000011124","Employment","Total - Gender","15 years and over","Estimate","Seasonally adjusted","Persons in thousands","428","thousands","3","v2062811","1.3.1.1.1.1","20325.1","","","","1"
"2023-07","Canada","2021A000011124","Employment","Total - Gender","15 years and over","Estimate","Seasonally adjusted","Persons in thousands","428","thousands","3","v2062811","1.3.1.1.1.1","20356.9","","","","1"
"2023-08","Canada","2021A000011124","Employment","Total - Gender","15 years and over","Estimate","Seasonally adjusted","Persons in thousands","428","thousands","3","v2062811","1.3.1.1.1.1","20423.7","","","","1"
"2023-09","Canada","2021A000011124","Employment","Total - Gender","15 years and over","Estimate","Seasonally adjusted","Persons in thousands","428","thousands","3","v2062811","1.3.1.1.1.1","20473.1","","","","1"
"2023-10","Canada","2021A000011124","Employment","Total - Gender","15 years and over","Estimate","Seasonally adjusted","Persons in thousands","428","thousands","3","v2062811","1.3.1.1.1.1","20501.8","","","","1"
"2023-11","Canada","2021A000011124","Employment","Total - Gender","15 years and over","Estimate","Seasonally adjusted","Persons in thousands","428","thousands","3","v2062811","1.3.1.1.1.1","20522.2","","","","1"
"2023-12","Canada","2021A000011124","Employment","Total - Gender","15 years and over","Estimate","Seasonally adjusted","Persons in thousands","428","thousands","3","v2062811","1.3.1.1.1.1","20530.6","","","","1"
"2024-01","Canada","2021A000011124","Employment","Total - Gender","15 years and over","Estimate","Seasonally adjusted","Persons in thousands","428","thousands","3","v2062811","1.3.1.1.1.1","20552.1","","","","1"
"2024-02","Canada","2021A000011124","Employment","Total - Gender","15 years and over","Estimate","Seasonally adjusted","Persons in thousands","428","thousands","3","v2062811","1.3.1.1.1.1","20593.8","","","","1"
"2024-03","Canada","2021A000011124","Employment","Total - Gender","15 years and over","Estimate","Seasonally adjusted","Persons in thousands","428","thousands","3","v2062811","1.3.1.1.1.1","20620.8","","","","1"
"2024-04","Canada","2021A000011124","Employment","Total - Gender","15 years and over","Estimate","Seasonally adjusted","Persons in thousands","428","thousands","3","v2062811","1.3.1.1.1.1","20674.9","","","","1"
"2024-05","Canada","2021A000011124","Employment","Total - Gender","15 years and over","Estimate","Seasonally adjusted","Persons in thousands","428","thousands","3","v2062811","1.3.1.1.1.1","20707.2","","","","1"
"2024-06","Canada","2021A000011124","Employment","Total - Gender","15 years and over","Estimate","Seasonally adjusted","Persons in thousands","428","thousands","3","v2062811","1.3.1.1.1.1","20708.1","","","","1"
"2024-07","Canada","2021A000011124","Employment","Total - Gender","15 years and over","Estimate","Seasonally adjusted","Persons in thousands","428","thousands","3","v2062811","1.3.1.1.1.1","20725.1","","","","1"
"2024-08","Canada","2021A000011124","Employment","Total - Gender","15 years and over","Estimate","Seasonally adjusted","Persons in thousands","428","thousands","3","v2062811","1.3.1.1.1.1","20760.4","","","","1"
"2024-09","Canada","2021A000011124","Employment","Total - Gender","15 years and over","Estimate","Seasonally adjusted","Persons in thousands","428","thousands","3","v2062811","1.3.1.1.1.1","20796.0","","","","1"
"2024-10","Canada","2021A000011124","Employment","Total - Gender","15 years and over","Estimate","Seasonally adjusted","Persons in thousands","428","thousands","3","v2062811","1.3.1.1.1.1","20804.9","","","","1"
"2024-11","Canada","2021A000011124","Employment","Total - Gender","15 years and over","Estimate","Seasonally adjusted","Persons in thousands","428","thousands","3","v2062811","1.3.1.1.1.1","20842.0","","","","1"
"2024-12","Canada","2021A000011124","Employment","Total - Gender","15 years and over","Estimate","Seasonally adjusted","Persons in thousands","428","thousands","3","v2062811","1.3.1.1.1.1","20934.7","","","","1"
"2025-01","Canada","2021A000011124","Employment","Total - Gender","15 years and over","Estimate","Seasonally adjusted","Persons in thousands","428","thousands","3","v2062811","1.3.1.1.1.1","20986.9","","","","1"
"2025-02","Canada","2021A000011124","Employment","Total - Gender","15 years and over","Estimate","Seasonally adjusted","Persons in thousands","428","thousands","3","v2062811","1.3.1.1.1.1","20985.5","","","","1"
"2025-03","Canada","2021A000011124","Employment","Total - Gender","15 years and over","Estimate","Seasonally adjusted","Persons in thousands","428","thousands","3","v2062811","1.3.1.1.1.1","20964.3","","","","1"
"2025-04","Canada","2021A000011124","Employment","Total - Gender","15 years and over","Estimate","Seasonally adjusted","Persons in thousands","428","thousands","3","v2062811","1.3.1.1.1.1","20966.7","","","","1"
"2025-05","Canada","2021A000011124","Employment","Total - Gender","15 years and over","Estimate","Seasonally adjusted","Persons in thousands","428","thousands","3","v2062811","1.3.1.1.1.1","20974.4","","","","1"
"2025-06","Canada","2021A000011124","Employment","Total - Gender","15 years and over","Estimate","Seasonally adjusted","Persons in thousands","428","thousands","3","v2062811","1.3.1.1.1.1","21040.7","","","","1"
"2025-07","Canada","2021A000011124","Employment","Total - Gender","15 years and over","Estimate","Seasonally adjusted","Persons in thousands","428","thousands","3","v2062811","1.3.1.1.1.1","21018.3","","","","1"
"2025-08","Canada","2021A000011124","Employment","Total - Gender","15 years and over","Estimate","Seasonally adjusted","Persons in thousands","428","thousands","3","v2062811","1.3.1.1.1.1","20956.6","","","","1"
"2025-09","Canada","2021A000011124","Employment","Total - Gender","15 years and over","Estimate","Seasonally adjusted","Persons in thousands","428","thousands","3","v2062811","1.3.1.1.1.1","21009.9","","","","1"
"2025-10","Canada","2021A000011124","Employment","Total - Gender","15 years and over","Estimate","Seasonally adjusted","Persons in thousands","428","thousands","3","v2062811","1.3.1.1.1.1","21083.6","","","","1"
"2025-11","Canada","2021A000011124","Employment","Total - Gender","15 years and over","Estimate","Seasonally adjusted","Persons in thousands","428","thousands","3","v2062811","1.3.1.1.1.1","21135.9","","","","1"
"2025-12","Canada","2021A000011124","Employment","Total - Gender","15 years and over","Estimate","Seasonally adjusted","Persons in thousands","428","thousands","3","v2062811","1.3.1.1.1.1","21146.0","","","","1"
"1980-01","Canada","2021A000011124","Unemployment","Total - Gender","15 years and over","Estimate","Seasonally adjusted","Persons in thousands","428","thousands","3","v2062814","1.6.1.1.1.1","877.5","","","","1"
"1980-02","Canada","2021A000011124","Unemployment","Total - Gender","15 years and over","Estimate","Seasonally adjusted","Persons in thousands","428","thousands","3","v2062814","1.6.1.1.1.1","894.0","","","","1"
"1980-03","Canada","2021A000011124","Unemployment","Total - Gender","15 years and over","Estimate","Seasonally adjusted","Persons in thousands","428","thousands","3","v2062814","1.6.1.1.1.1","901.0","","","","1"
"1980-04","Canada","2021A000011124","Unemployment","Total - Gender","15 years and over","Estimate","Seasonally adjusted","Persons in thousands","428","thousands","3","v2062814","1.6.1.1.1.1","908.3","","","","1"
"1980-05","Canada","2021A000011124","Unemployment","Total - Gender","15 years and over","Estimate","Seasonally adjusted","Persons in thousands","428","thousands","3","v2062814","1.6.1.1.1.1","923.9","","","","1"
"1980-06","Canada","2021A000011124","Unemployment","Total - Gender","15 years and over","Estimate","Seasonally adjusted","Persons in thousands","428","thousands","3","v2062814","1.6.1.1.1.1","918.3","","","","1"
"1980-07","Canada","2021A000011124","Unemployment","Total - Gender","15 years and over","Estimate","Seasonally adjusted","Persons in thousands","428","thousands","3","v2062814","1.6.1.1.1.1","905.6","","","","1"
"1980-08","Canada","2021A000011124","Unemployment","Total - Gender","15 years and over","Estimate","Seasonally adjusted","Persons in thousands","428","thousands","3","v2062814","1.6.1.1.1.1","907.9","","","","1"
"1980-09","Canada","2021A000011124","Unemployment","Total - Gender","15 years and over","Estimate","Seasonally adjusted","Persons in thousands","428","thousands","3","v2062814","1.6.1.1.1.1","876.2","","","","1"
"1980-10","Canada","2021A000011124","Unemployment","Total - Gender","15 years and over","Estimate","Seasonally adjusted","Persons in thousands","428","thousands","3","v2062814","1.6.1.1.1.1","873.1","","","","1"
"1980-11","Canada","2021A000011124","Unemployment","Total - Gender","15 years and over","Estimate","Seasonally adjusted","Persons in thousands","428","thousands","3","v2062814","1.6.1.1.1.1","857.7","","","","1"
"1980-12","Canada","2021A000011124","Unemployment","Total - Gender","15 years and over","Estimate","Seasonally adjusted","Persons in thousands","428","thousands","3","v2062814","1.6.1.1.1.1","874.1","","","","1"
"1981-01","Canada","2021A000011124","Unemployment","Total - Gender","15 years and over","Estimate","Seasonally adjusted","Persons in thousands","428","thousands","3","v2062814","1.6.1.1.1.1","892.3","","","","1"
"1981-02","Canada","2021A000011124","Unemployment","Total - Gender","15 years and over","Estimate","Seasonally adjusted","Persons in thousands","428","thousands","3","v2062814","1.6.1.1.1.1","899.8","","","","1"
"1981-03","Canada","2021A000011124","Unemployment","Total - Gender","15 years and over","Estimate","Seasonally adjusted","Persons in thousands","428","thousands","3","v2062814","1.6.1.1.1.1","902.4","","","","1"
"1981-04","Canada","2021A000011124","Unemployment","Total - Gender","15 years and over","Estimate","Seasonally adjusted","Persons in thousands","428","thousands","3","v2062814","1.6.1.1.1.1","868.3","","","","1"
"1981-05","Canada","2021A000011124","Unemployment","Total - Gender","15 years and over","Estimate","Seasonally adjusted","Persons in thousands","428","thousands","3","v2062814","1.6.1.1.1.1","877.2","","","","1"
"1981-06","Canada","2021A000011124","Unemployment","Total - Gender","15 years and over","Estimate","Seasonally adjusted","Persons in thousands","428","thousands","3","v2062814","1.6.1.1.1.1","887.9","","","","1"
"1981-07","Canada","2021A000011124","Unemployment","Total - Gender","15 years and over","Estimate","Seasonally adjusted","Persons in thousands","428","thousands","3","v2062814","1.6.1.1.1.1","879.4","","","","1"
"1981-08","Canada","2021A000011124","Unemployment","Total - Gender","15 years and over","Estimate","Seasonally adjusted","Persons in thousands","428","thousands","3","v2062814","1.6.1.1.1.1","861.2","","","","1"
"1981-09","Canada","2021A000011124","Unemployment","Total - Gender","15 years and over","Estimate","Seasonally adjusted","Persons in thousands","428","thousands","3","v2062814","1.6.1.1.1.1","1003.9","","","","1"
"1981-10","Canada","2021A000011124","Unemployment","Total - Gender","15 years and over","Estimate","Seasonally adjusted","Persons in thousands","428","thousands","3","v2062814","1.6.1.1.1.1","1020.4","","","","1"
"1981-11","Canada","2021A000011124","Unemployment","Total - Gender","15 years and over","Estimate","Seasonally adjusted","Persons in thousands","428","thousands","3","v2062814","1.6.1.1.1.1","1019.5","","","","1"
"1981-12","Canada","2021A000011124","Unemployment","Total - Gender","15 years and over","Estimate","Seasonally adjusted","Persons in thousands","428","thousands","3","v2062814","1.6.1.1.1.1","1071.7","","","","1"
"1982-01","Canada","2021A000011124","Unemployment","Total - Gender","15 years and over","Estimate","Seasonally adjusted","Persons in thousands","428","thousands","3","v2062814","1.6.1.1.1.1","1059.7","","","","1"
"1982-02","Canada","2021A000011124","Unemployment","Total - Gender","15 years and over","Estimate","Seasonally adjusted","Persons in thousands","428","thousands","3","v2062814","1.6.1.1.1.1","1092.8","","","","1"
"1982-03","Canada","2021A000011124","Unemployment","Total - Gender","15 years and over","Estimate","Seasonally adjusted","Persons in thousands","428","thousands","3","v2062814","1.6.1.1.1.1","1139.7","","","","1"
"1982-04","Canada","2021A000011124","Unemployment","Total - Gender","15 years and over","Estimate","Seasonally adjusted","Persons in thousands","428","thousands","3","v2062814","1.6.1.1.1.1","1204.8","","","","1"
"1982-05","Canada","2021A000011124","Unemployment","Total - Gender","15 years and over","Estimate","Seasonally adjusted","Persons in thousands","428","thousands","3","v2062814","1.6.1.1.1.1","1271.4","","","","1"
"1982-06","Canada","2021A000011124","Unemployment","Total - Gender","15 years and over","Estimate","Seasonally adjusted","Persons in thousands","428","thousands","3","v2062814","1.6.1.1.1.1","1364.3","","","","1"
"1982-07","Canada","2021A000011124","Unemployment","Total - Gender","15 years and over","Estimate","Seasonally adjusted","Persons in thousands","428","thousands","3","v2062814","1.6.1.1.1.1","1465.2","","","","1"
"1982-08","Canada","2021A000011124","Unemployment","Total - Gender","15 years and over","Estimate","Seasonally adjusted","Persons in thousands","428","thousands","3","v2062814","1.6.1.1.1.1","1478.1","","","","1"
"1982-09","Canada","2021A000011124","Unemployment","Total - Gender","15 years and over","Estimate","Seasonally adjusted","Persons in thousands","428","thousands","3","v2062814","1.6.1.1.1.1","1527.0","","","","1"
"1982-10","Canada","2021A000011124","Unemployment","Total - Gender","15 years and over","Estimate","Seasonally adjusted","Persons in thousands","428","thousands","3","v2062814","1.6.1.1.1.1","1602.1","","","","1"
"1982-11","Canada","2021A000011124","Unemployment","Total - Gender","15 years and over","Estimate","Seasonally adjusted","Persons in thousands","428","thousands","3","v2062814","1.6.1.1.1.1","1600.4","","","","1"
"1982-12","Canada","2021A000011124","Unemployment","Total - Gender","15 years and over","Estimate","Seasonally adjusted","Persons in thousands","428","thousands","3","v2062814","1.6.1.1.1.1","1624.4","","","","1"
"1983-01","Canada","2021A000011124","Unemployment","Total - Gender","15 years and over","Estimate","Seasonally adjusted","Persons in thousands","428","thousands","3","v2062814","1.6.1.1.1.1","1572.9","","","","1"
"1983-02","Canada","2021A000011124","Unemployment","Total - Gender","15 years and over","Estimate","Seasonally adjusted","Persons in thousands","428","thousands","3","v2062814","1.6.1.1.1.1","1573.6","","","","1"
"1983-03","Canada","2021A000011124","Unemployment","Total - Gender","15 years and over","Estimate","Seasonally adjusted","Persons in thousands","428","thousands","3","v2062814","1.6.1.1.1.1","1554.7","","","","1"
"1983-04","Canada","2021A000011124","Unemployment","Total - Gender","15 years and over","Estimate","Seasonally adjusted","Persons in thousands","428","thousands","3","v2062814","1.6.1.1.1.1","1553.7","","","","1"
"1983-05","Canada","2021A000011124","Unemployment","Total - Gender","15 years and over","Estimate","Seasonally adjusted","Persons in thousands","428","thousands","3","v2062814","1.6.1.1.1.1","1556.5","","","","1"
"1983-06","Canada","2021A000011124","Unemployment","Total - Gender","15 years and over","Estimate","Seasonally adjusted","Persons in thousands","428","thousands","3","v2062814","1.6.1.1.1.1","1557.3","","","","1"
"1983-07","Canada","2021A000011124","Unemployment","Total - Gender","15 years and over","Estimate","Seasonally adjusted","Persons in thousands","428","thousands","3","v2062814","1.6.1.1.1.1","1492.9","","","","1"
"1983-08","Canada","2021A000011124","Unemployment","Total - Gender","15 years and over","Estimate","Seasonally adjusted","Persons in thousands","428","thousands","3","v2062814","1.6.1.1.1.1","1472.8","","","","1"
"1983-09","Canada","2021A000011124","Unemployment","Total - Gender","15 years and over","Estimate","Seasonally adjusted","Persons in thousands","428","thousands","3","v2062814","1.6.1.1.1.1","1432.0","","","","1"
"1983-10","Canada","2021A000011124","Unemployment","Total - Gender","15 years and over","Estimate","Seasonally adjusted","Persons in thousands","428","thousands","3","v2062814","1.6.1.1.1.1","1419.2","","","","1"
"1983-11","Canada","2021A000011124","Unemployment","Total - Gender","15 years and over","Estimate","Seasonally adjusted","Persons in thousands","428","thousands","3","v2062814","1.6.1.1.1.1","1415.9","","","","1"
"1983-12","Canada","2021A000011124","Unemployment","Total - Gender","15 years and over","Estimate","Seasonally adjusted","Persons in thousands","428","thousands","3","v2062814","1.6.1.1.1.1","1429.1","","","","1"
"1984-01","Canada","2021A000011124","Unemployment","Total - Gender","15 years and over","Estimate","Seasonally adjusted","Persons in thousands","428","thousands","3","v2062814","1.6.1.1.1.1","1423.3","","","","1"
"1984-02","Canada","2021A000011124","Unemployment","Total - Gender","15 years and over","Estimate","Seasonally adjusted","Persons in thousands","428","thousands","3","v2062814","1.6.1.1.1.1","1425.4","","","","1"
"1984-03","Canada","2021A000011124","Unemployment","Total - Gender","15 years and over","Estimate","Seasonally adjusted","Persons in thousands","428","thousands","3","v2062814","1.6.1.1.1.1","1424.7","","","","1"
"1984-04","Canada","2021A000011124","Unemployment","Total - Gender","15 years and over","Estimate","Seasonally adjusted","Persons in thousands","428","thousands","3","v2062814","1.6.1.1.1.1","1456.0","","","","1"
"1984-05","Canada","2021A000011124","Unemployment","Total - Gender","15 years and over","Estimate","Seasonally adjusted","Persons in thousands","428","thousands","3","v2062814","1.6.1.1.1.1","1494.0","","","","1"
"1984-06","Canada","2021A000011124","Unemployment","Total - Gender","15 years and over","Estimate","Seasonally adjusted","Persons in thousands","428","thousands","3","v2062814","1.6.1.1.1.1","1442.9","","","","1"
"1984-07","Canada","2021A000011124","Unemployment","Total - Gender","15 years and over","Estimate","Seasonally adjusted","Persons in thousands","428","thousands","3","v2062814","1.6.1.1.1.1","1427.1","","","","1"
"1984-08","Canada","2021A000011124","Unemployment","Total - Gender","15 years and over","Estimate","Seasonally adjusted","Persons in thousands","428","thousands","3","v2062814","1.6.1.1.1.1","1441.1","","","","1"
"1984-09","Canada","2021A000011124","Unemployment","Total - Gender","15 years and over","Estimate","Seasonally adjusted","Persons in thousands","428","thousands","3","v2062814","1.6.1.1.1.1","1527.9","","","","1"
"1984-10","Canada","2021A000011124","Unemployment","Total - Gender","15 years and over","Estimate","Seasonally adjusted","Persons in thousands","428","thousands","3","v2062814","1.6.1.1.1.1","1455.6","","","","1"
"1984-11","Canada","2021A000011124","Unemployment","Total - Gender","15 years and over","Estimate","Seasonally adjusted","Persons in thousands","428","thousands","3","v2062814","1.6.1.1.1.1","1462.3","","","","1"
"1984-12","Canada","2021A000011124","Unemployment","Total - Gender","15 years and over","Estimate","Seasonally adjusted","Persons in thousands","428","thousands","3","v2062814","1.6.1.1.1.1","1425.9","","","","1"
"1985-01","Canada","2021A000011124","Unemployment","Total - Gender","15 years and over","Estimate","Seasonally adjusted","Persons in thousands","428","thousands","3","v2062814","1.6.1.1.1.1","1364.7","","","","1"
"1985-02","Canada","2021A000011124","Unemployment","Total - Gender","15 years and over","Estimate","Seasonally adjusted","Persons in thousands","428","thousands","3","v2062814","1.6.1.1.1.1","1386.0","","","","1"
"1985-03","Canada","2021A000011124","Unemployment","Total - Gender","15 years and over","Estimate","Seasonally adjusted","Persons in thousands","428","thousands","3","v2062814","1.6.1.1.1.1","1421.4","","","","1"
"1985-04","Canada","2021A000011124","Unemployment","Total - Gender","15 years and over","Estimate","Seasonally adjusted","Persons in thousands","428","thousands","3","v2062814","1.6.1.1.1.1","1404.4","","","","1"
"1985-05","Canada","2021A000011124","Unemployment","Total - Gender","15 years and over","Estimate","Seasonally adjusted","Persons in thousands","428","thousands","3","v2062814","1.6.1.1.1.1","1371.8","","","","1"
"1985-06","Canada","2021A000011124","Unemployment","Total - Gender","15 years and over","Estimate","Seasonally adjusted","Persons in thousands","428","thousands","3","v2062814","1.6.1.1.1.1","1391.3","","","","1"
"1985-07","Canada","2021A000011124","Unemployment","Total - Gender","15 years and over","Estimate","Seasonally adjusted","Persons in thousands","428","thousands","3","v2062814","1.6.1.1.1.1","1358.4","","","","1"
"1985-08","Canada","2021A000011124","Unemployment","Total - Gender","15 years and over","Estimate","Seasonally adjusted","Persons in thousands","428","thousands","3","v2062814","1.6.1.1.1.1","1348.1","","","","1"
"1985-09","Canada","2021A000011124","Unemployment","Total - Gender","15 years and over","Estimate","Seasonally adjusted","Persons in thousands","428","thousands","3","v2062814","1.6.1.1.1.1","1331.7","","","","1"
"1985-10","Canada","2021A000011124","Unemployment","Total - Gender","15 years and over","Estimate","Seasonally adjusted","Persons in thousands","428","thousands","3","v2062814","1.6.1.1.1.1","1355.4","","","","1"
"1985-11","Canada","2021A000011124","Unemployment","Total - Gender","15 years and over","Estimate","Seasonally adjusted","Persons in thousands","428","thousands","3","v2062814","1.6.1.1.1.1","1350.2","","","","1"
"1985-12","Canada","2021A000011124","Unemployment","Total - Gender","15 years and over","Estimate","Seasonally adjusted","Persons in thousands","428","thousands","3","v2062814","1.6.1.1.1.1","1326.1","","","","1"
"1986-01","Canada","2021A000011124","Unemployment","Total - Gender","15 years and over","Estimate","Seasonally adjusted","Persons in thousands","428","thousands","3","v2062814","1.6.1.1.1.1","1300.2","","","","1"
"1986-02","Canada","2021A000011124","Unemployment","Total - Gender","15 years and over","Estimate","Seasonally adjusted","Persons in thousands","428","thousands","3","v2062814","1.6.1.1.1.1","1303.8","","","","1"
"1986-03","Canada","2021A000011124","Unemployment","Total - Gender","15 years and over","Estimate","Seasonally adjusted","Persons in thousands","428","thousands","3","v2062814","1.6.1.1.1.1","1298.6","","","","1"
"1986-04","Canada","2021A000011124","Unemployment","Total - Gender","15 years and over","Estimate","Seasonally adjusted","Persons in thousands","428","thousands","3","v2062814","1.6.1.1.1.1","1284.2","","","","1"
"1986-05","Canada","2021A000011124","Unemployment","Total - Gender","15 years and over","Estimate","Seasonally adjusted","Persons in thousands","428","thousands","3","v2062814","1.6.1.1.1.1","1259.5","","","","1"
"1986-06","Canada","2021A000011124","Unemployment","Total - Gender","15 years and over","Estimate","Seasonally adjusted","Persons in thousands","428","thousands","3","v2062814","1.6.1.1.1.1","1272.9","","","","1"
"1986-07","Canada","2021A000011124","Unemployment","Total - Gender","15 years and over","Estimate","Seasonally adjusted","Persons in thousands","428","thousands","3","v2062814","1.6.1.1.1.1","1271.3","","","","1"
"1986-08","Canada","2021A000011124","Unemployment","Total - Gender","15 years and over","Estimate","Seasonally adjusted","Persons in thousands","428","thousands","3","v2062814","1.6.1.1.1.1","1277.5","","","","1"
"1986-09","Canada","2021A000011124","Unemployment","Total - Gender","15 years and over","Estimate","Seasonally adjusted","Persons in thousands","428","thousands","3","v2062814","1.6.1.1.1.1","1265.3","","","","1"
"1986-10","Canada","2021A000011124","Unemployment","Total - Gender","15 years and over","Estimate","Seasonally adjusted","Persons in thousands","428","thousands","3","v2062814","1.6.1.1.1.1","1253.5","","","","1"
"1986-11","Canada","2021A000011124","Unemployment","Total - Gender","15 years and over","Estimate","Seasonally adjusted","Persons in thousands","428","thousands","3","v2062814","1.6.1.1.1.1","1250.8","","","","1"
"1986-12","Canada","2021A000011124","Unemployment","Total - Gender","15 years and over","Estimate","Seasonally adjusted","Persons in thousands","428","thousands","3","v2062814","1.6.1.1.1.1","1266.9","","","","1"
"1987-01","Canada","2021A000011124","Unemployment","Total - Gender","15 years and over","Estimate","Seasonally adjusted","Persons in thousands","428","thousands","3","v2062814","1.6.1.1.1.1","1274.3","","","","1"
"1987-02","Canada","2021A000011124","Unemployment","Total - Gender","15 years and over","Estimate","Seasonally adjusted","Persons in thousands","428","thousands","3","v2062814","1.6.1.1.1.1","1275.3","","","","1"
"1987-03","Canada","2021A000011124","Unemployment","Total - Gender","15 years and over","Estimate","Seasonally adjusted","Persons in thousands","428","thousands","3","v2062814","1.6.1.1.1.1","1259.3","","","","1"
"1987-04","Canada","2021A000011124","Unemployment","Total - Gender","15 years and over","Estimate","Seasonally adjusted","Persons in thousands","428","thousands","3","v2062814","1.6.1.1.1.1","1237.1","","","","1"
"1987-05","Canada","2021A000011124","Unemployment","Total - Gender","15 years and over","Estimate","Seasonally adjusted","Persons in thousands","428","thousands","3","v2062814","1.6.1.1.1.1","1201.1","","","","1"
"1987-06","Canada","2021A000011124","Unemployment","Total - Gender","15 years and over","Estimate","Seasonally adjusted","Persons in thousands","428","thousands","3","v2062814","1.6.1.1.1.1","1203.8","","","","1"
"1987-07","Canada","2021A000011124","Unemployment","Total - Gender","15 years and over","Estimate","Seasonally adjusted","Persons in thousands","428","thousands","3","v2062814","1.6.1.1.1.1","1179.2","","","","1"
"1987-08","Canada","2021A000011124","Unemployment","Total - Gender","15 years and over","Estimate","Seasonally adjusted","Persons in thousands","428","thousands","3","v2062814","1.6.1.1.1.1","1167.0","","","","1"
"1987-09","Canada","2021A000011124","Unemployment","Total - Gender","15 years and over","Estimate","Seasonally adjusted","Persons in thousands","428","thousands","3","v2062814","1.6.1.1.1.1","1146.1","","","","1"
"1987-10","Canada","2021A000011124","Unemployment","Total - Gender","15 years and over","Estimate","Seasonally adjusted","Persons in thousands","428","thousands","3","v2062814","1.6.1.1.1.1","1129.7","","","","1"
"1987-11","Canada","2021A000011124","Unemployment","Total - Gender","15 years and over","Estimate","Seasonally adjusted","Persons in thousands","428","thousands","3","v2062814","1.6.1.1.1.1","1113.2","","","","1"
"1987-12","Canada","2021A000011124","Unemployment","Total - Gender","15 years and over","Estimate","Seasonally adjusted","Persons in thousands","428","thousands","3","v2062814","1.6.1.1.1.1","1097.1","","","","1"
"1988-01","Canada","2021A000011124","Unemployment","Total - Gender","15 years and over","Estimate","Seasonally adjusted","Persons in thousands","428","thousands","3","v2062814","1.6.1.1.1.1","1106.5","","","","1"
"1988-02","Canada","2021A000011124","Unemployment","Total - Gender","15 years and over","Estimate","Seasonally adjusted","Persons in thousands","428","thousands","3","v2062814","1.6.1.1.1.1","1068.4","","","","1"
"1988-03","Canada","2021A000011124","Unemployment","Total - Gender","15 years and over","Estimate","Seasonally adjusted","Persons in thousands","428","thousands","3","v2062814","1.6.1.1.1.1","1067.8","","","","1"
"1988-04","Canada","2021A000011124","Unemployment","Total - Gender","15 years and over","Estimate","Seasonally adjusted","Persons in thousands","428","thousands","3","v2062814","1.6.1.1.1.1","1056.2","","","","1"
"1988-05","Canada","2021A000011124","Unemployment","Total - Gender","15 years and over","Estimate","Seasonally adjusted","Persons in thousands","428","thousands","3","v2062814","1.6.1.1.1.1","1067.4","","","","1"
"1988-06","Canada","2021A000011124","Unemployment","Total - Gender","15 years and over","Estimate","Seasonally adjusted","Persons in thousands","428","thousands","3","v2062814","1.6.1.1.1.1","1043.9","","","","1"
"1988-07","Canada","2021A000011124","Unemployment","Total - Gender","15 years and over","Estimate","Seasonally adjusted","Persons in thousands","428","thousands","3","v2062814","1.6.1.1.1.1","1069.6","","","","1"
"1988-08","Canada","2021A000011124","Unemployment","Total - Gender","15 years and over","Estimate","Seasonally adjusted","Persons in thousands","428","thousands","3","v2062814","1.6.1.1.1.1","1077.6","","","","1"
"1988-09","Canada","2021A000011124","Unemployment","Total - Gender","15 years and over","Estimate","Seasonally adjusted","Persons in thousands","428","thousands","3","v2062814","1.6.1.1.1.1","1084.0","","","","1"
"1988-10","Canada","2021A000011124","Unemployment","Total - Gender","15 years and over","Estimate","Seasonally adjusted","Persons in thousands","428","thousands","3","v2062814","1.6.1.1.1.1","1077.9","","","","1"
"1988-11","Canada","2021A000011124","Unemployment","Total - Gender","15 years and over","Estimate","Seasonally adjusted","Persons in thousands","428","thousands","3","v2062814","1.6.1.1.1.1","1076.8","","","","1"
"1988-12","Canada","2021A000011124","Unemployment","Total - Gender","15 years and over","Estimate","Seasonally adjusted","Persons in thousands","428","thousands","3","v2062814","1.6.1.1.1.1","1035.1","","","","1"
"1989-01","Canada","2021A000011124","Unemployment","Total - Gender","15 years and over","Estimate","Seasonally adjusted","Persons in thousands","428","thousands","3","v2062814","1.6.1.1.1.1","1049.6","","","","1"
"1989-02","Canada","2021A000011124","Unemployment","Total - Gender","15 years and over","Estimate","Seasonally adjusted","Persons in thousands","428","thousands","3","v2062814","1.6.1.1.1.1","1060.8","","","","1"
"1989-03","Canada","2021A000011124","Unemployment","Total - Gender","15 years and over","Estimate","Seasonally adjusted","Persons in thousands","428","thousands","3","v2062814","1.6.1.1.1.1","1059.1","","","","1"
"1989-04","Canada","2021A000011124","Unemployment","Total - Gender","15 years and over","Estimate","Seasonally adjusted","Persons in thousands","428","thousands","3","v2062814","1.6.1.1.1.1","1089.8","","","","1"
"1989-05","Canada","2021A000011124","Unemployment","Total - Gender","15 years and over","Estimate","Seasonally adjusted","Persons in thousands","428","thousands","3","v2062814","1.6.1.1.1.1","1077.4","","","","1"
"1989-06","Canada","2021A000011124","Unemployment","Total - Gender","15 years and over","Estimate","Seasonally adjusted","Persons in thousands","428","thousands","3","v2062814","1.6.1.1.1.1","1051.3","","","","1"
"1989-07","Canada","2021A000011124","Unemployment","Total - Gender","15 years and over","Estimate","Seasonally adjusted","Persons in thousands","428","thousands","3","v2062814","1.6.1.1.1.1","1046.1","","","","1"
"1989-08","Canada","2021A000011124","Unemployment","Total - Gender","15 years and over","Estimate","Seasonally adjusted","Persons in thousands","428","thousands","3","v2062814","1.6.1.1.1.1","1029.7","","","","1"
"1989-09","Canada","2021A000011124","Unemployment","Total - Gender","15 years and over","Estimate","Seasonally adjusted","Persons in thousands","428","thousands","3","v2062814","1.6.1.1.1.1","1032.6","","","","1"
"1989-10","Canada","2021A000011124","Unemployment","Total - Gender","15 years and over","Estimate","Seasonally adjusted","Persons in thousands","428","thousands","3","v2062814","1.6.1.1.1.1","1014.0","","","","1"
"1989-11","Canada","2021A000011124","Unemployment","Total - Gender","15 years and over","Estimate","Seasonally adjusted","Persons in thousands","428","thousands","3","v2062814","1.6.1.1.1.1","1055.2","","","","1"
"1989-12","Canada","2021A000011124","Unemployment","Total - Gender","15 years and over","Estimate","Seasonally adjusted","Persons in thousands","428","thousands","3","v2062814","1.6.1.1.1.1","1083.2","","","","1"
"1990-01","Canada","2021A000011124","Unemployment","Total - Gender","15 years and over","Estimate","Seasonally adjusted","Persons in thousands","428","thousands","3","v2062814","1.6.1.1.1.1","1119.1","","","","1"
"1990-02","Canada","2021A000011124","Unemployment","Total - Gender","15 years and over","Estimate","Seasonally adjusted","Persons in thousands","428","thousands","3","v2062814","1.6.1.1.1.1","1093.6","","","","1"
"1990-03","Canada","2021A000011124","Unemployment","Total - Gender","15 years and over","Estimate","Seasonally adjusted","Persons in thousands","428","thousands","3","v2062814","1.6.1.1.1.1","1033.8","","","","1"
"1990-04","Canada","2021A000011124","Unemployment","Total - Gender","15 years and over","Estimate","Seasonally adjusted","Persons in thousands","428","thousands","3","v2062814","1.6.1.1.1.1","1076.8","","","","1"
"1990-05","Canada","2021A000011124","Unemployment","Total - Gender","15 years and over","Estimate","Seasonally adjusted","Persons in thousands","428","thousands","3","v2062814","1.6.1.1.1.1","1105.2","","","","1"
"1990-06","Canada","2021A000011124","Unemployment","Total - Gender","15 years and over","Estimate","Seasonally adjusted","Persons in thousands","428","thousands","3","v2062814","1.6.1.1.1.1","1080.8","","","","1"
"1990-07","Canada","2021A000011124","Unemployment","Total - Gender","15 years and over","Estimate","Seasonally adjusted","Persons in thousands","428","thousands","3","v2062814","1.6.1.1.1.1","1128.5","","","","1"
"1990-08","Canada","2021A000011124","Unemployment","Total - Gender","15 years and over","Estimate","Seasonally adjusted","Persons in thousands","428","thousands","3","v2062814","1.6.1.1.1.1","1161.8","","","","1"
"1990-09","Canada","2021A000011124","Unemployment","Total - Gender","15 years and over","Estimate","Seasonally adjusted","Persons in thousands","428","thousands","3","v2062814","1.6.1.1.1.1","1218.1","","","","1"
"1990-10","Canada","2021A000011124","Unemployment","Total - Gender","15 years and over","Estimate","Seasonally adjusted","Persons in thousands","428","thousands","3","v2062814","1.6.1.1.1.1","1260.1","","","","1"
"1990-11","Canada","2021A000011124","Unemployment","Total - Gender","15 years and over","Estimate","Seasonally adjusted","Persons in thousands","428","thousands","3","v2062814","1.6.1.1.1.1","1306.3","","","","1"
"1990-12","Canada","2021A000011124","Unemployment","Total - Gender","15 years and over","Estimate","Seasonally adjusted","Persons in thousands","428","thousands","3","v2062814","1.6.1.1.1.1","1355.0","","","","1"
"1991-01","Canada","2021A000011124","Unemployment","Total - Gender","15 years and over","Estimate","Seasonally adjusted","Persons in thousands","428","thousands","3","v2062814","1.6.1.1.1.1","1397.6","","","","1"
"1991-02","Canada","2021A000011124","Unemployment","Total - Gender","15 years and over","Estimate","Seasonally adjusted","Persons in thousands","428","thousands","3","v2062814","1.6.1.1.1.1","1451.8","","","","1"
"1991-03","Canada","2021A000011124","Unemployment","Total - Gender","15 years and over","Estimate","Seasonally adjusted","Persons in thousands","428","thousands","3","v2062814","1.6.1.1.1.1","1499.5","","","","1"
"1991-04","Canada","2021A000011124","Unemployment","Total - Gender","15 years and over","Estimate","Seasonally adjusted","Persons in thousands","428","thousands","3","v2062814","1.6.1.1.1.1","1475.4","","","","1"
"1991-05","Canada","2021A000011124","Unemployment","Total - Gender","15 years and over","Estimate","Seasonally adjusted","Persons in thousands","428","thousands","3","v2062814","1.6.1.1.1.1","1467.2","","","","1"
"1991-06","Canada","2021A000011124","Unemployment","Total - Gender","15 years and over","Estimate","Seasonally adjusted","Persons in thousands","428","thousands","3","v2062814","1.6.1.1.1.1","1510.4","","","","1"
"1991-07","Canada","2021A000011124","Unemployment","Total - Gender","15 years and over","Estimate","Seasonally adjusted","Persons in thousands","428","thousands","3","v2062814","1.6.1.1.1.1","1510.7","","","","1"
"1991-08","Canada","2021A000011124","Unemployment","Total - Gender","15 years and over","Estimate","Seasonally adjusted","Persons in thousands","428","thousands","3","v2062814","1.6.1.1.1.1","1511.7","","","","1"
"1991-09","Canada","2021A000011124","Unemployment","Total - Gender","15 years and over","Estimate","Seasonally adjusted","Persons in thousands","428","thousands","3","v2062814","1.6.1.1.1.1","1477.9","","","","1"
"1991-10","Canada","2021A000011124","Unemployment","Total - Gender","15 years and over","Estimate","Seasonally adjusted","Persons in thousands","428","thousands","3","v2062814","1.6.1.1.1.1","1479.6","","","","1"
"1991-11","Canada","2021A000011124","Unemployment","Total - Gender","15 years and over","Estimate","Seasonally adjusted","Persons in thousands","428","thousands","3","v2062814","1.6.1.1.1.1","1480.9","","","","1"
"1991-12","Canada","2021A000011124","Unemployment","Total - Gender","15 years and over","Estimate","Seasonally adjusted","Persons in thousands","428","thousands","3","v2062814","1.6.1.1.1.1","1475.9","","","","1"
"1992-01","Canada","2021A000011124","Unemployment","Total - Gender","15 years and over","Estimate","Seasonally adjusted","Persons in thousands","428","thousands","3","v2062814","1.6.1.1.1.1","1489.8","","","","1"
"1992-02","Canada","2021A000011124","Unemployment","Total - Gender","15 years and over","Estimate","Seasonally adjusted","Persons in thousands","428","thousands","3","v2062814","1.6.1.1.1.1","1496.7","","","","1"
"1992-03","Canada","2021A000011124","Unemployment","Total - Gender","15 years and over","Estimate","Seasonally adjusted","Persons in thousands","428","thousands","3","v2062814","1.6.1.1.1.1","1554.3","","","","1"
"1992-04","Canada","2021A000011124","Unemployment","Total - Gender","15 years and over","Estimate","Seasonally adjusted","Persons in thousands","428","thousands","3","v2062814","1.6.1.1.1.1","1530.0","","","","1"
"1992-05","Canada","2021A000011124","Unemployment","Total - Gender","15 years and over","Estimate","Seasonally adjusted","Persons in thousands","428","thousands","3","v2062814","1.6.1.1.1.1","1564.8","","","","1"
"1992-06","Canada","2021A000011124","Unemployment","Total - Gender","15 years and over","Estimate","Seasonally adjusted","Persons in thousands","428","thousands","3","v2062814","1.6.1.1.1.1","1633.2","","","","1"
"1992-07","Canada","2021A000011124","Unemployment","Total - Gender","15 years and over","Estimate","Seasonally adjusted","Persons in thousands","428","thousands","3","v2062814","1.6.1.1.1.1","1621.6","","","","1"
"1992-08","Canada","2021A000011124","Unemployment","Total - Gender","15 years and over","Estimate","Seasonally adjusted","Persons in thousands","428","thousands","3","v2062814","1.6.1.1.1.1","1677.8","","","","1"
"1992-09","Canada","2021A000011124","Unemployment","Total - Gender","15 years and over","Estimate","Seasonally adjusted","Persons in thousands","428","thousands","3","v2062814","1.6.1.1.1.1","1668.1","","","","1"
"1992-10","Canada","2021A000011124","Unemployment","Total - Gender","15 years and over","Estimate","Seasonally adjusted","Persons in thousands","428","thousands","3","v2062814","1.6.1.1.1.1","1634.2","","","","1"
"1992-11","Canada","2021A000011124","Unemployment","Total - Gender","15 years and over","Estimate","Seasonally adjusted","Persons in thousands","428","thousands","3","v2062814","1.6.1.1.1.1","1748.9","","","","1"
"1992-12","Canada","2021A000011124","Unemployment","Total - Gender","15 years and over","Estimate","Seasonally adjusted","Persons in thousands","428","thousands","3","v2062814","1.6.1.1.1.1","1682.7","","","","1"
"1993-01","Canada","2021A000011124","Unemployment","Total - Gender","15 years and over","Estimate","Seasonally adjusted","Persons in thousands","428","thousands","3","v2062814","1.6.1.1.1.1","1604.1","","","","1"
"1993-02","Canada","2021A000011124","Unemployment","Total - Gender","15 years and over","Estimate","Seasonally adjusted","Persons in thousands","428","thousands","3","v2062814","1.6.1.1.1.1","1570.0","","","","1"
"1993-03","Canada","2021A000011124","Unemployment","Total - Gender","15 years and over","Estimate","Seasonally adjusted","Persons in thousands","428","thousands","3","v2062814","1.6.1.1.1.1","1609.6","","","","1"
"1993-04","Canada","2021A000011124","Unemployment","Total - Gender","15 years and over","Estimate","Seasonally adjusted","Persons in thousands","428","thousands","3","v2062814","1.6.1.1.1.1","1668.2","","","","1"
"1993-05","Canada","2021A000011124","Unemployment","Total - Gender","15 years and over","Estimate","Seasonally adjusted","Persons in thousands","428","thousands","3","v2062814","1.6.1.1.1.1","1675.7","","","","1"
"1993-06","Canada","2021A000011124","Unemployment","Total - Gender","15 years and over","Estimate","Seasonally adjusted","Persons in thousands","428","thousands","3","v2062814","1.6.1.1.1.1","1689.7","","","","1"
"1993-07","Canada","2021A000011124","Unemployment","Total - Gender","15 years and over","Estimate","Seasonally adjusted","Persons in thousands","428","thousands","3","v2062814","1.6.1.1.1.1","1681.2","","","","1"
"1993-08","Canada","2021A000011124","Unemployment","Total - Gender","15 years and over","Estimate","Seasonally adjusted","Persons in thousands","428","thousands","3","v2062814","1.6.1.1.1.1","1622.8","","","","1"
"1993-09","Canada","2021A000011124","Unemployment","Total - Gender","15 years and over","Estimate","Seasonally adjusted","Persons in thousands","428","thousands","3","v2062814","1.6.1.1.1.1","1664.5","","","","1"
"1993-10","Canada","2021A000011124","Unemployment","Total - Gender","15 years and over","Estimate","Seasonally adjusted","Persons in thousands","428","thousands","3","v2062814","1.6.1.1.1.1","1628.2","","","","1"
"1993-11","Canada","2021A000011124","Unemployment","Total - Gender","15 years and over","Estimate","Seasonally adjusted","Persons in thousands","428","thousands","3","v2062814","1.6.1.1.1.1","1631.4","","","","1"
"1993-12","Canada","2021A000011124","Unemployment","Total - Gender","15 years and over","Estimate","Seasonally adjusted","Persons in thousands","428","thousands","3","v2062814","1.6.1.1.1.1","1647.7","","","","1"
"1994-01","Canada","2021A000011124","Unemployment","Total - Gender","15 years and over","Estimate","Seasonally adjusted","Persons in thousands","428","thousands","3","v2062814","1.6.1.1.1.1","1656.8","","","","1"
"1994-02","Canada","2021A000011124","Unemployment","Total - Gender","15 years and over","Estimate","Seasonally adjusted","Persons in thousands","428","thousands","3","v2062814","1.6.1.1.1.1","1602.6","","","","1"
"1994-03","Canada","2021A000011124","Unemployment","Total - Gender","15 years and over","Estimate","Seasonally adjusted","Persons in thousands","428","thousands","3","v2062814","1.6.1.1.1.1","1529.8","","","","1"
"1994-04","Canada","2021A000011124","Unemployment","Total - Gender","15 years and over","Estimate","Seasonally adjusted","Persons in thousands","428","thousands","3","v2062814","1.6.1.1.1.1","1587.0","","","","1"
"1994-05","Canada","2021A000011124","Unemployment","Total - Gender","15 years and over","Estimate","Seasonally adjusted","Persons in thousands","428","thousands","3","v2062814","1.6.1.1.1.1","1553.4","","","","1"
"1994-06","Canada","2021A000011124","Unemployment","Total - Gender","15 years and over","Estimate","Seasonally adjusted","Persons in thousands","428","thousands","3","v2062814","1.6.1.1.1.1","1501.9","","","","1"
"1994-07","Canada","2021A000011124","Unemployment","Total - Gender","15 years and over","Estimate","Seasonally adjusted","Persons in thousands","428","thousands","3","v2062814","1.6.1.1.1.1","1466.3","","","","1"
"1994-08","Canada","2021A000011124","Unemployment","Total - Gender","15 years and over","Estimate","Seasonally adjusted","Persons in thousands","428","thousands","3","v2062814","1.6.1.1.1.1","1486.0","","","","1"
"1994-09","Canada","2021A000011124","Unemployment","Total - Gender","15 years and over","Estimate","Seasonally adjusted","Persons in thousands","428","thousands","3","v2062814","1.6.1.1.1.1","1487.9","","","","1"
"1994-10","Canada","2021A000011124","Unemployment","Total - Gender","15 years and over","Estimate","Seasonally adjusted","Persons in thousands","428","thousands","3","v2062814","1.6.1.1.1.1","1457.4","","","","1"
"1994-11","Canada","2021A000011124","Unemployment","Total - Gender","15 years and over","Estimate","Seasonally adjusted","Persons in thousands","428","thousands","3","v2062814","1.6.1.1.1.1","1417.5","","","","1"
"1994-12","Canada","2021A000011124","Unemployment","Total - Gender","15 years and over","Estimate","Seasonally adjusted","Persons in thousands","428","thousands","3","v2062814","1.6.1.1.1.1","1407.4","","","","1"
"1995-01","Canada","2021A000011124","Unemployment","Total - Gender","15 years and over","Estimate","Seasonally adjusted","Persons in thousands","428","thousands","3","v2062814","1.6.1.1.1.1","1402.6","","","","1"
"1995-02","Canada","2021A000011124","Unemployment","Total - Gender","15 years and over","Estimate","Seasonally adjusted","Persons in thousands","428","thousands","3","v2062814","1.6.1.1.1.1","1400.4","","","","1"
"1995-03","Canada","2021A000011124","Unemployment","Total - Gender","15 years and over","Estimate","Seasonally adjusted","Persons in thousands","428","thousands","3","v2062814","1.6.1.1.1.1","1429.1","","","","1"
"1995-04","Canada","2021A000011124","Unemployment","Total - Gender","15 years and over","Estimate","Seasonally adjusted","Persons in thousands","428","thousands","3","v2062814","1.6.1.1.1.1","1387.7","","","","1"
"1995-05","Canada","2021A000011124","Unemployment","Total - Gender","15 years and over","Estimate","Seasonally adjusted","Persons in thousands","428","thousands","3","v2062814","1.6.1.1.1.1","1394.7","","","","1"
"1995-06","Canada","2021A000011124","Unemployment","Total - Gender","15 years and over","Estimate","Seasonally adjusted","Persons in thousands","428","thousands","3","v2062814","1.6.1.1.1.1","1394.7","","","","1"
"1995-07","Canada","2021A000011124","Unemployment","Total - Gender","15 years and over","Estimate","Seasonally adjusted","Persons in thousands","428","thousands","3","v2062814","1.6.1.1.1.1","1418.3","","","","1"
"1995-08","Canada","2021A000011124","Unemployment","Total - Gender","15 years and over","Estimate","Seasonally adjusted","Persons in thousands","428","thousands","3","v2062814","1.6.1.1.1.1","1403.8","","","","1"
"1995-09","Canada","2021A000011124","Unemployment","Total - Gender","15 years and over","Estimate","Seasonally adjusted","Persons in thousands","428","thousands","3","v2062814","1.6.1.1.1.1","1356.9","","","","1"
"1995-10","Canada","2021A000011124","Unemployment","Total - Gender","15 years and over","Estimate","Seasonally adjusted","Persons in thousands","428","thousands","3","v2062814","1.6.1.1.1.1","1369.6","","","","1"
"1995-11","Canada","2021A000011124","Unemployment","Total - Gender","15 years and over","Estimate","Seasonally adjusted","Persons in thousands","428","thousands","3","v2062814","1.6.1.1.1.1","1357.0","","","","1"
"1995-12","Canada","2021A000011124","Unemployment","Total - Gender","15 years and over","Estimate","Seasonally adjusted","Persons in thousands","428","thousands","3","v2062814","1.6.1.1.1.1","1379.7","","","","1"
"1996-01","Canada","2021A000011124","Unemployment","Total - Gender","15 years and over","Estimate","Seasonally adjusted","Persons in thousands","428","thousands","3","v2062814","1.6.1.1.1.1","1395.1","","","","1"
"1996-02","Canada","2021A000011124","Unemployment","Total - Gender","15 years and over","Estimate","Seasonally adjusted","Persons in thousands","428","thousands","3","v2062814","1.6.1.1.1.1","1410.8","","","","1"
"1996-03","Canada","2021A000011124","Unemployment","Total - Gender","15 years and over","Estimate","Seasonally adjusted","Persons in thousands","428","thousands","3","v2062814","1.6.1.1.1.1","1413.1","","","","1"
"1996-04","Canada","2021A000011124","Unemployment","Total - Gender","15 years and over","Estimate","Seasonally adjusted","Persons in thousands","428","thousands","3","v2062814","1.6.1.1.1.1","1376.7","","","","1"
"1996-05","Canada","2021A000011124","Unemployment","Total - Gender","15 years and over","Estimate","Seasonally adjusted","Persons in thousands","428","thousands","3","v2062814","1.6.1.1.1.1","1368.0","","","","1"
"1996-06","Canada","2021A000011124","Unemployment","Total - Gender","15 years and over","Estimate","Seasonally adjusted","Persons in thousands","428","thousands","3","v2062814","1.6.1.1.1.1","1453.3","","","","1"
"1996-07","Canada","2021A000011124","Unemployment","Total - Gender","15 years and over","Estimate","Seasonally adjusted","Persons in thousands","428","thousands","3","v2062814","1.6.1.1.1.1","1451.2","","","","1"
"1996-08","Canada","2021A000011124","Unemployment","Total - Gender","15 years and over","Estimate","Seasonally adjusted","Persons in thousands","428","thousands","3","v2062814","1.6.1.1.1.1","1402.9","","","","1"
"1996-09","Canada","2021A000011124","Unemployment","Total - Gender","15 years and over","Estimate","Seasonally adjusted","Persons in thousands","428","thousands","3","v2062814","1.6.1.1.1.1","1475.2","","","","1"
"1996-10","Canada","2021A000011124","Unemployment","Total - Gender","15 years and over","Estimate","Seasonally adjusted","Persons in thousands","428","thousands","3","v2062814","1.6.1.1.1.1","1479.3","","","","1"
"1996-11","Canada","2021A000011124","Unemployment","Total - Gender","15 years and over","Estimate","Seasonally adjusted","Persons in thousands","428","thousands","3","v2062814","1.6.1.1.1.1","1471.3","","","","1"
"1996-12","Canada","2021A000011124","Unemployment","Total - Gender","15 years and over","Estimate","Seasonally adjusted","Persons in thousands","428","thousands","3","v2062814","1.6.1.1.1.1","1453.1","","","","1"
"1997-01","Canada","2021A000011124","Unemployment","Total - Gender","15 years and over","Estimate","Seasonally adjusted","Persons in thousands","428","thousands","3","v2062814","1.6.1.1.1.1","1416.0","","","","1"
"1997-02","Canada","2021A000011124","Unemployment","Total - Gender","15 years and over","Estimate","Seasonally adjusted","Persons in thousands","428","thousands","3","v2062814","1.6.1.1.1.1","1423.7","","","","1"
"1997-03","Canada","2021A000011124","Unemployment","Total - Gender","15 years and over","Estimate","Seasonally adjusted","Persons in thousands","428","thousands","3","v2062814","1.6.1.1.1.1","1398.2","","","","1"
"1997-04","Canada","2021A000011124","Unemployment","Total - Gender","15 years and over","Estimate","Seasonally adjusted","Persons in thousands","428","thousands","3","v2062814","1.6.1.1.1.1","1415.3","","","","1"
"1997-05","Canada","2021A000011124","Unemployment","Total - Gender","15 years and over","Estimate","Seasonally adjusted","Persons in thousands","428","thousands","3","v2062814","1.6.1.1.1.1","1408.0","","","","1"
"1997-06","Canada","2021A000011124","Unemployment","Total - Gender","15 years and over","Estimate","Seasonally adjusted","Persons in thousands","428","thousands","3","v2062814","1.6.1.1.1.1","1376.2","","","","1"
"1997-07","Canada","2021A000011124","Unemployment","Total - Gender","15 years and over","Estimate","Seasonally adjusted","Persons in thousands","428","thousands","3","v2062814","1.6.1.1.1.1","1344.4","","","","1"
"1997-08","Canada","2021A000011124","Unemployment","Total - Gender","15 years and over","Estimate","Seasonally adjusted","Persons in thousands","428","thousands","3","v2062814","1.6.1.1.1.1","1344.8","","","","1"
"1997-09","Canada","2021A000011124","Unemployment","Total - Gender","15 years and over","Estimate","Seasonally adjusted","Persons in thousands","428","thousands","3","v2062814","1.6.1.1.1.1","1339.3","","","","1"
"1997-10","Canada","2021A000011124","Unemployment","Total - Gender","15 years and over","Estimate","Seasonally adjusted","Persons in thousands","428","thousands","3","v2062814","1.6.1.1.1.1","1347.4","","","","1"
"1997-11","Canada","2021A000011124","Unemployment","Total - Gender","15 years and over","Estimate","Seasonally adjusted","Persons in thousands","428","thousands","3","v2062814","1.6.1.1.1.1","1346.3","","","","1"
"1997-12","Canada","2021A000011124","Unemployment","Total - Gender","15 years and over","Estimate","Seasonally adjusted","Persons in thousands","428","thousands","3","v2062814","1.6.1.1.1.1","1283.1","","","","1"
"1998-01","Canada","2021A000011124","Unemployment","Total - Gender","15 years and over","Estimate","Seasonally adjusted","Persons in thousands","428","thousands","3","v2062814","1.6.1.1.1.1","1337.9","","","","1"
"1998-02","Canada","2021A000011124","Unemployment","Total - Gender","15 years and over","Estimate","Seasonally adjusted","Persons in thousands","428","thousands","3","v2062814","1.6.1.1.1.1","1302.6","","","","1"
"1998-03","Canada","2021A000011124","Unemployment","Total - Gender","15 years and over","Estimate","Seasonally adjusted","Persons in thousands","428","thousands","3","v2062814","1.6.1.1.1.1","1273.4","","","","1"
"1998-04","Canada","2021A000011124","Unemployment","Total - Gender","15 years and over","Estimate","Seasonally adjusted","Persons in thousands","428","thousands","3","v2062814","1.6.1.1.1.1","1260.9","","","","1"
"1998-05","Canada","2021A000011124","Unemployment","Total - Gender","15 years and over","Estimate","Seasonally adjusted","Persons in thousands","428","thousands","3","v2062814","1.6.1.1.1.1","1264.3","","","","1"
"1998-06","Canada","2021A000011124","Unemployment","Total - Gender","15 years and over","Estimate","Seasonally adjusted","Persons in thousands","428","thousands","3","v2062814","1.6.1.1.1.1","1278.2","","","","1"
"1998-07","Canada","2021A000011124","Unemployment","Total - Gender","15 years and over","Estimate","Seasonally adjusted","Persons in thousands","428","thousands","3","v2062814","1.6.1.1.1.1","1269.6","","","","1"
"1998-08","Canada","2021A000011124","Unemployment","Total - Gender","15 years and over","Estimate","Seasonally adjusted","Persons in thousands","428","thousands","3","v2062814","1.6.1.1.1.1","1239.7","","","","1"
"1998-09","Canada","2021A000011124","Unemployment","Total - Gender","15 years and over","Estimate","Seasonally adjusted","Persons in thousands","428","thousands","3","v2062814","1.6.1.1.1.1","1264.7","","","","1"
"1998-10","Canada","2021A000011124","Unemployment","Total - Gender","15 years and over","Estimate","Seasonally adjusted","Persons in thousands","428","thousands","3","v2062814","1.6.1.1.1.1","1233.1","","","","1"
"1998-11","Canada","2021A000011124","Unemployment","Total - Gender","15 years and over","Estimate","Seasonally adjusted","Persons in thousands","428","thousands","3","v2062814","1.6.1.1.1.1","1240.2","","","","1"
"1998-12","Canada","2021A000011124","Unemployment","Total - Gender","15 years and over","Estimate","Seasonally adjusted","Persons in thousands","428","thousands","3","v2062814","1.6.1.1.1.1","1259.0","","","","1"
"1999-01","Canada","2021A000011124","Unemployment","Total - Gender","15 years and over","Estimate","Seasonally adjusted","Persons in thousands","428","thousands","3","v2062814","1.6.1.1.1.1","1226.0","","","","1"
"1999-02","Canada","2021A000011124","Unemployment","Total - Gender","15 years and over","Estimate","Seasonally adjusted","Persons in thousands","428","thousands","3","v2062814","1.6.1.1.1.1","1223.3","","","","1"
"1999-03","Canada","2021A000011124","Unemployment","Total - Gender","15 years and over","Estimate","Seasonally adjusted","Persons in thousands","428","thousands","3","v2062814","1.6.1.1.1.1","1219.0","","","","1"
"1999-04","Canada","2021A000011124","Unemployment","Total - Gender","15 years and over","Estimate","Seasonally adjusted","Persons in thousands","428","thousands","3","v2062814","1.6.1.1.1.1","1275.9","","","","1"
"1999-05","Canada","2021A000011124","Unemployment","Total - Gender","15 years and over","Estimate","Seasonally adjusted","Persons in thousands","428","thousands","3","v2062814","1.6.1.1.1.1","1238.8","","","","1"
"1999-06","Canada","2021A000011124","Unemployment","Total - Gender","15 years and over","Estimate","Seasonally adjusted","Persons in thousands","428","thousands","3","v2062814","1.6.1.1.1.1","1180.3","","","","1"
"1999-07","Canada","2021A000011124","Unemployment","Total - Gender","15 years and over","Estimate","Seasonally adjusted","Persons in thousands","428","thousands","3","v2062814","1.6.1.1.1.1","1179.3","","","","1"
"1999-08","Canada","2021A000011124","Unemployment","Total - Gender","15 years and over","Estimate","Seasonally adjusted","Persons in thousands","428","thousands","3","v2062814","1.6.1.1.1.1","1158.9","","","","1"
"1999-09","Canada","2021A000011124","Unemployment","Total - Gender","15 years and over","Estimate","Seasonally adjusted","Persons in thousands","428","thousands","3","v2062814","1.6.1.1.1.1","1171.3","","","","1"
"1999-10","Canada","2021A000011124","Unemployment","Total - Gender","15 years and over","Estimate","Seasonally adjusted","Persons in thousands","428","thousands","3","v2062814","1.6.1.1.1.1","1125.6","","","","1"
"1999-11","Canada","2021A000011124","Unemployment","Total - Gender","15 years and over","Estimate","Seasonally adjusted","Persons in thousands","428","thousands","3","v2062814","1.6.1.1.1.1","1084.1","","","","1"
"1999-12","Canada","2021A000011124","Unemployment","Total - Gender","15 years and over","Estimate","Seasonally adjusted","Persons in thousands","428","thousands","3","v2062814","1.6.1.1.1.1","1059.8","","","","1"
"2000-01","Canada","2021A000011124","Unemployment","Total - Gender","15 years and over","Estimate","Seasonally adjusted","Persons in thousands","428","thousands","3","v2062814","1.6.1.1.1.1","1068.1","","","","1"
"2000-02","Canada","2021A000011124","Unemployment","Total - Gender","15 years and over","Estimate","Seasonally adjusted","Persons in thousands","428","thousands","3","v2062814","1.6.1.1.1.1","1081.1","","","","1"
"2000-03","Canada","2021A000011124","Unemployment","Total - Gender","15 years and over","Estimate","Seasonally adjusted","Persons in thousands","428","thousands","3","v2062814","1.6.1.1.1.1","1082.3","","","","1"
"2000-04","Canada","2021A000011124","Unemployment","Total - Gender","15 years and over","Estimate","Seasonally adjusted","Persons in thousands","428","thousands","3","v2062814","1.6.1.1.1.1","1064.5","","","","1"
"2000-05","Canada","2021A000011124","Unemployment","Total - Gender","15 years and over","Estimate","Seasonally adjusted","Persons in thousands","428","thousands","3","v2062814","1.6.1.1.1.1","1047.5","","","","1"
"2000-06","Canada","2021A000011124","Unemployment","Total - Gender","15 years and over","Estimate","Seasonally adjusted","Persons in thousands","428","thousands","3","v2062814","1.6.1.1.1.1","1061.0","","","","1"
"2000-07","Canada","2021A000011124","Unemployment","Total - Gender","15 years and over","Estimate","Seasonally adjusted","Persons in thousands","428","thousands","3","v2062814","1.6.1.1.1.1","1068.0","","","","1"
"2000-08","Canada","2021A000011124","Unemployment","Total - Gender","15 years and over","Estimate","Seasonally adjusted","Persons in thousands","428","thousands","3","v2062814","1.6.1.1.1.1","1113.1","","","","1"
"2000-09","Canada","2021A000011124","Unemployment","Total - Gender","15 years and over","Estimate","Seasonally adjusted","Persons in thousands","428","thousands","3","v2062814","1.6.1.1.1.1","1104.1","","","","1"
"2000-10","Canada","2021A000011124","Unemployment","Total - Gender","15 years and over","Estimate","Seasonally adjusted","Persons in thousands","428","thousands","3","v2062814","1.6.1.1.1.1","1120.4","","","","1"
"2000-11","Canada","2021A000011124","Unemployment","Total - Gender","15 years and over","Estimate","Seasonally adjusted","Persons in thousands","428","thousands","3","v2062814","1.6.1.1.1.1","1110.7","","","","1"
"2000-12","Canada","2021A000011124","Unemployment","Total - Gender","15 years and over","Estimate","Seasonally adjusted","Persons in thousands","428","thousands","3","v2062814","1.6.1.1.1.1","1083.2","","","","1"
"2001-01","Canada","2021A000011124","Unemployment","Total - Gender","15 years and over","Estimate","Seasonally adjusted","Persons in thousands","428","thousands","3","v2062814","1.6.1.1.1.1","1100.1","","","","1"
"2001-02","Canada","2021A000011124","Unemployment","Total - Gender","15 years and over","Estimate","Seasonally adjusted","Persons in thousands","428","thousands","3","v2062814","1.6.1.1.1.1","1120.5","","","","1"
"2001-03","Canada","2021A000011124","Unemployment","Total - Gender","15 years and over","Estimate","Seasonally adjusted","Persons in thousands","428","thousands","3","v2062814","1.6.1.1.1.1","1144.6","","","","1"
"2001-04","Canada","2021A000011124","Unemployment","Total - Gender","15 years and over","Estimate","Seasonally adjusted","Persons in thousands","428","thousands","3","v2062814","1.6.1.1.1.1","1144.7","","","","1"
"2001-05","Canada","2021A000011124","Unemployment","Total - Gender","15 years and over","Estimate","Seasonally adjusted","Persons in thousands","428","thousands","3","v2062814","1.6.1.1.1.1","1130.6","","","","1"
"2001-06","Canada","2021A000011124","Unemployment","Total - Gender","15 years and over","Estimate","Seasonally adjusted","Persons in thousands","428","thousands","3","v2062814","1.6.1.1.1.1","1162.6","","","","1"
"2001-07","Canada","2021A000011124","Unemployment","Total - Gender","15 years and over","Estimate","Seasonally adjusted","Persons in thousands","428","thousands","3","v2062814","1.6.1.1.1.1","1137.7","","","","1"
"2001-08","Canada","2021A000011124","Unemployment","Total - Gender","15 years and over","Estimate","Seasonally adjusted","Persons in thousands","428","thousands","3","v2062814","1.6.1.1.1.1","1163.9","","","","1"
"2001-09","Canada","2021A000011124","Unemployment","Total - Gender","15 years and over","Estimate","Seasonally adjusted","Persons in thousands","428","thousands","3","v2062814","1.6.1.1.1.1","1158.7","","","","1"
"2001-10","Canada","2021A000011124","Unemployment","Total - Gender","15 years and over","Estimate","Seasonally adjusted","Persons in thousands","428","thousands","3","v2062814","1.6.1.1.1.1","1182.9","","","","1"
"2001-11","Canada","2021A000011124","Unemployment","Total - Gender","15 years and over","Estimate","Seasonally adjusted","Persons in thousands","428","thousands","3","v2062814","1.6.1.1.1.1","1209.4","","","","1"
"2001-12","Canada","2021A000011124","Unemployment","Total - Gender","15 years and over","Estimate","Seasonally adjusted","Persons in thousands","428","thousands","3","v2062814","1.6.1.1.1.1","1310.4","","","","1"
"2002-01","Canada","2021A000011124","Unemployment","Total - Gender","15 years and over","Estimate","Seasonally adjusted","Persons in thousands","428","thousands","3","v2062814","1.6.1.1.1.1","1307.9","","","","1"
"2002-02","Canada","2021A000011124","Unemployment","Total - Gender","15 years and over","Estimate","Seasonally adjusted","Persons in thousands","428","thousands","3","v2062814","1.6.1.1.1.1","1296.2","","","","1"
"2002-03","Canada","2021A000011124","Unemployment","Total - Gender","15 years and over","Estimate","Seasonally adjusted","Persons in thousands","428","thousands","3","v2062814","1.6.1.1.1.1","1291.7","","","","1"
"2002-04","Canada","2021A000011124","Unemployment","Total - Gender","15 years and over","Estimate","Seasonally adjusted","Persons in thousands","428","thousands","3","v2062814","1.6.1.1.1.1","1264.8","","","","1"
"2002-05","Canada","2021A000011124","Unemployment","Total - Gender","15 years and over","Estimate","Seasonally adjusted","Persons in thousands","428","thousands","3","v2062814","1.6.1.1.1.1","1281.3","","","","1"
"2002-06","Canada","2021A000011124","Unemployment","Total - Gender","15 years and over","Estimate","Seasonally adjusted","Persons in thousands","428","thousands","3","v2062814","1.6.1.1.1.1","1259.0","","","","1"
"2002-07","Canada","2021A000011124","Unemployment","Total - Gender","15 years and over","Estimate","Seasonally adjusted","Persons in thousands","428","thousands","3","v2062814","1.6.1.1.1.1","1268.6","","","","1"
"2002-08","Canada","2021A000011124","Unemployment","Total - Gender","15 years and over","Estimate","Seasonally adjusted","Persons in thousands","428","thousands","3","v2062814","1.6.1.1.1.1","1235.0","","","","1"
"2002-09","Canada","2021A000011124","Unemployment","Total - Gender","15 years and over","Estimate","Seasonally adjusted","Persons in thousands","428","thousands","3","v2062814","1.6.1.1.1.1","1259.9","","","","1"
"2002-10","Canada","2021A000011124","Unemployment","Total - Gender","15 years and over","Estimate","Seasonally adjusted","Persons in thousands","428","thousands","3","v2062814","1.6.1.1.1.1","1267.4","","","","1"
"2002-11","Canada","2021A000011124","Unemployment","Total - Gender","15 years and over","Estimate","Seasonally adjusted","Persons in thousands","428","thousands","3","v2062814","1.6.1.1.1.1","1256.2","","","","1"
"2002-12","Canada","2021A000011124","Unemployment","Total - Gender","15 years and over","Estimate","Seasonally adjusted","Persons in thousands","428","thousands","3","v2062814","1.6.1.1.1.1","1268.0","","","","1"
"2003-01","Canada","2021A000011124","Unemployment","Total - Gender","15 years and over","Estimate","Seasonally adjusted","Persons in thousands","428","thousands","3","v2062814","1.6.1.1.1.1","1252.8","","","","1"
"2003-02","Canada","2021A000011124","Unemployment","Total - Gender","15 years and over","Estimate","Seasonally adjusted","Persons in thousands","428","thousands","3","v2062814","1.6.1.1.1.1","1257.5","","","","1"
"2003-03","Canada","2021A000011124","Unemployment","Total - Gender","15 years and over","Estimate","Seasonally adjusted","Persons in thousands","428","thousands","3","v2062814","1.6.1.1.1.1","1242.7","","","","1"
"2003-04","Canada","2021A000011124","Unemployment","Total - Gender","15 years and over","Estimate","Seasonally adjusted","Persons in thousands","428","thousands","3","v2062814","1.6.1.1.1.1","1283.6","","","","1"
"2003-05","Canada","2021A000011124","Unemployment","Total - Gender","15 years and over","Estimate","Seasonally adjusted","Persons in thousands","428","thousands","3","v2062814","1.6.1.1.1.1","1324.7","","","","1"
"2003-06","Canada","2021A000011124","Unemployment","Total - Gender","15 years and over","Estimate","Seasonally adjusted","Persons in thousands","428","thousands","3","v2062814","1.6.1.1.1.1","1285.5","","","","1"
"2003-07","Canada","2021A000011124","Unemployment","Total - Gender","15 years and over","Estimate","Seasonally adjusted","Persons in thousands","428","thousands","3","v2062814","1.6.1.1.1.1","1306.1","","","","1"
"2003-08","Canada","2021A000011124","Unemployment","Total - Gender","15 years and over","Estimate","Seasonally adjusted","Persons in thousands","428","thousands","3","v2062814","1.6.1.1.1.1","1328.4","","","","1"
"2003-09","Canada","2021A000011124","Unemployment","Total - Gender","15 years and over","Estimate","Seasonally adjusted","Persons in thousands","428","thousands","3","v2062814","1.6.1.1.1.1","1335.4","","","","1"
"2003-10","Canada","2021A000011124","Unemployment","Total - Gender","15 years and over","Estimate","Seasonally adjusted","Persons in thousands","428","thousands","3","v2062814","1.6.1.1.1.1","1289.6","","","","1"
"2003-11","Canada","2021A000011124","Unemployment","Total - Gender","15 years and over","Estimate","Seasonally adjusted","Persons in thousands","428","thousands","3","v2062814","1.6.1.1.1.1","1267.0","","","","1"
"2003-12","Canada","2021A000011124","Unemployment","Total - Gender","15 years and over","Estimate","Seasonally adjusted","Persons in thousands","428","thousands","3","v2062814","1.6.1.1.1.1","1253.3","","","","1"
"2004-01","Canada","2021A000011124","Unemployment","Total - Gender","15 years and over","Estimate","Seasonally adjusted","Persons in thousands","428","thousands","3","v2062814","1.6.1.1.1.1","1250.2","","","","1"
"2004-02","Canada","2021A000011124","Unemployment","Total - Gender","15 years and over","Estimate","Seasonally adjusted","Persons in thousands","428","thousands","3","v2062814","1.6.1.1.1.1","1248.5","","","","1"
"2004-03","Canada","2021A000011124","Unemployment","Total - Gender","15 years and over","Estimate","Seasonally adjusted","Persons in thousands","428","thousands","3","v2062814","1.6.1.1.1.1","1250.9","","","","1"
"2004-04","Canada","2021A000011124","Unemployment","Total - Gender","15 years and over","Estimate","Seasonally adjusted","Persons in thousands","428","thousands","3","v2062814","1.6.1.1.1.1","1230.9","","","","1"
"2004-05","Canada","2021A000011124","Unemployment","Total - Gender","15 years and over","Estimate","Seasonally adjusted","Persons in thousands","428","thousands","3","v2062814","1.6.1.1.1.1","1207.7","","","","1"
"2004-06","Canada","2021A000011124","Unemployment","Total - Gender","15 years and over","Estimate","Seasonally adjusted","Persons in thousands","428","thousands","3","v2062814","1.6.1.1.1.1","1240.1","","","","1"
"2004-07","Canada","2021A000011124","Unemployment","Total - Gender","15 years and over","Estimate","Seasonally adjusted","Persons in thousands","428","thousands","3","v2062814","1.6.1.1.1.1","1210.7","","","","1"
"2004-08","Canada","2021A000011124","Unemployment","Total - Gender","15 years and over","Estimate","Seasonally adjusted","Persons in thousands","428","thousands","3","v2062814","1.6.1.1.1.1","1201.4","","","","1"
"2004-09","Canada","2021A000011124","Unemployment","Total - Gender","15 years and over","Estimate","Seasonally adjusted","Persons in thousands","428","thousands","3","v2062814","1.6.1.1.1.1","1191.8","","","","1"
"2004-10","Canada","2021A000011124","Unemployment","Total - Gender","15 years and over","Estimate","Seasonally adjusted","Persons in thousands","428","thousands","3","v2062814","1.6.1.1.1.1","1213.8","","","","1"
"2004-11","Canada","2021A000011124","Unemployment","Total - Gender","15 years and over","Estimate","Seasonally adjusted","Persons in thousands","428","thousands","3","v2062814","1.6.1.1.1.1","1240.8","","","","1"
"2004-12","Canada","2021A000011124","Unemployment","Total - Gender","15 years and over","Estimate","Seasonally adjusted","Persons in thousands","428","thousands","3","v2062814","1.6.1.1.1.1","1229.2","","","","1"
"2005-01","Canada","2021A000011124","Unemployment","Total - Gender","15 years and over","Estimate","Seasonally adjusted","Persons in thousands","428","thousands","3","v2062814","1.6.1.1.1.1","1192.1","","","","1"
"2005-02","Canada","2021A000011124","Unemployment","Total - Gender","15 years and over","Estimate","Seasonally adjusted","Persons in thousands","428","thousands","3","v2062814","1.6.1.1.1.1","1207.3","","","","1"
"2005-03","Canada","2021A000011124","Unemployment","Total - Gender","15 years and over","Estimate","Seasonally adjusted","Persons in thousands","428","thousands","3","v2062814","1.6.1.1.1.1","1184.3","","","","1"
"2005-04","Canada","2021A000011124","Unemployment","Total - Gender","15 years and over","Estimate","Seasonally adjusted","Persons in thousands","428","thousands","3","v2062814","1.6.1.1.1.1","1161.0","","","","1"
"2005-05","Canada","2021A000011124","Unemployment","Total - Gender","15 years and over","Estimate","Seasonally adjusted","Persons in thousands","428","thousands","3","v2062814","1.6.1.1.1.1","1208.4","","","","1"
"2005-06","Canada","2021A000011124","Unemployment","Total - Gender","15 years and over","Estimate","Seasonally adjusted","Persons in thousands","428","thousands","3","v2062814","1.6.1.1.1.1","1175.9","","","","1"
"2005-07","Canada","2021A000011124","Unemployment","Total - Gender","15 years and over","Estimate","Seasonally adjusted","Persons in thousands","428","thousands","3","v2062814","1.6.1.1.1.1","1158.5","","","","1"
"2005-08","Canada","2021A000011124","Unemployment","Total - Gender","15 years and over","Estimate","Seasonally adjusted","Persons in thousands","428","thousands","3","v2062814","1.6.1.1.1.1","1162.4","","","","1"
"2005-09","Canada","2021A000011124","Unemployment","Total - Gender","15 years and over","Estimate","Seasonally adjusted","Persons in thousands","428","thousands","3","v2062814","1.6.1.1.1.1","1159.7","","","","1"
"2005-10","Canada","2021A000011124","Unemployment","Total - Gender","15 years and over","Estimate","Seasonally adjusted","Persons in thousands","428","thousands","3","v2062814","1.6.1.1.1.1","1160.8","","","","1"
"2005-11","Canada","2021A000011124","Unemployment","Total - Gender","15 years and over","Estimate","Seasonally adjusted","Persons in thousands","428","thousands","3","v2062814","1.6.1.1.1.1","1096.9","","","","1"
"2005-12","Canada","2021A000011124","Unemployment","Total - Gender","15 years and over","Estimate","Seasonally adjusted","Persons in thousands","428","thousands","3","v2062814","1.6.1.1.1.1","1141.3","","","","1"
"2006-01","Canada","2021A000011124","Unemployment","Total - Gender","15 years and over","Estimate","Seasonally adjusted","Persons in thousands","428","thousands","3","v2062814","1.6.1.1.1.1","1175.6","","","","1"
"2006-02","Canada","2021A000011124","Unemployment","Total - Gender","15 years and over","Estimate","Seasonally adjusted","Persons in thousands","428","thousands","3","v2062814","1.6.1.1.1.1","1146.9","","","","1"
"2006-03","Canada","2021A000011124","Unemployment","Total - Gender","15 years and over","Estimate","Seasonally adjusted","Persons in thousands","428","thousands","3","v2062814","1.6.1.1.1.1","1132.5","","","","1"
"2006-04","Canada","2021A000011124","Unemployment","Total - Gender","15 years and over","Estimate","Seasonally adjusted","Persons in thousands","428","thousands","3","v2062814","1.6.1.1.1.1","1133.4","","","","1"
"2006-05","Canada","2021A000011124","Unemployment","Total - Gender","15 years and over","Estimate","Seasonally adjusted","Persons in thousands","428","thousands","3","v2062814","1.6.1.1.1.1","1094.5","","","","1"
"2006-06","Canada","2021A000011124","Unemployment","Total - Gender","15 years and over","Estimate","Seasonally adjusted","Persons in thousands","428","thousands","3","v2062814","1.6.1.1.1.1","1106.1","","","","1"
"2006-07","Canada","2021A000011124","Unemployment","Total - Gender","15 years and over","Estimate","Seasonally adjusted","Persons in thousands","428","thousands","3","v2062814","1.6.1.1.1.1","1147.5","","","","1"
"2006-08","Canada","2021A000011124","Unemployment","Total - Gender","15 years and over","Estimate","Seasonally adjusted","Persons in thousands","428","thousands","3","v2062814","1.6.1.1.1.1","1149.0","","","","1"
"2006-09","Canada","2021A000011124","Unemployment","Total - Gender","15 years and over","Estimate","Seasonally adjusted","Persons in thousands","428","thousands","3","v2062814","1.6.1.1.1.1","1145.0","","","","1"
"2006-10","Canada","2021A000011124","Unemployment","Total - Gender","15 years and over","Estimate","Seasonally adjusted","Persons in thousands","428","thousands","3","v2062814","1.6.1.1.1.1","1117.8","","","","1"
"2006-11","Canada","2021A000011124","Unemployment","Total - Gender","15 years and over","Estimate","Seasonally adjusted","Persons in thousands","428","thousands","3","v2062814","1.6.1.1.1.1","1153.7","","","","1"
"2006-12","Canada","2021A000011124","Unemployment","Total - Gender","15 years and over","Estimate","Seasonally adjusted","Persons in thousands","428","thousands","3","v2062814","1.6.1.1.1.1","1121.8","","","","1"
"2007-01","Canada","2021A000011124","Unemployment","Total - Gender","15 years and over","Estimate","Seasonally adjusted","Persons in thousands","428","thousands","3","v2062814","1.6.1.1.1.1","1128.5","","","","1"
"2007-02","Canada","2021A000011124","Unemployment","Total - Gender","15 years and over","Estimate","Seasonally adjusted","Persons in thousands","428","thousands","3","v2062814","1.6.1.1.1.1","1112.3","","","","1"
"2007-03","Canada","2021A000011124","Unemployment","Total - Gender","15 years and over","Estimate","Seasonally adjusted","Persons in thousands","428","thousands","3","v2062814","1.6.1.1.1.1","1118.9","","","","1"
"2007-04","Canada","2021A000011124","Unemployment","Total - Gender","15 years and over","Estimate","Seasonally adjusted","Persons in thousands","428","thousands","3","v2062814","1.6.1.1.1.1","1116.9","","","","1"
"2007-05","Canada","2021A000011124","Unemployment","Total - Gender","15 years and over","Estimate","Seasonally adjusted","Persons in thousands","428","thousands","3","v2062814","1.6.1.1.1.1","1093.4","","","","1"
"2007-06","Canada","2021A000011124","Unemployment","Total - Gender","15 years and over","Estimate","Seasonally adjusted","Persons in thousands","428","thousands","3","v2062814","1.6.1.1.1.1","1094.1","","","","1"
"2007-07","Canada","2021A000011124","Unemployment","Total - Gender","15 years and over","Estimate","Seasonally adjusted","Persons in thousands","428","thousands","3","v2062814","1.6.1.1.1.1","1076.1","","","","1"
"2007-08","Canada","2021A000011124","Unemployment","Total - Gender","15 years and over","Estimate","Seasonally adjusted","Persons in thousands","428","thousands","3","v2062814","1.6.1.1.1.1","1068.7","","","","1"
"2007-09","Canada","2021A000011124","Unemployment","Total - Gender","15 years and over","Estimate","Seasonally adjusted","Persons in thousands","428","thousands","3","v2062814","1.6.1.1.1.1","1079.0","","","","1"
"2007-10","Canada","2021A000011124","Unemployment","Total - Gender","15 years and over","Estimate","Seasonally adjusted","Persons in thousands","428","thousands","3","v2062814","1.6.1.1.1.1","1083.7","","","","1"
"2007-11","Canada","2021A000011124","Unemployment","Total - Gender","15 years and over","Estimate","Seasonally adjusted","Persons in thousands","428","thousands","3","v2062814","1.6.1.1.1.1","1104.3","","","","1"
"2007-12","Canada","2021A000011124","Unemployment","Total - Gender","15 years and over","Estimate","Seasonally adjusted","Persons in thousands","428","thousands","3","v2062814","1.6.1.1.1.1","1110.0","","","","1"
"2008-01","Canada","2021A000011124","Unemployment","Total - Gender","15 years and over","Estimate","Seasonally adjusted","Persons in thousands","428","thousands","3","v2062814","1.6.1.1.1.1","1107.2","","","","1"
"2008-02","Canada","2021A000011124","Unemployment","Total - Gender","15 years and over","Estimate","Seasonally adjusted","Persons in thousands","428","thousands","3","v2062814","1.6.1.1.1.1","1106.0","","","","1"
"2008-03","Canada","2021A000011124","Unemployment","Total - Gender","15 years and over","Estimate","Seasonally adjusted","Persons in thousands","428","thousands","3","v2062814","1.6.1.1.1.1","1113.6","","","","1"
"2008-04","Canada","2021A000011124","Unemployment","Total - Gender","15 years and over","Estimate","Seasonally adjusted","Persons in thousands","428","thousands","3","v2062814","1.6.1.1.1.1","1117.7","","","","1"
"2008-05","Canada","2021A000011124","Unemployment","Total - Gender","15 years and over","Estimate","Seasonally adjusted","Persons in thousands","428","thousands","3","v2062814","1.6.1.1.1.1","1116.3","","","","1"
"2008-06","Canada","2021A000011124","Unemployment","Total - Gender","15 years and over","Estimate","Seasonally adjusted","Persons in thousands","428","thousands","3","v2062814","1.6.1.1.1.1","1113.4","","","","1"
"2008-07","Canada","2021A000011124","Unemployment","Total - Gender","15 years and over","Estimate","Seasonally adjusted","Persons in thousands","428","thousands","3","v2062814","1.6.1.1.1.1","1113.7","","","","1"
"2008-08","Canada","2021A000011124","Unemployment","Total - Gender","15 years and over","Estimate","Seasonally adjusted","Persons in thousands","428","thousands","3","v2062814","1.6.1.1.1.1","1116.4","","","","1"
"2008-09","Canada","2021A000011124","Unemployment","Total - Gender","15 years and over","Estimate","Seasonally adjusted","Persons in thousands","428","thousands","3","v2062814","1.6.1.1.1.1","1150.9","","","","1"
"2008-10","Canada","2021A000011124","Unemployment","Total - Gender","15 years and over","Estimate","Seasonally adjusted","Persons in thousands","428","thousands","3","v2062814","1.6.1.1.1.1","1171.1","","","","1"
"2008-11","Canada","2021A000011124","Unemployment","Total - Gender","15 years and over","Estimate","Seasonally adjusted","Persons in thousands","428","thousands","3","v2062814","1.6.1.1.1.1","1219.2","","","","1"
"2008-12","Canada","2021A000011124","Unemployment","Total - Gender","15 years and over","Estimate","Seasonally adjusted","Persons in thousands","428","thousands","3","v2062814","1.6.1.1.1.1","1278.4","","","","1"
"2009-01","Canada","2021A000011124","Unemployment","Total - Gender","15 years and over","Estimate","Seasonally adjusted","Persons in thousands","428","thousands","3","v2062814","1.6.1.1.1.1","1371.7","","","","1"
"2009-02","Canada","2021A000011124","Unemployment","Total - Gender","15 years and over","Estimate","Seasonally adjusted","Persons in thousands","428","thousands","3","v2062814","1.6.1.1.1.1","1479.0","","","","1"
"2009-03","Canada","2021A000011124","Unemployment","Total - Gender","15 years and over","Estimate","Seasonally adjusted","Persons in thousands","428","thousands","3","v2062814","1.6.1.1.1.1","1528.0","","","","1"
"2009-04","Canada","2021A000011124","Unemployment","Total - Gender","15 years and over","Estimate","Seasonally adjusted","Persons in thousands","428","thousands","3","v2062814","1.6.1.1.1.1","1538.2","","","","1"
"2009-05","Canada","2021A000011124","Unemployment","Total - Gender","15 years and over","Estimate","Seasonally adjusted","Persons in thousands","428","thousands","3","v2062814","1.6.1.1.1.1","1586.5","","","","1"
"2009-06","Canada","2021A000011124","Unemployment","Total - Gender","15 years and over","Estimate","Seasonally adjusted","Persons in thousands","428","thousands","3","v2062814","1.6.1.1.1.1","1612.7","","","","1"
"2009-07","Canada","2021A000011124","Unemployment","Total - Gender","15 years and over","Estimate","Seasonally adjusted","Persons in thousands","428","thousands","3","v2062814","1.6.1.1.1.1","1606.2","","","","1"
"2009-08","Canada","2021A000011124","Unemployment","Total - Gender","15 years and over","Estimate","Seasonally adjusted","Persons in thousands","428","thousands","3","v2062814","1.6.1.1.1.1","1600.2","","","","1"
"2009-09","Canada","2021A000011124","Unemployment","Total - Gender","15 years and over","Estimate","Seasonally adjusted","Persons in thousands","428","thousands","3","v2062814","1.6.1.1.1.1","1558.8","","","","1"
"2009-10","Canada","2021A000011124","Unemployment","Total - Gender","15 years and over","Estimate","Seasonally adjusted","Persons in thousands","428","thousands","3","v2062814","1.6.1.1.1.1","1570.9","","","","1"
"2009-11","Canada","2021A000011124","Unemployment","Total - Gender","15 years and over","Estimate","Seasonally adjusted","Persons in thousands","428","thousands","3","v2062814","1.6.1.1.1.1","1578.9","","","","1"
"2009-12","Canada","2021A000011124","Unemployment","Total - Gender","15 years and over","Estimate","Seasonally adjusted","Persons in thousands","428","thousands","3","v2062814","1.6.1.1.1.1","1577.2","","","","1"
"2010-01","Canada","2021A000011124","Unemployment","Total - Gender","15 years and over","Estimate","Seasonally adjusted","Persons in thousands","428","thousands","3","v2062814","1.6.1.1.1.1","1536.4","","","","1"
"2010-02","Canada","2021A000011124","Unemployment","Total - Gender","15 years and over","Estimate","Seasonally adjusted","Persons in thousands","428","thousands","3","v2062814","1.6.1.1.1.1","1538.7","","","","1"
"2010-03","Canada","2021A000011124","Unemployment","Total - Gender","15 years and over","Estimate","Seasonally adjusted","Persons in thousands","428","thousands","3","v2062814","1.6.1.1.1.1","1531.7","","","","1"
"2010-04","Canada","2021A000011124","Unemployment","Total - Gender","15 years and over","Estimate","Seasonally adjusted","Persons in thousands","428","thousands","3","v2062814","1.6.1.1.1.1","1513.0","","","","1"
"2010-05","Canada","2021A000011124","Unemployment","Total - Gender","15 years and over","Estimate","Seasonally adjusted","Persons in thousands","428","thousands","3","v2062814","1.6.1.1.1.1","1507.3","","","","1"
"2010-06","Canada","2021A000011124","Unemployment","Total - Gender","15 years and over","Estimate","Seasonally adjusted","Persons in thousands","428","thousands","3","v2062814","1.6.1.1.1.1","1486.3","","","","1"
"2010-07","Canada","2021A000011124","Unemployment","Total - Gender","15 years and over","Estimate","Seasonally adjusted","Persons in thousands","428","thousands","3","v2062814","1.6.1.1.1.1","1514.7","","","","1"
"2010-08","Canada","2021A000011124","Unemployment","Total - Gender","15 years and over","Estimate","Seasonally adjusted","Persons in thousands","428","thousands","3","v2062814","1.6.1.1.1.1","1528.5","","","","1"
"2010-09","Canada","2021A000011124","Unemployment","Total - Gender","15 years and over","Estimate","Seasonally adjusted","Persons in thousands","428","thousands","3","v2062814","1.6.1.1.1.1","1520.6","","","","1"
"2010-10","Canada","2021A000011124","Unemployment","Total - Gender","15 years and over","Estimate","Seasonally adjusted","Persons in thousands","428","thousands","3","v2062814","1.6.1.1.1.1","1497.4","","","","1"
"2010-11","Canada","2021A000011124","Unemployment","Total - Gender","15 years and over","Estimate","Seasonally adjusted","Persons in thousands","428","thousands","3","v2062814","1.6.1.1.1.1","1456.5","","","","1"
"2010-12","Canada","2021A000011124","Unemployment","Total - Gender","15 years and over","Estimate","Seasonally adjusted","Persons in thousands","428","thousands","3","v2062814","1.6.1.1.1.1","1454.4","","","","1"
"2011-01","Canada","2021A000011124","Unemployment","Total - Gender","15 years and over","Estimate","Seasonally adjusted","Persons in thousands","428","thousands","3","v2062814","1.6.1.1.1.1","1459.2","","","","1"
"2011-02","Canada","2021A000011124","Unemployment","Total - Gender","15 years and over","Estimate","Seasonally adjusted","Persons in thousands","428","thousands","3","v2062814","1.6.1.1.1.1","1458.7","","","","1"
"2011-03","Canada","2021A000011124","Unemployment","Total - Gender","15 years and over","Estimate","Seasonally adjusted","Persons in thousands","428","thousands","3","v2062814","1.6.1.1.1.1","1460.2","","","","1"
"2011-04","Canada","2021A000011124","Unemployment","Total - Gender","15 years and over","Estimate","Seasonally adjusted","Persons in thousands","428","thousands","3","v2062814","1.6.1.1.1.1","1453.5","","","","1"
"2011-05","Canada","2021A000011124","Unemployment","Total - Gender","15 years and over","Estimate","Seasonally adjusted","Persons in thousands","428","thousands","3","v2062814","1.6.1.1.1.1","1437.6","","","","1"
"2011-06","Canada","2021A000011124","Unemployment","Total - Gender","15 years and over","Estimate","Seasonally adjusted","Persons in thousands","428","thousands","3","v2062814","1.6.1.1.1.1","1435.9","","","","1"
"2011-07","Canada","2021A000011124","Unemployment","Total - Gender","15 years and over","Estimate","Seasonally adjusted","Persons in thousands","428","thousands","3","v2062814","1.6.1.1.1.1","1386.6","","","","1"
"2011-08","Canada","2021A000011124","Unemployment","Total - Gender","15 years and over","Estimate","Seasonally adjusted","Persons in thousands","428","thousands","3","v2062814","1.6.1.1.1.1","1384.8","","","","1"
"2011-09","Canada","2021A000011124","Unemployment","Total - Gender","15 years and over","Estimate","Seasonally adjusted","Persons in thousands","428","thousands","3","v2062814","1.6.1.1.1.1","1393.6","","","","1"
"2011-10","Canada","2021A000011124","Unemployment","Total - Gender","15 years and over","Estimate","Seasonally adjusted","Persons in thousands","428","thousands","3","v2062814","1.6.1.1.1.1","1407.0","","","","1"
"2011-11","Canada","2021A000011124","Unemployment","Total - Gender","15 years and over","Estimate","Seasonally adjusted","Persons in thousands","428","thousands","3","v2062814","1.6.1.1.1.1","1427.7","","","","1"
"2011-12","Canada","2021A000011124","Unemployment","Total - Gender","15 years and over","Estimate","Seasonally adjusted","Persons in thousands","428","thousands","3","v2062814","1.6.1.1.1.1","1402.2","","","","1"
"2012-01","Canada","2021A000011124","Unemployment","Total - Gender","15 years and over","Estimate","Seasonally adjusted","Persons in thousands","428","thousands","3","v2062814","1.6.1.1.1.1","1438.7","","","","1"
"2012-02","Canada","2021A000011124","Unemployment","Total - Gender","15 years and over","Estimate","Seasonally adjusted","Persons in thousands","428","thousands","3","v2062814","1.6.1.1.1.1","1420.5","","","","1"
"2012-03","Canada","2021A000011124","Unemployment","Total - Gender","15 years and over","Estimate","Seasonally adjusted","Persons in thousands","428","thousands","3","v2062814","1.6.1.1.1.1","1376.9","","","","1"
"2012-04","Canada","2021A000011124","Unemployment","Total - Gender","15 years and over","Estimate","Seasonally adjusted","Persons in thousands","428","thousands","3","v2062814","1.6.1.1.1.1","1398.4","","","","1"
"2012-05","Canada","2021A000011124","Unemployment","Total - Gender","15 years and over","Estimate","Seasonally adjusted","Persons in thousands","428","thousands","3","v2062814","1.6.1.1.1.1","1422.7","","","","1"
"2012-06","Canada","2021A000011124","Unemployment","Total - Gender","15 years and over","Estimate","Seasonally adjusted","Persons in thousands","428","thousands","3","v2062814","1.6.1.1.1.1","1384.3","","","","1"
"2012-07","Canada","2021A000011124","Unemployment","Total - Gender","15 years and over","Estimate","Seasonally adjusted","Persons in thousands","428","thousands","3","v2062814","1.6.1.1.1.1","1379.1","","","","1"
"2012-08","Canada","2021A000011124","Unemployment","Total - Gender","15 years and over","Estimate","Seasonally adjusted","Persons in thousands","428","thousands","3","v2062814","1.6.1.1.1.1","1398.1","","","","1"
"2012-09","Canada","2021A000011124","Unemployment","Total - Gender","15 years and over","Estimate","Seasonally adjusted","Persons in thousands","428","thousands","3","v2062814","1.6.1.1.1.1","1394.5","","","","1"
"2012-10","Canada","2021A000011124","Unemployment","Total - Gender","15 years and over","Estimate","Seasonally adjusted","Persons in thousands","428","thousands","3","v2062814","1.6.1.1.1.1","1399.6","","","","1"
"2012-11","Canada","2021A000011124","Unemployment","Total - Gender","15 years and over","Estimate","Seasonally adjusted","Persons in thousands","428","thousands","3","v2062814","1.6.1.1.1.1","1403.2","","","","1"
"2012-12","Canada","2021A000011124","Unemployment","Total - Gender","15 years and over","Estimate","Seasonally adjusted","Persons in thousands","428","thousands","3","v2062814","1.6.1.1.1.1","1380.1","","","","1"
"2013-01","Canada","2021A000011124","Unemployment","Total - Gender","15 years and over","Estimate","Seasonally adjusted","Persons in thousands","428","thousands","3","v2062814","1.6.1.1.1.1","1355.0","","","","1"
"2013-02","Canada","2021A000011124","Unemployment","Total - Gender","15 years and over","Estimate","Seasonally adjusted","Persons in thousands","428","thousands","3","v2062814","1.6.1.1.1.1","1343.5","","","","1"
"2013-03","Canada","2021A000011124","Unemployment","Total - Gender","15 years and over","Estimate","Seasonally adjusted","Persons in thousands","428","thousands","3","v2062814","1.6.1.1.1.1","1381.2","","","","1"
"2013-04","Canada","2021A000011124","Unemployment","Total - Gender","15 years and over","Estimate","Seasonally adjusted","Persons in thousands","428","thousands","3","v2062814","1.6.1.1.1.1","1369.9","","","","1"
"2013-05","Canada","2021A000011124","Unemployment","Total - Gender","15 years and over","Estimate","Seasonally adjusted","Persons in thousands","428","thousands","3","v2062814","1.6.1.1.1.1","1343.5","","","","1"
"2013-06","Canada","2021A000011124","Unemployment","Total - Gender","15 years and over","Estimate","Seasonally adjusted","Persons in thousands","428","thousands","3","v2062814","1.6.1.1.1.1","1362.9","","","","1"
"2013-07","Canada","2021A000011124","Unemployment","Total - Gender","15 years and over","Estimate","Seasonally adjusted","Persons in thousands","428","thousands","3","v2062814","1.6.1.1.1.1","1394.3","","","","1"
"2013-08","Canada","2021A000011124","Unemployment","Total - Gender","15 years and over","Estimate","Seasonally adjusted","Persons in thousands","428","thousands","3","v2062814","1.6.1.1.1.1","1382.3","","","","1"
"2013-09","Canada","2021A000011124","Unemployment","Total - Gender","15 years and over","Estimate","Seasonally adjusted","Persons in thousands","428","thousands","3","v2062814","1.6.1.1.1.1","1358.6","","","","1"
"2013-10","Canada","2021A000011124","Unemployment","Total - Gender","15 years and over","Estimate","Seasonally adjusted","Persons in thousands","428","thousands","3","v2062814","1.6.1.1.1.1","1383.6","","","","1"
"2013-11","Canada","2021A000011124","Unemployment","Total - Gender","15 years and over","Estimate","Seasonally adjusted","Persons in thousands","428","thousands","3","v2062814","1.6.1.1.1.1","1358.4","","","","1"
"2013-12","Canada","2021A000011124","Unemployment","Total - Gender","15 years and over","Estimate","Seasonally adjusted","Persons in thousands","428","thousands","3","v2062814","1.6.1.1.1.1","1407.8","","","","1"
"2014-01","Canada","2021A000011124","Unemployment","Total - Gender","15 years and over","Estimate","Seasonally adjusted","Persons in thousands","428","thousands","3","v2062814","1.6.1.1.1.1","1384.6","","","","1"
"2014-02","Canada","2021A000011124","Unemployment","Total - Gender","15 years and over","Estimate","Seasonally adjusted","Persons in thousands","428","thousands","3","v2062814","1.6.1.1.1.1","1384.8","","","","1"
"2014-03","Canada","2021A000011124","Unemployment","Total - Gender","15 years and over","Estimate","Seasonally adjusted","Persons in thousands","428","thousands","3","v2062814","1.6.1.1.1.1","1351.8","","","","1"
"2014-04","Canada","2021A000011124","Unemployment","Total - Gender","15 years and over","Estimate","Seasonally adjusted","Persons in thousands","428","thousands","3","v2062814","1.6.1.1.1.1","1359.0","","","","1"
"2014-05","Canada","2021A000011124","Unemployment","Total - Gender","15 years and over","Estimate","Seasonally adjusted","Persons in thousands","428","thousands","3","v2062814","1.6.1.1.1.1","1392.1","","","","1"
"2014-06","Canada","2021A000011124","Unemployment","Total - Gender","15 years and over","Estimate","Seasonally adjusted","Persons in thousands","428","thousands","3","v2062814","1.6.1.1.1.1","1378.1","","","","1"
"2014-07","Canada","2021A000011124","Unemployment","Total - Gender","15 years and over","Estimate","Seasonally adjusted","Persons in thousands","428","thousands","3","v2062814","1.6.1.1.1.1","1358.7","","","","1"
"2014-08","Canada","2021A000011124","Unemployment","Total - Gender","15 years and over","Estimate","Seasonally adjusted","Persons in thousands","428","thousands","3","v2062814","1.6.1.1.1.1","1336.1","","","","1"
"2014-09","Canada","2021A000011124","Unemployment","Total - Gender","15 years and over","Estimate","Seasonally adjusted","Persons in thousands","428","thousands","3","v2062814","1.6.1.1.1.1","1341.4","","","","1"
"2014-10","Canada","2021A000011124","Unemployment","Total - Gender","15 years and over","Estimate","Seasonally adjusted","Persons in thousands","428","thousands","3","v2062814","1.6.1.1.1.1","1301.4","","","","1"
"2014-11","Canada","2021A000011124","Unemployment","Total - Gender","15 years and over","Estimate","Seasonally adjusted","Persons in thousands","428","thousands","3","v2062814","1.6.1.1.1.1","1300.2","","","","1"
"2014-12","Canada","2021A000011124","Unemployment","Total - Gender","15 years and over","Estimate","Seasonally adjusted","Persons in thousands","428","thousands","3","v2062814","1.6.1.1.1.1","1272.5","","","","1"
"2015-01","Canada","2021A000011124","Unemployment","Total - Gender","15 years and over","Estimate","Seasonally adjusted","Persons in thousands","428","thousands","3","v2062814","1.6.1.1.1.1","1293.2","","","","1"
"2015-02","Canada","2021A000011124","Unemployment","Total - Gender","15 years and over","Estimate","Seasonally adjusted","Persons in thousands","428","thousands","3","v2062814","1.6.1.1.1.1","1320.8","","","","1"
"2015-03","Canada","2021A000011124","Unemployment","Total - Gender","15 years and over","Estimate","Seasonally adjusted","Persons in thousands","428","thousands","3","v2062814","1.6.1.1.1.1","1329.8","","","","1"
"2015-04","Canada","2021A000011124","Unemployment","Total - Gender","15 years and over","Estimate","Seasonally adjusted","Persons in thousands","428","thousands","3","v2062814","1.6.1.1.1.1","1337.2","","","","1"
"2015-05","Canada","2021A000011124","Unemployment","Total - Gender","15 years and over","Estimate","Seasonally adjusted","Persons in thousands","428","thousands","3","v2062814","1.6.1.1.1.1","1324.7","","","","1"
"2015-06","Canada","2021A000011124","Unemployment","Total - Gender","15 years and over","Estimate","Seasonally adjusted","Persons in thousands","428","thousands","3","v2062814","1.6.1.1.1.1","1326.6","","","","1"
"2015-07","Canada","2021A000011124","Unemployment","Total - Gender","15 years and over","Estimate","Seasonally adjusted","Persons in thousands","428","thousands","3","v2062814","1.6.1.1.1.1","1336.0","","","","1"
"2015-08","Canada","2021A000011124","Unemployment","Total - Gender","15 years and over","Estimate","Seasonally adjusted","Persons in thousands","428","thousands","3","v2062814","1.6.1.1.1.1","1358.3","","","","1"
"2015-09","Canada","2021A000011124","Unemployment","Total - Gender","15 years and over","Estimate","Seasonally adjusted","Persons in thousands","428","thousands","3","v2062814","1.6.1.1.1.1","1368.4","","","","1"
"2015-10","Canada","2021A000011124","Unemployment","Total - Gender","15 years and over","Estimate","Seasonally adjusted","Persons in thousands","428","thousands","3","v2062814","1.6.1.1.1.1","1351.5","","","","1"
"2015-11","Canada","2021A000011124","Unemployment","Total - Gender","15 years and over","Estimate","Seasonally adjusted","Persons in thousands","428","thousands","3","v2062814","1.6.1.1.1.1","1374.2","","","","1"
"2015-12","Canada","2021A000011124","Unemployment","Total - Gender","15 years and over","Estimate","Seasonally adjusted","Persons in thousands","428","thousands","3","v2062814","1.6.1.1.1.1","1397.4","","","","1"
"2016-01","Canada","2021A000011124","Unemployment","Total - Gender","15 years and over","Estimate","Seasonally adjusted","Persons in thousands","428","thousands","3","v2062814","1.6.1.1.1.1","1396.1","","","","1"
"2016-02","Canada","2021A000011124","Unemployment","Total - Gender","15 years and over","Estimate","Seasonally adjusted","Persons in thousands","428","thousands","3","v2062814","1.6.1.1.1.1","1408.1","","","","1"
"2016-03","Canada","2021A000011124","Unemployment","Total - Gender","15 years and over","Estimate","Seasonally adjusted","Persons in thousands","428","thousands","3","v2062814","1.6.1.1.1.1","1397.2","","","","1"
"2016-04","Canada","2021A000011124","Unemployment","Total - Gender","15 years and over","Estimate","Seasonally adjusted","Persons in thousands","428","thousands","3","v2062814","1.6.1.1.1.1","1413.8","","","","1"
"2016-05","Canada","2021A000011124","Unemployment","Total - Gender","15 years and over","Estimate","Seasonally adjusted","Persons in thousands","428","thousands","3","v2062814","1.6.1.1.1.1","1362.1","","","","1"
"2016-06","Canada","2021A000011124","Unemployment","Total - Gender","15 years and over","Estimate","Seasonally adjusted","Persons in thousands","428","thousands","3","v2062814","1.6.1.1.1.1","1345.1","","","","1"
"2016-07","Canada","2021A000011124","Unemployment","Total - Gender","15 years and over","Estimate","Seasonally adjusted","Persons in thousands","428","thousands","3","v2062814","1.6.1.1.1.1","1346.8","","","","1"
"2016-08","Canada","2021A000011124","Unemployment","Total - Gender","15 years and over","Estimate","Seasonally adjusted","Persons in thousands","428","thousands","3","v2062814","1.6.1.1.1.1","1334.9","","","","1"
"2016-09","Canada","2021A000011124","Unemployment","Total - Gender","15 years and over","Estimate","Seasonally adjusted","Persons in thousands","428","thousands","3","v2062814","1.6.1.1.1.1","1352.7","","","","1"
"2016-10","Canada","2021A000011124","Unemployment","Total - Gender","15 years and over","Estimate","Seasonally adjusted","Persons in thousands","428","thousands","3","v2062814","1.6.1.1.1.1","1341.0","","","","1"
"2016-11","Canada","2021A000011124","Unemployment","Total - Gender","15 years and over","Estimate","Seasonally adjusted","Persons in thousands","428","thousands","3","v2062814","1.6.1.1.1.1","1326.5","","","","1"
"2016-12","Canada","2021A000011124","Unemployment","Total - Gender","15 years and over","Estimate","Seasonally adjusted","Persons in thousands","428","thousands","3","v2062814","1.6.1.1.1.1","1349.1","","","","1"
"2017-01","Canada","2021A000011124","Unemployment","Total - Gender","15 years and over","Estimate","Seasonally adjusted","Persons in thousands","428","thousands","3","v2062814","1.6.1.1.1.1","1339.1","","","","1"
"2017-02","Canada","2021A000011124","Unemployment","Total - Gender","15 years and over","Estimate","Seasonally adjusted","Persons in thousands","428","thousands","3","v2062814","1.6.1.1.1.1","1295.8","","","","1"
"2017-03","Canada","2021A000011124","Unemployment","Total - Gender","15 years and over","Estimate","Seasonally adjusted","Persons in thousands","428","thousands","3","v2062814","1.6.1.1.1.1","1307.7","","","","1"
"2017-04","Canada","2021A000011124","Unemployment","Total - Gender","15 years and over","Estimate","Seasonally adjusted","Persons in thousands","428","thousands","3","v2062814","1.6.1.1.1.1","1273.0","","","","1"
"2017-05","Canada","2021A000011124","Unemployment","Total - Gender","15 years and over","Estimate","Seasonally adjusted","Persons in thousands","428","thousands","3","v2062814","1.6.1.1.1.1","1302.8","","","","1"
"2017-06","Canada","2021A000011124","Unemployment","Total - Gender","15 years and over","Estimate","Seasonally adjusted","Persons in thousands","428","thousands","3","v2062814","1.6.1.1.1.1","1275.9","","","","1"
"2017-07","Canada","2021A000011124","Unemployment","Total - Gender","15 years and over","Estimate","Seasonally adjusted","Persons in thousands","428","thousands","3","v2062814","1.6.1.1.1.1","1236.7","","","","1"
"2017-08","Canada","2021A000011124","Unemployment","Total - Gender","15 years and over","Estimate","Seasonally adjusted","Persons in thousands","428","thousands","3","v2062814","1.6.1.1.1.1","1225.3","","","","1"
"2017-09","Canada","2021A000011124","Unemployment","Total - Gender","15 years and over","Estimate","Seasonally adjusted","Persons in thousands","428","thousands","3","v2062814","1.6.1.1.1.1","1225.5","","","","1"
"2017-10","Canada","2021A000011124","Unemployment","Total - Gender","15 years and over","Estimate","Seasonally adjusted","Persons in thousands","428","thousands","3","v2062814","1.6.1.1.1.1","1246.8","","","","1"
"2017-11","Canada","2021A000011124","Unemployment","Total - Gender","15 years and over","Estimate","Seasonally adjusted","Persons in thousands","428","thousands","3","v2062814","1.6.1.1.1.1","1215.7","","","","1"
"2017-12","Canada","2021A000011124","Unemployment","Total - Gender","15 years and over","Estimate","Seasonally adjusted","Persons in thousands","428","thousands","3","v2062814","1.6.1.1.1.1","1198.3","","","","1"
"2018-01","Canada","2021A000011124","Unemployment","Total - Gender","15 years and over","Estimate","Seasonally adjusted","Persons in thousands","428","thousands","3","v2062814","1.6.1.1.1.1","1168.9","","","","1"
"2018-02","Canada","2021A000011124","Unemployment","Total - Gender","15 years and over","Estimate","Seasonally adjusted","Persons in thousands","428","thousands","3","v2062814","1.6.1.1.1.1","1188.3","","","","1"
"2018-03","Canada","2021A000011124","Unemployment","Total - Gender","15 years and over","Estimate","Seasonally adjusted","Persons in thousands","428","thousands","3","v2062814","1.6.1.1.1.1","1155.0","","","","1"
"2018-04","Canada","2021A000011124","Unemployment","Total - Gender","15 years and over","Estimate","Seasonally adjusted","Persons in thousands","428","thousands","3","v2062814","1.6.1.1.1.1","1144.1","","","","1"
"2018-05","Canada","2021A000011124","Unemployment","Total - Gender","15 years and over","Estimate","Seasonally adjusted","Persons in thousands","428","thousands","3","v2062814","1.6.1.1.1.1","1160.2","","","","1"
"2018-06","Canada","2021A000011124","Unemployment","Total - Gender","15 years and over","Estimate","Seasonally adjusted","Persons in thousands","428","thousands","3","v2062814","1.6.1.1.1.1","1183.6","","","","1"
"2018-07","Canada","2021A000011124","Unemployment","Total - Gender","15 years and over","Estimate","Seasonally adjusted","Persons in thousands","428","thousands","3","v2062814","1.6.1.1.1.1","1172.4","","","","1"
"2018-08","Canada","2021A000011124","Unemployment","Total - Gender","15 years and over","Estimate","Seasonally adjusted","Persons in thousands","428","thousands","3","v2062814","1.6.1.1.1.1","1196.2","","","","1"
"2018-09","Canada","2021A000011124","Unemployment","Total - Gender","15 years and over","Estimate","Seasonally adjusted","Persons in thousands","428","thousands","3","v2062814","1.6.1.1.1.1","1150.6","","","","1"
"2018-10","Canada","2021A000011124","Unemployment","Total - Gender","15 years and over","Estimate","Seasonally adjusted","Persons in thousands","428","thousands","3","v2062814","1.6.1.1.1.1","1118.4","","","","1"
"2018-11","Canada","2021A000011124","Unemployment","Total - Gender","15 years and over","Estimate","Seasonally adjusted","Persons in thousands","428","thousands","3","v2062814","1.6.1.1.1.1","1136.5","","","","1"
"2018-12","Canada","2021A000011124","Unemployment","Total - Gender","15 years and over","Estimate","Seasonally adjusted","Persons in thousands","428","thousands","3","v2062814","1.6.1.1.1.1","1129.8","","","","1"
"2019-01","Canada","2021A000011124","Unemployment","Total - Gender","15 years and over","Estimate","Seasonally adjusted","Persons in thousands","428","thousands","3","v2062814","1.6.1.1.1.1","1147.8","","","","1"
"2019-02","Canada","2021A000011124","Unemployment","Total - Gender","15 years and over","Estimate","Seasonally adjusted","Persons in thousands","428","thousands","3","v2062814","1.6.1.1.1.1","1165.0","","","","1"
"2019-03","Canada","2021A000011124","Unemployment","Total - Gender","15 years and over","Estimate","Seasonally adjusted","Persons in thousands","428","thousands","3","v2062814","1.6.1.1.1.1","1176.2","","","","1"
"2019-04","Canada","2021A000011124","Unemployment","Total - Gender","15 years and over","Estimate","Seasonally adjusted","Persons in thousands","428","thousands","3","v2062814","1.6.1.1.1.1","1154.5","","","","1"
"2019-05","Canada","2021A000011124","Unemployment","Total - Gender","15 years and over","Estimate","Seasonally adjusted","Persons in thousands","428","thousands","3","v2062814","1.6.1.1.1.1","1103.1","","","","1"
"2019-06","Canada","2021A000011124","Unemployment","Total - Gender","15 years and over","Estimate","Seasonally adjusted","Persons in thousands","428","thousands","3","v2062814","1.6.1.1.1.1","1121.2","","","","1"
"2019-07","Canada","2021A000011124","Unemployment","Total - Gender","15 years and over","Estimate","Seasonally adjusted","Persons in thousands","428","thousands","3","v2062814","1.6.1.1.1.1","1162.0","","","","1"
"2019-08","Canada","2021A000011124","Unemployment","Total - Gender","15 years and over","Estimate","Seasonally adjusted","Persons in thousands","428","thousands","3","v2062814","1.6.1.1.1.1","1166.3","","","","1"
"2019-09","Canada","2021A000011124","Unemployment","Total - Gender","15 years and over","Estimate","Seasonally adjusted","Persons in thousands","428","thousands","3","v2062814","1.6.1.1.1.1","1139.4","","","","1"
"2019-10","Canada","2021A000011124","Unemployment","Total - Gender","15 years and over","Estimate","Seasonally adjusted","Persons in thousands","428","thousands","3","v2062814","1.6.1.1.1.1","1143.6","","","","1"
"2019-11","Canada","2021A000011124","Unemployment","Total - Gender","15 years and over","Estimate","Seasonally adjusted","Persons in thousands","428","thousands","3","v2062814","1.6.1.1.1.1","1197.0","","","","1"
"2019-12","Canada","2021A000011124","Unemployment","Total - Gender","15 years and over","Estimate","Seasonally adjusted","Persons in thousands","428","thousands","3","v2062814","1.6.1.1.1.1","1139.7","","","","1"
"2020-01","Canada","2021A000011124","Unemployment","Total - Gender","15 years and over","Estimate","Seasonally adjusted","Persons in thousands","428","thousands","3","v2062814","1.6.1.1.1.1","1121.5","","","","1"
"2020-02","Canada","2021A000011124","Unemployment","Total - Gender","15 years and over","Estimate","Seasonally adjusted","Persons in thousands","428","thousands","3","v2062814","1.6.1.1.1.1","1182.0","","","","1"
"2020-03","Canada","2021A000011124","Unemployment","Total - Gender","15 years and over","Estimate","Seasonally adjusted","Persons in thousands","428","thousands","3","v2062814","1.6.1.1.1.1","1667.0","","","","1"
"2020-04","Canada","2021A000011124","Unemployment","Total - Gender","15 years and over","Estimate","Seasonally adjusted","Persons in thousands","428","thousands","3","v2062814","1.6.1.1.1.1","2545.7","","","","1"
"2020-05","Canada","2021A000011124","Unemployment","Total - Gender","15 years and over","Estimate","Seasonally adjusted","Persons in thousands","428","thousands","3","v2062814","1.6.1.1.1.1","2720.5","","","","1"
"2020-06","Canada","2021A000011124","Unemployment","Total - Gender","15 years and over","Estimate","Seasonally adjusted","Persons in thousands","428","thousands","3","v2062814","1.6.1.1.1.1","2508.3","","","","1"
"2020-07","Canada","2021A000011124","Unemployment","Total - Gender","15 years and over","Estimate","Seasonally adjusted","Persons in thousands","428","thousands","3","v2062814","1.6.1.1.1.1","2198.4","","","","1"
"2020-08","Canada","2021A000011124","Unemployment","Total - Gender","15 years and over","Estimate","Seasonally adjusted","Persons in thousands","428","thousands","3","v2062814","1.6.1.1.1.1","2034.8","","","","1"
"2020-09","Canada","2021A000011124","Unemployment","Total - Gender","15 years and over","Estimate","Seasonally adjusted","Persons in thousands","428","thousands","3","v2062814","1.6.1.1.1.1","1862.3","","","","1"
"2020-10","Canada","2021A000011124","Unemployment","Total - Gender","15 years and over","Estimate","Seasonally adjusted","Persons in thousands","428","thousands","3","v2062814","1.6.1.1.1.1","1835.1","","","","1"
"2020-11","Canada","2021A000011124","Unemployment","Total - Gender","15 years and over","Estimate","Seasonally adjusted","Persons in thousands","428","thousands","3","v2062814","1.6.1.1.1.1","1756.7","","","","1"
"2020-12","Canada","2021A000011124","Unemployment","Total - Gender","15 years and over","Estimate","Seasonally adjusted","Persons in thousands","428","thousands","3","v2062814","1.6.1.1.1.1","1812.7","","","","1"
"2021-01","Canada","2021A000011124","Unemployment","Total - Gender","15 years and over","Estimate","Seasonally adjusted","Persons in thousands","428","thousands","3","v2062814","1.6.1.1.1.1","1863.4","","","","1"
"2021-02","Canada","2021A000011124","Unemployment","Total - Gender","15 years and over","Estimate","Seasonally adjusted","Persons in thousands","428","thousands","3","v2062814","1.6.1.1.1.1","1729.0","","","","1"
"2021-03","Canada","2021A000011124","Unemployment","Total - Gender","15 years and over","Estimate","Seasonally adjusted","Persons in thousands","428","thousands","3","v2062814","1.6.1.1.1.1","1576.9","","","","1"
"2021-04","Canada","2021A000011124","Unemployment","Total - Gender","15 years and over","Estimate","Seasonally adjusted","Persons in thousands","428","thousands","3","v2062814","1.6.1.1.1.1","1677.1","","","","1"
"2021-05","Canada","2021A000011124","Unemployment","Total - Gender","15 years and over","Estimate","Seasonally adjusted","Persons in thousands","428","thousands","3","v2062814","1.6.1.1.1.1","1681.2","","","","1"
"2021-06","Canada","2021A000011124","Unemployment","Total - Gender","15 years and over","Estimate","Seasonally adjusted","Persons in thousands","428","thousands","3","v2062814","1.6.1.1.1.1","1620.0","","","","1"
"2021-07","Canada","2021A000011124","Unemployment","Total - Gender","15 years and over","Estimate","Seasonally adjusted","Persons in thousands","428","thousands","3","v2062814","1.6.1.1.1.1","1524.0","","","","1"
"2021-08","Canada","2021A000011124","Unemployment","Total - Gender","15 years and over","Estimate","Seasonally adjusted","Persons in thousands","428","thousands","3","v2062814","1.6.1.1.1.1","1467.1","","","","1"
"2021-09","Canada","2021A000011124","Unemployment","Total - Gender","15 years and over","Estimate","Seasonally adjusted","Persons in thousands","428","thousands","3","v2062814","1.6.1.1.1.1","1454.5","","","","1"
"2021-10","Canada","2021A000011124","Unemployment","Total - Gender","15 years and over","Estimate","Seasonally adjusted","Persons in thousands","428","thousands","3","v2062814","1.6.1.1.1.1","1336.2","","","","1"
"2021-11","Canada","2021A000011124","Unemployment","Total - Gender","15 years and over","Estimate","Seasonally adjusted","Persons in thousands","428","thousands","3","v2062814","1.6.1.1.1.1","1262.2","","","","1"
"2021-12","Canada","2021A000011124","Unemployment","Total - Gender","15 years and over","Estimate","Seasonally adjusted","Persons in thousands","428","thousands","3","v2062814","1.6.1.1.1.1","1232.4","","","","1"
"2022-01","Canada","2021A000011124","Unemployment","Total - Gender","15 years and over","Estimate","Seasonally adjusted","Persons in thousands","428","thousands","3","v2062814","1.6.1.1.1.1","1325.4","","","","1"
"2022-02","Canada","2021A000011124","Unemployment","Total - Gender","15 years and over","Estimate","Seasonally adjusted","Persons in thousands","428","thousands","3","v2062814","1.6.1.1.1.1","1135.6","","","","1"
"2022-03","Canada","2021A000011124","Unemployment","Total - Gender","15 years and over","Estimate","Seasonally adjusted","Persons in thousands","428","thousands","3","v2062814","1.6.1.1.1.1","1114.9","","","","1"
"2022-04","Canada","2021A000011124","Unemployment","Total - Gender","15 years and over","Estimate","Seasonally adjusted","Persons in thousands","428","thousands","3","v2062814","1.6.1.1.1.1","1116.5","","","","1"
"2022-05","Canada","2021A000011124","Unemployment","Total - Gender","15 years and over","Estimate","Seasonally adjusted","Persons in thousands","428","thousands","3","v2062814","1.6.1.1.1.1","1084.2","","","","1"
"2022-06","Canada","2021A000011124","Unemployment","Total - Gender","15 years and over","Estimate","Seasonally adjusted","Persons in thousands","428","thousands","3","v2062814","1.6.1.1.1.1","1027.4","","","","1"
"2022-07","Canada","2021A000011124","Unemployment","Total - Gender","15 years and over","Estimate","Seasonally adjusted","Persons in thousands","428","thousands","3","v2062814","1.6.1.1.1.1","1007.1","","","","1"
"2022-08","Canada","2021A000011124","Unemployment","Total - Gender","15 years and over","Estimate","Seasonally adjusted","Persons in thousands","428","thousands","3","v2062814","1.6.1.1.1.1","1083.9","","","","1"
"2022-09","Canada","2021A000011124","Unemployment","Total - Gender","15 years and over","Estimate","Seasonally adjusted","Persons in thousands","428","thousands","3","v2062814","1.6.1.1.1.1","1066.6","","","","1"
"2022-10","Canada","2021A000011124","Unemployment","Total - Gender","15 years and over","Estimate","Seasonally adjusted","Persons in thousands","428","thousands","3","v2062814","1.6.1.1.1.1","1072.5","","","","1"
"2022-11","Canada","2021A000011124","Unemployment","Total - Gender","15 years and over","Estimate","Seasonally adjusted","Persons in thousands","428","thousands","3","v2062814","1.6.1.1.1.1","1058.7","","","","1"
"2022-12","Canada","2021A000011124","Unemployment","Total - Gender","15 years and over","Estimate","Seasonally adjusted","Persons in thousands","428","thousands","3","v2062814","1.6.1.1.1.1","1051.1","","","","1"
"2023-01","Canada","2021A000011124","Unemployment","Total - Gender","15 years and over","Estimate","Seasonally adjusted","Persons in thousands","428","thousands","3","v2062814","1.6.1.1.1.1","1083.7","","","","1"
"2023-02","Canada","2021A000011124","Unemployment","Total - Gender","15 years and over","Estimate","Seasonally adjusted","Persons in thousands","428","thousands","3","v2062814","1.6.1.1.1.1","1096.3","","","","1"
"2023-03","Canada","2021A000011124","Unemployment","Total - Gender","15 years and over","Estimate","Seasonally adjusted","Persons in thousands","428","thousands","3","v2062814","1.6.1.1.1.1","1079.2","","","","1"
"2023-04","Canada","2021A000011124","Unemployment","Total - Gender","15 years and over","Estimate","Seasonally adjusted","Persons in thousands","428","thousands","3","v2062814","1.6.1.1.1.1","1080.7","","","","1"
"2023-05","Canada","2021A000011124","Unemployment","Total - Gender","15 years and over","Estimate","Seasonally adjusted","Persons in thousands","428","thousands","3","v2062814","1.6.1.1.1.1","1111.3","","","","1"
"2023-06","Canada","2021A000011124","Unemployment","Total - Gender","15 years and over","Estimate","Seasonally adjusted","Persons in thousands","428","thousands","3","v2062814","1.6.1.1.1.1","1153.2","","","","1"
"2023-07","Canada","2021A000011124","Unemployment","Total - Gender","15 years and over","Estimate","Seasonally adjusted","Persons in thousands","428","thousands","3","v2062814","1.6.1.1.1.1","1172.2","","","","1"
"2023-08","Canada","2021A000011124","Unemployment","Total - Gender","15 years and over","Estimate","Seasonally adjusted","Persons in thousands","428","thousands","3","v2062814","1.6.1.1.1.1","1164.7","","","","1"
"2023-09","Canada","2021A000011124","Unemployment","Total - Gender","15 years and over","Estimate","Seasonally adjusted","Persons in thousands","428","thousands","3","v2062814","1.6.1.1.1.1","1181.4","","","","1"
"2023-10","Canada","2021A000011124","Unemployment","Total - Gender","15 years and over","Estimate","Seasonally adjusted","Persons in thousands","428","thousands","3","v2062814","1.6.1.1.1.1","1235.9","","","","1"
"2023-11","Canada","2021A000011124","Unemployment","Total - Gender","15 years and over","Estimate","Seasonally adjusted","Persons in thousands","428","thousands","3","v2062814","1.6.1.1.1.1","1253.3","","","","1"
"2023-12","Canada","2021A000011124","Unemployment","Total - Gender","15 years and over","Estimate","Seasonally adjusted","Persons in thousands","428","thousands","3","v2062814","1.6.1.1.1.1","1263.3","","","","1"
"2024-01","Canada","2021A000011124","Unemployment","Total - Gender","15 years and over","Estimate","Seasonally adjusted","Persons in thousands","428","thousands","3","v2062814","1.6.1.1.1.1","1246.4","","","","1"
"2024-02","Canada","2021A000011124","Unemployment","Total - Gender","15 years and over","Estimate","Seasonally adjusted","Persons in thousands","428","thousands","3","v2062814","1.6.1.1.1.1","1300.9","","","","1"
"2024-03","Canada","2021A000011124","Unemployment","Total - Gender","15 years and over","Estimate","Seasonally adjusted","Persons in thousands","428","thousands","3","v2062814","1.6.1.1.1.1","1350.4","","","","1"
"2024-04","Canada","2021A000011124","Unemployment","Total - Gender","15 years and over","Estimate","Seasonally adjusted","Persons in thousands","428","thousands","3","v2062814","1.6.1.1.1.1","1360.6","","","","1"
"2024-05","Canada","2021A000011124","Unemployment","Total - Gender","15 years and over","Estimate","Seasonally adjusted","Persons in thousands","428","thousands","3","v2062814","1.6.1.1.1.1","1380.7","","","","1"
"2024-06","Canada","2021A000011124","Unemployment","Total - Gender","15 years and over","Estimate","Seasonally adjusted","Persons in thousands","428","thousands","3","v2062814","1.6.1.1.1.1","1423.0","","","","1"
"2024-07","Canada","2021A000011124","Unemployment","Total - Gender","15 years and over","Estimate","Seasonally adjusted","Persons in thousands","428","thousands","3","v2062814","1.6.1.1.1.1","1422.2","","","","1"
"2024-08","Canada","2021A000011124","Unemployment","Total - Gender","15 years and over","Estimate","Seasonally adjusted","Persons in thousands","428","thousands","3","v2062814","1.6.1.1.1.1","1460.1","","","","1"
"2024-09","Canada","2021A000011124","Unemployment","Total - Gender","15 years and over","Estimate","Seasonally adjusted","Persons in thousands","428","thousands","3","v2062814","1.6.1.1.1.1","1435.9","","","","1"
"2024-10","Canada","2021A000011124","Unemployment","Total - Gender","15 years and over","Estimate","Seasonally adjusted","Persons in thousands","428","thousands","3","v2062814","1.6.1.1.1.1","1467.3","","","","1"
"2024-11","Canada","2021A000011124","Unemployment","Total - Gender","15 years and over","Estimate","Seasonally adjusted","Persons in thousands","428","thousands","3","v2062814","1.6.1.1.1.1","1559.7","","","","1"
"2024-12","Canada","2021A000011124","Unemployment","Total - Gender","15 years and over","Estimate","Seasonally adjusted","Persons in thousands","428","thousands","3","v2062814","1.6.1.1.1.1","1502.6","","","","1"
"2025-01","Canada","2021A000011124","Unemployment","Total - Gender","15 years and over","Estimate","Seasonally adjusted","Persons in thousands","428","thousands","3","v2062814","1.6.1.1.1.1","1495.3","","","","1"
"2025-02","Canada","2021A000011124","Unemployment","Total - Gender","15 years and over","Estimate","Seasonally adjusted","Persons in thousands","428","thousands","3","v2062814","1.6.1.1.1.1","1483.8","","","","1"
"2025-03","Canada","2021A000011124","Unemployment","Total - Gender","15 years and over","Estimate","Seasonally adjusted","Persons in thousands","428","thousands","3","v2062814","1.6.1.1.1.1","1520.6","","","","1"
"2025-04","Canada","2021A000011124","Unemployment","Total - Gender","15 years and over","Estimate","Seasonally adjusted","Persons in thousands","428","thousands","3","v2062814","1.6.1.1.1.1","1553.5","","","","1"
"2025-05","Canada","2021A000011124","Unemployment","Total - Gender","15 years and over","Estimate","Seasonally adjusted","Persons in thousands","428","thousands","3","v2062814","1.6.1.1.1.1","1571.0","","","","1"
"2025-06","Canada","2021A000011124","Unemployment","Total - Gender","15 years and over","Estimate","Seasonally adjusted","Persons in thousands","428","thousands","3","v2062814","1.6.1.1.1.1","1548.4","","","","1"
"2025-07","Canada","2021A000011124","Unemployment","Total - Gender","15 years and over","Estimate","Seasonally adjusted","Persons in thousands","428","thousands","3","v2062814","1.6.1.1.1.1","1559.9","","","","1"
"2025-08","Canada","2021A000011124","Unemployment","Total - Gender","15 years and over","Estimate","Seasonally adjusted","Persons in thousands","428","thousands","3","v2062814","1.6.1.1.1.1","1590.1","","","","1"
"2025-09","Canada","2021A000011124","Unemployment","Total - Gender","15 years and over","Estimate","Seasonally adjusted","Persons in thousands","428","thousands","3","v2062814","1.6.1.1.1.1","1596.1","","","","1"
"2025-10","Canada","2021A000011124","Unemployment","Total - Gender","15 years and over","Estimate","Seasonally adjusted","Persons in thousands","428","thousands","3","v2062814","1.6.1.1.1.1","1550.7","","","","1"
"2025-11","Canada","2021A000011124","Unemployment","Total - Gender","15 years and over","Estimate","Seasonally adjusted","Persons in thousands","428","thousands","3","v2062814","1.6.1.1.1.1","1483.9","","","","1"
"2025-12","Canada","2021A000011124","Unemployment","Total - Gender","15 years and over","Estimate","Seasonally adjusted","Persons in thousands","428","thousands","3","v2062814","1.6.1.1.1.1","1551.7","","","","1"


